"","Timestamp","Machine","Temperature","Pressure","PartLength","PartResistance"
"1",2022-03-08 00:00:00,1,303,100,47.9737293553261,5.79749227777198
"2",2022-03-08 00:00:05,1,303,100,48.4554766107746,6.07156527697993
"3",2022-03-08 00:00:10,1,303,100,49.3750352005576,5.90075211147981
"4",2022-03-08 00:00:15,1,303,100,48.7567349724625,5.36189315742525
"5",2022-03-08 00:00:20,1,303,100,50.4539916297119,5.42491607581244
"6",2022-03-08 00:00:25,1,303,100,49.1009985402436,5.48247291848275
"7",2022-03-08 00:00:30,1,303,100,48.5810155156518,5.28410159262759
"8",2022-03-08 00:00:35,1,303,100,47.8700063627602,5.64836124667376
"9",2022-03-08 00:00:40,1,303,100,50.047395052926,5.38742631911744
"10",2022-03-08 00:00:45,1,303,100,50.9485910496502,5.77945523108059
"11",2022-03-08 00:00:50,1,303,100,47.9991506975073,6.24046635329616
"12",2022-03-08 00:00:55,1,303,100,50.5296786759216,4.81491457691613
"13",2022-03-08 00:01:00,1,303,100,50.2522244589806,5.69569164122346
"14",2022-03-08 00:01:05,1,303,100,49.8300242131931,5.78297456119427
"15",2022-03-08 00:01:10,1,303,100,49.8615319722173,5.43502855478569
"16",2022-03-08 00:01:15,1,303,100,51.5401560470333,5.30359813050628
"17",2022-03-08 00:01:20,1,303,100,47.3581284203012,5.47184440184946
"18",2022-03-08 00:01:25,1,303,100,51.761793469189,5.44561655545094
"19",2022-03-08 00:01:30,1,303,100,49.8162165873297,5.62055595938787
"20",2022-03-08 00:01:35,1,303,100,49.5465708593807,5.45061486392359
"21",2022-03-08 00:01:40,1,303,100,49.5339806885625,5.17920241014489
"22",2022-03-08 00:01:45,1,303,100,49.2550844459652,5.46221367056265
"23",2022-03-08 00:01:50,1,303,100,49.7219874209443,5.25075713168741
"24",2022-03-08 00:01:55,1,303,100,50.2543660234611,5.5983040061375
"25",2022-03-08 00:02:00,1,303,100,51.6434516936982,5.84977769602828
"26",2022-03-08 00:02:05,1,303,100,49.8920986378239,6.02080168800793
"27",2022-03-08 00:02:10,1,303,100,49.9561708853111,6.19178920604702
"28",2022-03-08 00:02:15,1,303,100,50.5295452472858,5.59674079088236
"29",2022-03-08 00:02:20,1,303,100,50.011971911863,5.2093916640178
"30",2022-03-08 00:02:25,1,303,100,49.0558923610433,5.90660025128426
"31",2022-03-08 00:02:30,1,303,100,50.2623668299333,5.91011776442817
"32",2022-03-08 00:02:35,1,303,100,48.6994680452084,5.60919251920999
"33",2022-03-08 00:02:40,1,303,100,49.5017783710156,5.36152383916898
"34",2022-03-08 00:02:45,1,303,100,49.3788211775347,6.35476113180984
"35",2022-03-08 00:02:50,1,303,100,50.6532371688828,5.67250731861327
"36",2022-03-08 00:02:55,1,303,100,50.059618239005,5.10295730528945
"37",2022-03-08 00:03:00,1,303,100,49.8955377112575,5.52379841799327
"38",2022-03-08 00:03:05,1,303,100,48.1655351428576,5.09700709455877
"39",2022-03-08 00:03:10,1,303,100,50.45665279574,5.83954919913497
"40",2022-03-08 00:03:15,1,303,100,49.0173092699929,5.40816621703339
"41",2022-03-08 00:03:20,1,303,100,51.2446420087816,5.74042670052408
"42",2022-03-08 00:03:25,1,303,100,49.7568504976189,5.31642485951084
"43",2022-03-08 00:03:30,1,303,100,50.4091893466609,5.81648445719323
"44",2022-03-08 00:03:35,1,303,100,50.1989131838239,5.52284663811865
"45",2022-03-08 00:03:40,1,303,100,51.0137605809902,5.85933466506155
"46",2022-03-08 00:03:45,1,303,100,49.7385235121065,6.0986111873049
"47",2022-03-08 00:03:50,1,303,100,48.9740378325791,5.80654066607892
"48",2022-03-08 00:03:55,1,303,100,49.9719771693563,5.64051808147749
"49",2022-03-08 00:04:00,1,303,100,50.4486112070267,5.38932967868144
"50",2022-03-08 00:04:05,1,303,100,50.9468040492003,5.26227061265326
"51",2022-03-08 00:04:10,1,303,100,52.1615241962411,5.28512046838379
"52",2022-03-08 00:04:15,1,303,100,48.477059485082,5.66195536146045
"53",2022-03-08 00:04:20,1,303,100,48.0979746856704,5.50908563197145
"54",2022-03-08 00:04:25,1,303,100,50.5934379422878,5.31787518507719
"55",2022-03-08 00:04:30,1,303,100,50.2705616088993,5.4944841744249
"56",2022-03-08 00:04:35,1,303,100,49.9640162691054,5.54170789918765
"57",2022-03-08 00:04:40,1,303,100,50.0500522703038,6.33588233220219
"58",2022-03-08 00:04:45,1,303,100,51.9207436772227,5.61918670418543
"59",2022-03-08 00:04:50,1,303,100,49.3711154455862,5.28322981044494
"60",2022-03-08 00:04:55,1,303,100,49.3717116690363,5.49107054854708
"61",2022-03-08 00:05:00,1,303,100,50.7345710008013,5.8942544027068
"62",2022-03-08 00:05:05,1,303,100,50.466737318496,5.51264145097474
"63",2022-03-08 00:05:10,1,303,100,50.60162162778,6.0491146410249
"64",2022-03-08 00:05:15,1,303,100,50.3344246328819,5.77465328010678
"65",2022-03-08 00:05:20,1,303,100,51.4977566056677,5.91411890952106
"66",2022-03-08 00:05:25,1,303,100,49.5426146904003,5.59695568110155
"67",2022-03-08 00:05:30,1,303,100,50.1118583526035,5.93518033827678
"68",2022-03-08 00:05:35,1,303,100,48.5191054647615,5.45627378807211
"69",2022-03-08 00:05:40,1,303,100,48.9953811612468,5.54525024176023
"70",2022-03-08 00:05:45,1,303,100,48.8696335236617,5.61937087020371
"71",2022-03-08 00:05:50,1,303,100,51.8495975580985,5.33465349948303
"72",2022-03-08 00:05:55,1,303,100,48.6065457727147,5.90031692416524
"73",2022-03-08 00:06:00,1,303,100,50.2137092166704,4.9552870182464
"74",2022-03-08 00:06:05,1,303,100,49.4386404512299,5.61794106953443
"75",2022-03-08 00:06:10,1,303,100,49.1942383960556,5.37019631397256
"76",2022-03-08 00:06:15,1,303,100,49.3110365481316,6.19579815782502
"77",2022-03-08 00:06:20,1,303,100,50.5034950151183,5.27449481329511
"78",2022-03-08 00:06:25,1,303,100,49.2290850395778,5.00580277208774
"79",2022-03-08 00:06:30,1,303,100,49.2625370459144,5.88953345900637
"80",2022-03-08 00:06:35,1,303,100,49.264631956323,5.87897773403509
"81",2022-03-08 00:06:40,1,303,100,47.5812283643353,5.52866663854819
"82",2022-03-08 00:06:45,1,303,100,51.2209397969281,5.82711805657898
"83",2022-03-08 00:06:50,1,303,100,50.6138689167873,5.88530375611964
"84",2022-03-08 00:06:55,1,303,100,49.4930375795399,5.54720673225802
"85",2022-03-08 00:07:00,1,303,100,49.3842683167554,4.99786727306073
"86",2022-03-08 00:07:05,1,303,100,48.7551462189687,5.72637744556903
"87",2022-03-08 00:07:10,1,303,100,49.295446359335,5.84813682767331
"88",2022-03-08 00:07:15,1,303,100,49.7500253637075,5.51458382573292
"89",2022-03-08 00:07:20,1,303,100,49.4206617949121,5.58684523353887
"90",2022-03-08 00:07:25,1,303,100,49.558438046133,5.5584465109714
"91",2022-03-08 00:07:30,1,303,100,51.3389434004647,5.29119971204898
"92",2022-03-08 00:07:35,1,303,100,48.7056111651665,5.56197420288723
"93",2022-03-08 00:07:40,1,303,100,48.1111348840868,5.95934702243145
"94",2022-03-08 00:07:45,1,303,100,49.7502092213128,4.77310883490592
"95",2022-03-08 00:07:50,1,303,100,49.8500993686582,5.34320277845237
"96",2022-03-08 00:07:55,1,303,100,49.3446028441992,5.4598981489254
"97",2022-03-08 00:08:00,1,303,100,49.6979683883245,6.09163574106554
"98",2022-03-08 00:08:05,1,303,100,48.9918089258223,5.45823746623603
"99",2022-03-08 00:08:10,1,303,100,49.1705587769216,5.55474030786427
"100",2022-03-08 00:08:15,1,303,100,50.1227014134067,5.67791103316368
"101",2022-03-08 00:08:20,1,303,100,48.6981026977391,4.40505411976205
"102",2022-03-08 00:08:25,1,303,100,51.2426432381873,5.03295628750491
"103",2022-03-08 00:08:30,1,303,100,48.9849485069786,5.12375791811635
"104",2022-03-08 00:08:35,1,303,100,47.9873546778938,5.22317143022495
"105",2022-03-08 00:08:40,1,303,100,49.0835576452472,5.89748517338832
"106",2022-03-08 00:08:45,1,303,100,50.1656343744024,5.67744227897954
"107",2022-03-08 00:08:50,1,303,100,49.9413210283016,5.80251417756531
"108",2022-03-08 00:08:55,1,303,100,49.5351658415572,5.15523113466371
"109",2022-03-08 00:09:00,1,303,100,50.331231382344,6.08881171415133
"110",2022-03-08 00:09:05,1,303,100,48.8155368224731,4.71147726261049
"111",2022-03-08 00:09:10,1,303,100,49.5128209182859,5.08383771297416
"112",2022-03-08 00:09:15,1,303,100,50.3904509605804,6.14041235749135
"113",2022-03-08 00:09:20,1,303,100,48.9275878249328,5.24983647989702
"114",2022-03-08 00:09:25,1,303,100,50.0967013078866,5.81963583676008
"115",2022-03-08 00:09:30,1,303,100,49.0609062874322,5.35187600514659
"116",2022-03-08 00:09:35,1,303,100,49.38184580839,5.51313860457044
"117",2022-03-08 00:09:40,1,303,100,51.3703753821476,5.98731332915542
"118",2022-03-08 00:09:45,1,303,100,48.6237049316775,5.06800451077458
"119",2022-03-08 00:09:50,1,303,100,48.1875515427652,5.09175269185224
"120",2022-03-08 00:09:55,1,303,100,49.1231293094413,5.75027146341957
"121",2022-03-08 00:10:00,1,303,100,51.02204595838,5.45231662011612
"122",2022-03-08 00:10:05,1,303,100,49.6494051360986,5.44503109441722
"123",2022-03-08 00:10:10,1,303,100,49.956983369747,5.14928800430641
"124",2022-03-08 00:10:15,1,303,100,49.7948249419191,6.30752667854232
"125",2022-03-08 00:10:20,1,303,100,49.9571823651638,5.37817201853443
"126",2022-03-08 00:10:25,1,303,100,47.5379647780194,5.32780960710754
"127",2022-03-08 00:10:30,1,303,100,47.2691261297152,5.08751659797832
"128",2022-03-08 00:10:35,1,303,100,50.3631074707557,4.62565225387024
"129",2022-03-08 00:10:40,1,303,100,49.9210779658304,5.59521778793455
"130",2022-03-08 00:10:45,1,303,100,48.9291782489436,5.44614586030384
"131",2022-03-08 00:10:50,1,303,100,51.6476541995467,5.76013600217664
"132",2022-03-08 00:10:55,1,303,100,49.181195206809,5.44307190485974
"133",2022-03-08 00:11:00,1,303,100,48.8890932917948,5.27272490776927
"134",2022-03-08 00:11:05,1,303,100,48.9367115747202,5.80707490577473
"135",2022-03-08 00:11:10,1,303,100,49.3328112026276,5.74331456037468
"136",2022-03-08 00:11:15,1,303,100,49.1987763313288,5.70329829823985
"137",2022-03-08 00:11:20,1,303,100,49.9778602240298,6.07572279981696
"138",2022-03-08 00:11:25,1,303,100,49.9681657161448,5.81562242559723
"139",2022-03-08 00:11:30,1,303,100,50.396170718894,5.55469337291552
"140",2022-03-08 00:11:35,1,303,100,49.2011742956154,5.654437694523
"141",2022-03-08 00:11:40,1,303,100,49.9438966712599,5.11510949364508
"142",2022-03-08 00:11:45,1,303,100,50.8226525788245,6.26951979605059
"143",2022-03-08 00:11:50,1,303,100,50.5774791221553,5.94395431054471
"144",2022-03-08 00:11:55,1,303,100,49.2309517723475,5.41251487537556
"145",2022-03-08 00:12:00,1,303,100,49.7531307907516,5.81907247057471
"146",2022-03-08 00:12:05,1,303,100,50.4343761697668,5.64707163675371
"147",2022-03-08 00:12:10,1,303,100,49.7997822693508,5.4743259795228
"148",2022-03-08 00:12:15,1,303,100,48.1763229654199,5.01879519832812
"149",2022-03-08 00:12:20,1,303,100,50.2825239758352,5.51528471227546
"150",2022-03-08 00:12:25,1,303,100,51.2655348013295,4.83877919006346
"151",2022-03-08 00:12:30,1,303,100,49.1510882633919,5.71380517533852
"152",2022-03-08 00:12:35,1,303,100,49.4363973538126,5.25636465666873
"153",2022-03-08 00:12:40,1,303,100,49.9031582285551,5.40195388606123
"154",2022-03-08 00:12:45,1,303,100,50.9111475682763,5.42897502303501
"155",2022-03-08 00:12:50,1,303,100,50.4154508945872,5.39907448587691
"156",2022-03-08 00:12:55,1,303,100,48.7684240423788,5.34124380356279
"157",2022-03-08 00:13:00,1,303,100,51.2823140345788,5.6596328390617
"158",2022-03-08 00:13:05,1,303,100,48.0799610253294,5.51116207667755
"159",2022-03-08 00:13:10,1,303,100,49.7876234155271,5.00591519441346
"160",2022-03-08 00:13:15,1,303,100,48.3485770937957,5.53481106792023
"161",2022-03-08 00:13:20,1,303,100,50.0485921215571,5.34904821982088
"162",2022-03-08 00:13:25,1,303,100,49.0995739595511,5.65139018098346
"163",2022-03-08 00:13:30,1,303,100,49.3435155304275,4.51447326851826
"164",2022-03-08 00:13:35,1,303,100,49.445373376328,5.63896968005985
"165",2022-03-08 00:13:40,1,303,100,50.2994286036024,5.15412679708072
"166",2022-03-08 00:13:45,1,303,100,49.0885041427411,5.35295729920264
"167",2022-03-08 00:13:50,1,303,100,48.302578397477,5.41416006613658
"168",2022-03-08 00:13:55,1,303,100,49.2534550948382,5.43131231544139
"169",2022-03-08 00:14:00,1,303,100,47.3837455530843,5.19251790859719
"170",2022-03-08 00:14:05,1,303,100,51.053293263756,5.69235907829059
"171",2022-03-08 00:14:10,1,303,100,48.9370218269088,5.48815796777413
"172",2022-03-08 00:14:15,1,303,100,49.4129920108252,5.61409530807631
"173",2022-03-08 00:14:20,1,303,100,48.2839339817666,5.79433628726223
"174",2022-03-08 00:14:25,1,303,100,49.3012188023177,6.0391476507298
"175",2022-03-08 00:14:30,1,303,100,50.3057955471214,5.41082727047559
"176",2022-03-08 00:14:35,1,303,100,50.7606567106049,5.88463077622951
"177",2022-03-08 00:14:40,1,303,100,50.2604881559403,5.77748854685841
"178",2022-03-08 00:14:45,1,303,100,49.9546697664949,5.71719253497155
"179",2022-03-08 00:14:50,1,303,100,50.0607295717009,5.31616068873104
"180",2022-03-08 00:14:55,1,303,100,50.9363888646839,5.35743075215829
"181",2022-03-08 00:15:00,1,303,100,49.8331514163885,5.17362555216287
"182",2022-03-08 00:15:05,1,303,100,48.997583901112,5.37640902527526
"183",2022-03-08 00:15:10,1,303,100,48.6193573244012,5.04036686350302
"184",2022-03-08 00:15:15,1,303,100,49.0880894174033,5.82182338608246
"185",2022-03-08 00:15:20,1,303,100,48.381794254275,5.73952009112886
"186",2022-03-08 00:15:25,1,303,100,51.1558228133057,5.38706395872584
"187",2022-03-08 00:15:30,1,303,100,49.5095811357595,5.42399910299232
"188",2022-03-08 00:15:35,1,303,100,48.4085984691816,5.40984071642733
"189",2022-03-08 00:15:40,1,303,100,47.7231318290595,5.28701924932989
"190",2022-03-08 00:15:45,1,303,100,47.6988992815227,6.31813449245564
"191",2022-03-08 00:15:50,1,303,100,48.3963166992662,4.82271791218377
"192",2022-03-08 00:15:55,1,303,100,49.8794203676964,5.76341128046631
"193",2022-03-08 00:16:00,1,303,100,49.3371554391364,5.25477460283392
"194",2022-03-08 00:16:05,1,303,100,49.0420313864189,5.31595722721869
"195",2022-03-08 00:16:10,1,303,100,49.3344699171414,5.33369791945861
"196",2022-03-08 00:16:15,1,303,100,49.0740762135772,5.39784655111866
"197",2022-03-08 00:16:20,1,303,100,49.9358266876839,5.69235231539009
"198",2022-03-08 00:16:25,1,303,100,51.4276196292733,6.05975167455203
"199",2022-03-08 00:16:30,1,303,100,49.3549036658686,5.38026741169473
"200",2022-03-08 00:16:35,1,303,100,51.3902783662791,5.8990072929212
"201",2022-03-09 00:00:00,1,303,200,49.9106800278005,4.93864951883441
"202",2022-03-09 00:00:05,1,303,200,50.121875062283,5.18465226146732
"203",2022-03-09 00:00:10,1,303,200,48.7309156478435,4.95269124598326
"204",2022-03-09 00:00:15,1,303,200,50.6811530995298,4.92220269551365
"205",2022-03-09 00:00:20,1,303,200,49.4474193391939,4.50035957743287
"206",2022-03-09 00:00:25,1,303,200,50.3104349046824,5.1204141437855
"207",2022-03-09 00:00:30,1,303,200,49.2859280208704,4.67550355511511
"208",2022-03-09 00:00:35,1,303,200,49.5869949610234,5.14658369636664
"209",2022-03-09 00:00:40,1,303,200,50.9173257427087,5.41861384715329
"210",2022-03-09 00:00:45,1,303,200,48.1346057042975,4.54128824088425
"211",2022-03-09 00:00:50,1,303,200,50.8215292902282,4.12989544453193
"212",2022-03-09 00:00:55,1,303,200,49.9634962363238,5.44923365797122
"213",2022-03-09 00:01:00,1,303,200,48.2712888022631,4.02900049703885
"214",2022-03-09 00:01:05,1,303,200,49.427536437246,5.13024822743161
"215",2022-03-09 00:01:10,1,303,200,49.1030690188771,4.63220978278297
"216",2022-03-09 00:01:15,1,303,200,50.3698524273393,4.8476804401355
"217",2022-03-09 00:01:20,1,303,200,48.0194476017552,4.35458391512895
"218",2022-03-09 00:01:25,1,303,200,49.4029528098675,4.8155716681767
"219",2022-03-09 00:01:30,1,303,200,50.4545324423606,4.54639340133679
"220",2022-03-09 00:01:35,1,303,200,47.7009712938311,4.65188016642543
"221",2022-03-09 00:01:40,1,303,200,48.6836403288134,4.59946004087014
"222",2022-03-09 00:01:45,1,303,200,47.9224666516376,5.05684244208242
"223",2022-03-09 00:01:50,1,303,200,49.2559756376662,4.78592726043436
"224",2022-03-09 00:01:55,1,303,200,50.5193664053775,4.38838365287383
"225",2022-03-09 00:02:00,1,303,200,50.8895330015452,4.62864354330969
"226",2022-03-09 00:02:05,1,303,200,50.158644051064,4.6081224527496
"227",2022-03-09 00:02:10,1,303,200,48.9109654663218,4.74393558507657
"228",2022-03-09 00:02:15,1,303,200,51.5167439963908,4.42091246435851
"229",2022-03-09 00:02:20,1,303,200,50.3091585443037,5.25883331883109
"230",2022-03-09 00:02:25,1,303,200,50.5012747264145,4.81066611062497
"231",2022-03-09 00:02:30,1,303,200,50.0759364167638,5.54410961039754
"232",2022-03-09 00:02:35,1,303,200,50.9039334621476,5.27444115731852
"233",2022-03-09 00:02:40,1,303,200,50.8985580559293,4.96990275245941
"234",2022-03-09 00:02:45,1,303,200,49.5146649309908,5.14841232609395
"235",2022-03-09 00:02:50,1,303,200,49.0922807167521,4.73769398440018
"236",2022-03-09 00:02:55,1,303,200,51.0160132462449,5.66381861003929
"237",2022-03-09 00:03:00,1,303,200,50.6408304992892,4.92369994974901
"238",2022-03-09 00:03:05,1,303,200,49.7081265646438,5.19509866583024
"239",2022-03-09 00:03:10,1,303,200,49.7934629894002,4.91564092537711
"240",2022-03-09 00:03:15,1,303,200,48.8884773562077,5.15336816106372
"241",2022-03-09 00:03:20,1,303,200,49.2666104381499,4.99679610152916
"242",2022-03-09 00:03:25,1,303,200,48.5174355628976,5.22449752646183
"243",2022-03-09 00:03:30,1,303,200,49.6121625750187,4.71318462373182
"244",2022-03-09 00:03:35,1,303,200,49.2560475665434,4.71060890550198
"245",2022-03-09 00:03:40,1,303,200,50.0667289231388,4.72197717231726
"246",2022-03-09 00:03:45,1,303,200,49.0397741946625,5.53039601445518
"247",2022-03-09 00:03:50,1,303,200,48.744117834192,4.55755019334298
"248",2022-03-09 00:03:55,1,303,200,50.0570076803782,4.77369303173539
"249",2022-03-09 00:04:00,1,303,200,50.3111485759009,5.35134730737875
"250",2022-03-09 00:04:05,1,303,200,49.7034314208245,5.26948084957584
"251",2022-03-09 00:04:10,1,303,200,50.1027162029822,4.85647469284772
"252",2022-03-09 00:04:15,1,303,200,50.2936880300248,5.67622302426125
"253",2022-03-09 00:04:20,1,303,200,48.1616110546692,5.17421172282182
"254",2022-03-09 00:04:25,1,303,200,50.1568649675581,5.08732055049644
"255",2022-03-09 00:04:30,1,303,200,48.7375107703749,4.97216593089011
"256",2022-03-09 00:04:35,1,303,200,49.4068832311402,4.55731795940397
"257",2022-03-09 00:04:40,1,303,200,50.4310873438499,4.12864605807571
"258",2022-03-09 00:04:45,1,303,200,49.4947815158717,4.32343675117352
"259",2022-03-09 00:04:50,1,303,200,49.6349930661459,4.58835333395386
"260",2022-03-09 00:04:55,1,303,200,49.8250699625357,5.49123066669943
"261",2022-03-09 00:05:00,1,303,200,49.3509047018661,5.09434302733362
"262",2022-03-09 00:05:05,1,303,200,49.3984647980726,4.64907535352917
"263",2022-03-09 00:05:10,1,303,200,48.1748793859928,5.31581938170352
"264",2022-03-09 00:05:15,1,303,200,50.3715961794239,4.71150586790525
"265",2022-03-09 00:05:20,1,303,200,49.7812646082174,5.07306239680225
"266",2022-03-09 00:05:25,1,303,200,50.0527688043571,4.37686758685261
"267",2022-03-09 00:05:30,1,303,200,49.0593321022139,4.72236114167425
"268",2022-03-09 00:05:35,1,303,200,50.0361732351661,4.81679702521121
"269",2022-03-09 00:05:40,1,303,200,49.0397288796739,5.28826122590982
"270",2022-03-09 00:05:45,1,303,200,48.3733284516559,5.47496298266019
"271",2022-03-09 00:05:50,1,303,200,49.9569307545942,4.72509905587466
"272",2022-03-09 00:05:55,1,303,200,48.9670137603971,5.04349853970932
"273",2022-03-09 00:06:00,1,303,200,50.2487771989385,5.25570850696566
"274",2022-03-09 00:06:05,1,303,200,48.983616436666,5.05875572511342
"275",2022-03-09 00:06:10,1,303,200,49.7696833204877,4.82387250909681
"276",2022-03-09 00:06:15,1,303,200,50.1441264736753,5.27512663104491
"277",2022-03-09 00:06:20,1,303,200,49.7594281527012,4.78945898979994
"278",2022-03-09 00:06:25,1,303,200,48.9448467659844,5.03110506736166
"279",2022-03-09 00:06:30,1,303,200,48.16069993886,4.9651993968108
"280",2022-03-09 00:06:35,1,303,200,50.5415762419173,4.7468645592114
"281",2022-03-09 00:06:40,1,303,200,50.9837889508197,5.0374772323604
"282",2022-03-09 00:06:45,1,303,200,50.0835053126727,4.18819785438563
"283",2022-03-09 00:06:50,1,303,200,49.040105456948,5.17928827272188
"284",2022-03-09 00:06:55,1,303,200,47.6868654522254,4.65349844250405
"285",2022-03-09 00:07:00,1,303,200,50.5343712737768,4.87686430294424
"286",2022-03-09 00:07:05,1,303,200,48.9889193509303,4.71616441076454
"287",2022-03-09 00:07:10,1,303,200,50.3793734879351,4.42523312234405
"288",2022-03-09 00:07:15,1,303,200,48.0265094238245,4.40681202835227
"289",2022-03-09 00:07:20,1,303,200,50.3548380059635,5.6957751648798
"290",2022-03-09 00:07:25,1,303,200,51.0195991462061,5.20410699128088
"291",2022-03-09 00:07:30,1,303,200,50.2176086317099,5.50985700046019
"292",2022-03-09 00:07:35,1,303,200,49.9061914909784,4.75788353008266
"293",2022-03-09 00:07:40,1,303,200,49.2573050096157,4.98427073274203
"294",2022-03-09 00:07:45,1,303,200,51.1608984916629,4.31289425832641
"295",2022-03-09 00:07:50,1,303,200,48.220118627421,5.18548490144895
"296",2022-03-09 00:07:55,1,303,200,47.7225356282339,5.08632983684994
"297",2022-03-09 00:08:00,1,303,200,51.4027405131889,5.66511945867644
"298",2022-03-09 00:08:05,1,303,200,50.8111281072591,4.83022734723328
"299",2022-03-09 00:08:10,1,303,200,50.1817695681321,4.5986003417477
"300",2022-03-09 00:08:15,1,303,200,49.3032369139504,5.05917847824334
"301",2022-03-09 00:08:20,1,303,200,49.2388981062775,5.20286201534154
"302",2022-03-09 00:08:25,1,303,200,49.8437642833506,5.34092129346323
"303",2022-03-09 00:08:30,1,303,200,50.8586378593087,5.71682591852188
"304",2022-03-09 00:08:35,1,303,200,51.8624751311296,4.88061817575711
"305",2022-03-09 00:08:40,1,303,200,48.9697002391041,4.86658146140309
"306",2022-03-09 00:08:45,1,303,200,48.7303448305376,4.71850954882132
"307",2022-03-09 00:08:50,1,303,200,48.122577917135,5.29507120145331
"308",2022-03-09 00:08:55,1,303,200,49.0847634295153,4.86263292145336
"309",2022-03-09 00:09:00,1,303,200,51.3937834478768,4.69765304655777
"310",2022-03-09 00:09:05,1,303,200,48.5879987562492,5.09116787460779
"311",2022-03-09 00:09:10,1,303,200,50.5225671881558,5.17206981389282
"312",2022-03-09 00:09:15,1,303,200,48.9007351141774,4.40162673468691
"313",2022-03-09 00:09:20,1,303,200,49.7165413674622,4.2498249567557
"314",2022-03-09 00:09:25,1,303,200,48.7020621231252,4.81325738115462
"315",2022-03-09 00:09:30,1,303,200,49.9670717682409,5.4236156209363
"316",2022-03-09 00:09:35,1,303,200,48.3393509252665,4.68980948928163
"317",2022-03-09 00:09:40,1,303,200,49.1595429777743,4.2597787442215
"318",2022-03-09 00:09:45,1,303,200,48.9984305092543,4.60337720396259
"319",2022-03-09 00:09:50,1,303,200,49.0750176250529,5.62545926108863
"320",2022-03-09 00:09:55,1,303,200,49.5897161710676,4.76681487071061
"321",2022-03-09 00:10:00,1,303,200,50.0270639445712,4.98976021099855
"322",2022-03-09 00:10:05,1,303,200,50.8932297651131,5.3272651631183
"323",2022-03-09 00:10:10,1,303,200,50.8737986230512,4.43316103809597
"324",2022-03-09 00:10:15,1,303,200,49.7210070899968,4.59513281415528
"325",2022-03-09 00:10:20,1,303,200,48.8981913658911,5.55200667426183
"326",2022-03-09 00:10:25,1,303,200,50.5690471651637,4.52459733135439
"327",2022-03-09 00:10:30,1,303,200,47.7640574039156,5.26472931092892
"328",2022-03-09 00:10:35,1,303,200,48.7599717314527,4.52711911507048
"329",2022-03-09 00:10:40,1,303,200,48.2614361213,4.82678418061524
"330",2022-03-09 00:10:45,1,303,200,48.9885785341671,4.79039979354957
"331",2022-03-09 00:10:50,1,303,200,50.4247043798809,5.09579612548861
"332",2022-03-09 00:10:55,1,303,200,50.0758442693181,4.96723828899187
"333",2022-03-09 00:11:00,1,303,200,49.8187264452155,5.31380056861652
"334",2022-03-09 00:11:05,1,303,200,51.9309574619765,4.5501044442428
"335",2022-03-09 00:11:10,1,303,200,48.0257918707251,4.90778971704145
"336",2022-03-09 00:11:15,1,303,200,48.1763642454604,5.15798468257029
"337",2022-03-09 00:11:20,1,303,200,48.5366381114307,4.94082176163061
"338",2022-03-09 00:11:25,1,303,200,49.4676900733948,4.70963229785102
"339",2022-03-09 00:11:30,1,303,200,48.551503826846,4.99535857625803
"340",2022-03-09 00:11:35,1,303,200,49.1823270539427,5.64258990527282
"341",2022-03-09 00:11:40,1,303,200,50.3262514603996,5.09067006616231
"342",2022-03-09 00:11:45,1,303,200,48.2365138874114,4.73420536684551
"343",2022-03-09 00:11:50,1,303,200,49.8118392469523,4.93851614793803
"344",2022-03-09 00:11:55,1,303,200,49.4986558710984,4.46064279956696
"345",2022-03-09 00:12:00,1,303,200,48.3047315792859,4.37191132172685
"346",2022-03-09 00:12:05,1,303,200,49.6444336576673,4.97899938881305
"347",2022-03-09 00:12:10,1,303,200,48.5454578007612,4.55096386039468
"348",2022-03-09 00:12:15,1,303,200,50.5164075004864,4.17858813082393
"349",2022-03-09 00:12:20,1,303,200,48.2261557513412,4.61785151084135
"350",2022-03-09 00:12:25,1,303,200,49.2959989893046,4.64142751319326
"351",2022-03-09 00:12:30,1,303,200,48.8216047654908,4.94451185518126
"352",2022-03-09 00:12:35,1,303,200,49.3763377420258,5.56632303227038
"353",2022-03-09 00:12:40,1,303,200,50.2710251418698,5.05495152866551
"354",2022-03-09 00:12:45,1,303,200,50.6088648707652,5.07500578907551
"355",2022-03-09 00:12:50,1,303,200,50.3118334541958,4.77662994976798
"356",2022-03-09 00:12:55,1,303,200,49.6540924519722,5.49158701902442
"357",2022-03-09 00:13:00,1,303,200,51.4124759674302,4.66719682420391
"358",2022-03-09 00:13:05,1,303,200,48.96711665295,4.90978660349961
"359",2022-03-09 00:13:10,1,303,200,49.5950173986597,4.63383195404863
"360",2022-03-09 00:13:15,1,303,200,50.5371335127788,5.1574448047734
"361",2022-03-09 00:13:20,1,303,200,50.8793083146486,4.31821750262552
"362",2022-03-09 00:13:25,1,303,200,49.4893352856909,4.79870115850424
"363",2022-03-09 00:13:30,1,303,200,49.7290494571916,5.00315758410133
"364",2022-03-09 00:13:35,1,303,200,47.9478574388085,4.87675174207106
"365",2022-03-09 00:13:40,1,303,200,49.9218568271362,5.2936177851624
"366",2022-03-09 00:13:45,1,303,200,49.1606575413393,5.29843991628787
"367",2022-03-09 00:13:50,1,303,200,48.1324116256401,4.73503970823433
"368",2022-03-09 00:13:55,1,303,200,50.4660493456856,5.51205341805147
"369",2022-03-09 00:14:00,1,303,200,48.5492876268398,6.04541926843511
"370",2022-03-09 00:14:05,1,303,200,49.2804557569305,4.80959108364297
"371",2022-03-09 00:14:10,1,303,200,48.7114245353712,5.08359880043368
"372",2022-03-09 00:14:15,1,303,200,48.4984176849709,4.88428188148154
"373",2022-03-09 00:14:20,1,303,200,50.4318661894818,5.21679013286723
"374",2022-03-09 00:14:25,1,303,200,49.4425243656499,4.66224142296113
"375",2022-03-09 00:14:30,1,303,200,49.8198733179369,4.41091815565698
"376",2022-03-09 00:14:35,1,303,200,50.0297593887579,5.40815097890217
"377",2022-03-09 00:14:40,1,303,200,49.3811127019303,5.45118941445565
"378",2022-03-09 00:14:45,1,303,200,49.7056140556992,5.28160783280954
"379",2022-03-09 00:14:50,1,303,200,49.2185917317432,4.43445823517127
"380",2022-03-09 00:14:55,1,303,200,49.330375912505,4.52005120534245
"381",2022-03-09 00:15:00,1,303,200,49.4975348006445,4.61626378932049
"382",2022-03-09 00:15:05,1,303,200,51.0384009355232,4.73455792176531
"383",2022-03-09 00:15:10,1,303,200,48.5001241354388,4.73022720181895
"384",2022-03-09 00:15:15,1,303,200,49.3312282673873,4.32335627392002
"385",2022-03-09 00:15:20,1,303,200,49.488573563442,4.5598848677645
"386",2022-03-09 00:15:25,1,303,200,49.0518340207213,5.05924752276204
"387",2022-03-09 00:15:30,1,303,200,50.0473924763891,4.56425316631874
"388",2022-03-09 00:15:35,1,303,200,50.5005749414994,4.33043821955531
"389",2022-03-09 00:15:40,1,303,200,50.3484991114004,4.88221413949611
"390",2022-03-09 00:15:45,1,303,200,50.5267458989803,4.74063418649743
"391",2022-03-09 00:15:50,1,303,200,48.1338603448754,4.53683669326189
"392",2022-03-09 00:15:55,1,303,200,48.9594071828954,4.76328434303724
"393",2022-03-09 00:16:00,1,303,200,49.034362862221,4.69971775307713
"394",2022-03-09 00:16:05,1,303,200,50.8815381942187,5.0198105533977
"395",2022-03-09 00:16:10,1,303,200,49.9339916701031,5.24030973079193
"396",2022-03-09 00:16:15,1,303,200,49.1300523216269,5.2468579684921
"397",2022-03-09 00:16:20,1,303,200,50.6289181254963,5.3355373591218
"398",2022-03-09 00:16:25,1,303,200,49.4259177767908,4.90111400449251
"399",2022-03-09 00:16:30,1,303,200,49.1762885997019,4.90212969260248
"400",2022-03-09 00:16:35,1,303,200,50.0955294520984,5.08649143170757
"401",2022-03-10 00:00:00,1,303,300,48.6755321649137,4.14059851332669
"402",2022-03-10 00:00:05,1,303,300,49.8243321358216,4.43386056167485
"403",2022-03-10 00:00:10,1,303,300,50.0468206936827,4.41897553764983
"404",2022-03-10 00:00:15,1,303,300,47.2155667117026,3.9495507545777
"405",2022-03-10 00:00:20,1,303,300,51.1128262970085,4.34060424098103
"406",2022-03-10 00:00:25,1,303,300,49.4980020145463,4.2570845944936
"407",2022-03-10 00:00:30,1,303,300,49.5438351900198,4.42994860571698
"408",2022-03-10 00:00:35,1,303,300,49.2617133961079,4.72998032183586
"409",2022-03-10 00:00:40,1,303,300,51.1579664768081,3.91310076559801
"410",2022-03-10 00:00:45,1,303,300,49.375347040218,4.73584121228318
"411",2022-03-10 00:00:50,1,303,300,49.7648494212562,4.35902091583948
"412",2022-03-10 00:00:55,1,303,300,49.6752166888695,4.10599649078618
"413",2022-03-10 00:01:00,1,303,300,50.2760675882617,3.98977906286082
"414",2022-03-10 00:01:05,1,303,300,50.4984575443173,4.23086072655521
"415",2022-03-10 00:01:10,1,303,300,49.7405869269302,5.06392646432422
"416",2022-03-10 00:01:15,1,303,300,50.0450582999598,3.93119631376722
"417",2022-03-10 00:01:20,1,303,300,50.481429233759,5.04082675856055
"418",2022-03-10 00:01:25,1,303,300,49.6231262704977,3.6982325248686
"419",2022-03-10 00:01:30,1,303,300,49.1843232490827,4.18420758000392
"420",2022-03-10 00:01:35,1,303,300,48.6428110208493,4.04954797206609
"421",2022-03-10 00:01:40,1,303,300,49.2692707351509,4.41808714449152
"422",2022-03-10 00:01:45,1,303,300,50.2800811403378,3.92539022565634
"423",2022-03-10 00:01:50,1,303,300,51.3835891843834,4.05368157672588
"424",2022-03-10 00:01:55,1,303,300,49.625127806449,4.09248321123325
"425",2022-03-10 00:02:00,1,303,300,49.1113119685835,3.66819158242901
"426",2022-03-10 00:02:05,1,303,300,49.2829500497042,4.39837161140422
"427",2022-03-10 00:02:10,1,303,300,49.3218764050277,4.85824599649624
"428",2022-03-10 00:02:15,1,303,300,49.4714533820135,4.53591446588025
"429",2022-03-10 00:02:20,1,303,300,49.945752895045,4.02789816020502
"430",2022-03-10 00:02:25,1,303,300,49.745533327996,4.8598483161832
"431",2022-03-10 00:02:30,1,303,300,49.9388975504409,4.22389159475772
"432",2022-03-10 00:02:35,1,303,300,49.7047637885463,4.96418209340956
"433",2022-03-10 00:02:40,1,303,300,49.0761518072799,3.74172531057518
"434",2022-03-10 00:02:45,1,303,300,50.3710054897096,4.17091798805503
"435",2022-03-10 00:02:50,1,303,300,48.2012232711074,4.41487593627226
"436",2022-03-10 00:02:55,1,303,300,50.9129027771595,4.08612458473857
"437",2022-03-10 00:03:00,1,303,300,49.0302622445424,4.39495866082157
"438",2022-03-10 00:03:05,1,303,300,49.0984404343851,3.4666076851645
"439",2022-03-10 00:03:10,1,303,300,50.4043808116364,4.13270767233346
"440",2022-03-10 00:03:15,1,303,300,48.8010626129237,3.80193355791336
"441",2022-03-10 00:03:20,1,303,300,49.5438574448314,5.0871974889663
"442",2022-03-10 00:03:25,1,303,300,50.0965268422412,3.8729481344715
"443",2022-03-10 00:03:30,1,303,300,49.6406239252707,4.11713536857789
"444",2022-03-10 00:03:35,1,303,300,49.4043768186772,4.67181032568654
"445",2022-03-10 00:03:40,1,303,300,48.0001318581542,4.26094642228315
"446",2022-03-10 00:03:45,1,303,300,50.895317780712,3.98157210583919
"447",2022-03-10 00:03:50,1,303,300,49.4866447177662,4.18357907753505
"448",2022-03-10 00:03:55,1,303,300,49.8981047941912,3.85814362826792
"449",2022-03-10 00:04:00,1,303,300,52.1071185351461,4.20725599280684
"450",2022-03-10 00:04:05,1,303,300,48.3770418854148,4.26228014780814
"451",2022-03-10 00:04:10,1,303,300,52.0055916157345,5.03384118142276
"452",2022-03-10 00:04:15,1,303,300,49.8873907603353,4.05634129012173
"453",2022-03-10 00:04:20,1,303,300,49.2205021653379,3.9060952569468
"454",2022-03-10 00:04:25,1,303,300,50.0614160835982,4.24049398394023
"455",2022-03-10 00:04:30,1,303,300,49.5105936656821,3.81018739072342
"456",2022-03-10 00:04:35,1,303,300,50.0133473534509,3.73335226048579
"457",2022-03-10 00:04:40,1,303,300,50.6074096708132,4.50518017056493
"458",2022-03-10 00:04:45,1,303,300,50.2617240896955,4.40018572867419
"459",2022-03-10 00:04:50,1,303,300,48.2010838036288,3.83369346897701
"460",2022-03-10 00:04:55,1,303,300,50.1580028318258,4.10470562488307
"461",2022-03-10 00:05:00,1,303,300,48.947994542368,3.98201674437925
"462",2022-03-10 00:05:05,1,303,300,50.0219362899955,4.2713268642606
"463",2022-03-10 00:05:10,1,303,300,49.5915781624328,4.18044037831497
"464",2022-03-10 00:05:15,1,303,300,48.5683077009612,4.59173514906017
"465",2022-03-10 00:05:20,1,303,300,49.0272037659628,3.69478895854611
"466",2022-03-10 00:05:25,1,303,300,49.9378221531152,3.73549886066491
"467",2022-03-10 00:05:30,1,303,300,49.8818981223756,3.77590264448449
"468",2022-03-10 00:05:35,1,303,300,48.2908599496121,4.04235406046112
"469",2022-03-10 00:05:40,1,303,300,48.2216129724052,3.65411590503305
"470",2022-03-10 00:05:45,1,303,300,49.2639990943901,4.55739355121505
"471",2022-03-10 00:05:50,1,303,300,50.0043128618489,4.06667883449041
"472",2022-03-10 00:05:55,1,303,300,48.2458977641432,4.36164525890758
"473",2022-03-10 00:06:00,1,303,300,49.6130538673326,3.89238197356537
"474",2022-03-10 00:06:05,1,303,300,50.4123863430635,4.25114482108902
"475",2022-03-10 00:06:10,1,303,300,49.0255610899797,3.83546276849991
"476",2022-03-10 00:06:15,1,303,300,48.7360673890699,4.8572468528737
"477",2022-03-10 00:06:20,1,303,300,49.4219184619331,4.68911061777179
"478",2022-03-10 00:06:25,1,303,300,49.3116734952963,4.12086238030113
"479",2022-03-10 00:06:30,1,303,300,49.0458117711732,4.03223994637187
"480",2022-03-10 00:06:35,1,303,300,49.2825579102292,4.11834013626431
"481",2022-03-10 00:06:40,1,303,300,48.4879445941309,3.97663182136893
"482",2022-03-10 00:06:45,1,303,300,48.7530838257443,3.68575941726971
"483",2022-03-10 00:06:50,1,303,300,49.576830879982,4.38588592315129
"484",2022-03-10 00:06:55,1,303,300,48.5265843534519,3.94720441669735
"485",2022-03-10 00:07:00,1,303,300,51.3145452868157,4.45382321110706
"486",2022-03-10 00:07:05,1,303,300,49.1055934144827,4.27176130481912
"487",2022-03-10 00:07:10,1,303,300,49.7652173539744,3.83191774676328
"488",2022-03-10 00:07:15,1,303,300,50.5908103310819,4.77599649936861
"489",2022-03-10 00:07:20,1,303,300,51.2087760794033,3.6606964680705
"490",2022-03-10 00:07:25,1,303,300,48.6492940378085,4.24036993542395
"491",2022-03-10 00:07:30,1,303,300,48.7241083928365,4.4258991279559
"492",2022-03-10 00:07:35,1,303,300,50.2108103290061,3.59543312607901
"493",2022-03-10 00:07:40,1,303,300,49.5827432033332,4.23525271138002
"494",2022-03-10 00:07:45,1,303,300,49.1169781076181,4.83097855673601
"495",2022-03-10 00:07:50,1,303,300,50.1566639677075,3.83245322792794
"496",2022-03-10 00:07:55,1,303,300,49.856724254371,4.15268525002089
"497",2022-03-10 00:08:00,1,303,300,50.3467911996116,3.95401312144801
"498",2022-03-10 00:08:05,1,303,300,47.4783459390629,4.17003167886953
"499",2022-03-10 00:08:10,1,303,300,49.5820308437658,4.68486227345386
"500",2022-03-10 00:08:15,1,303,300,49.554874000732,4.25298844531884
"501",2022-03-10 00:08:20,1,303,300,49.2791150975777,4.28519139697213
"502",2022-03-10 00:08:25,1,303,300,48.9824829212279,4.02358240529129
"503",2022-03-10 00:08:30,1,303,300,48.7802928256611,4.26112953800701
"504",2022-03-10 00:08:35,1,303,300,48.7963400558761,3.91639947862658
"505",2022-03-10 00:08:40,1,303,300,50.5736046723577,3.947366763509
"506",2022-03-10 00:08:45,1,303,300,50.157075309131,3.65703768712086
"507",2022-03-10 00:08:50,1,303,300,49.9562879610871,4.65195829714485
"508",2022-03-10 00:08:55,1,303,300,50.6009824788713,4.07097453122135
"509",2022-03-10 00:09:00,1,303,300,49.4292820119455,4.18091640914789
"510",2022-03-10 00:09:05,1,303,300,50.3302902654235,4.10713859705187
"511",2022-03-10 00:09:10,1,303,300,50.7260582637951,4.44635283400299
"512",2022-03-10 00:09:15,1,303,300,50.1010853843172,4.05259051324564
"513",2022-03-10 00:09:20,1,303,300,48.592859347243,3.76084638372198
"514",2022-03-10 00:09:25,1,303,300,51.0526725619658,4.52705419658589
"515",2022-03-10 00:09:30,1,303,300,49.3656418049961,4.26031825911223
"516",2022-03-10 00:09:35,1,303,300,49.5466784444951,4.29788421705139
"517",2022-03-10 00:09:40,1,303,300,48.9953093951046,4.01384065440702
"518",2022-03-10 00:09:45,1,303,300,49.1395631150749,3.88031652762004
"519",2022-03-10 00:09:50,1,303,300,50.7067994604917,4.16542519392895
"520",2022-03-10 00:09:55,1,303,300,49.6798255415797,3.77447635878124
"521",2022-03-10 00:10:00,1,303,300,49.0675951972381,3.88443106531225
"522",2022-03-10 00:10:05,1,303,300,49.4229640933728,4.11505035801403
"523",2022-03-10 00:10:10,1,303,300,51.945854157858,3.69021566654996
"524",2022-03-10 00:10:15,1,303,300,49.7021775748547,4.26784675402784
"525",2022-03-10 00:10:20,1,303,300,50.565419246777,4.45175108934151
"526",2022-03-10 00:10:25,1,303,300,50.1543610920444,4.36512473795011
"527",2022-03-10 00:10:30,1,303,300,51.0495053555283,3.85127688925967
"528",2022-03-10 00:10:35,1,303,300,49.5921803499338,3.99762465195384
"529",2022-03-10 00:10:40,1,303,300,51.9628532074871,3.58451711611027
"530",2022-03-10 00:10:45,1,303,300,50.6172029294942,4.33848799765332
"531",2022-03-10 00:10:50,1,303,300,48.9111804877493,4.28598108882473
"532",2022-03-10 00:10:55,1,303,300,49.8628273975806,4.16515591963234
"533",2022-03-10 00:11:00,1,303,300,48.9338574932902,4.08028105673495
"534",2022-03-10 00:11:05,1,303,300,50.2524035453485,4.71784399553628
"535",2022-03-10 00:11:10,1,303,300,50.2035090671763,4.4374673569604
"536",2022-03-10 00:11:15,1,303,300,48.3776967235747,4.46594346374381
"537",2022-03-10 00:11:20,1,303,300,50.572588393381,4.1597910150422
"538",2022-03-10 00:11:25,1,303,300,50.9037076417182,4.22150409899354
"539",2022-03-10 00:11:30,1,303,300,50.5934329805103,4.32624566929522
"540",2022-03-10 00:11:35,1,303,300,49.0288871553525,4.07836196268103
"541",2022-03-10 00:11:40,1,303,300,50.0970140076995,4.27713200120956
"542",2022-03-10 00:11:45,1,303,300,50.2380987053107,5.05504572885219
"543",2022-03-10 00:11:50,1,303,300,48.6270611680931,4.50423401407681
"544",2022-03-10 00:11:55,1,303,300,49.4943602023553,3.91457360328615
"545",2022-03-10 00:12:00,1,303,300,49.5591513417136,3.53782547533141
"546",2022-03-10 00:12:05,1,303,300,49.994792387987,4.0410490064093
"547",2022-03-10 00:12:10,1,303,300,49.7165388537424,4.08815406157082
"548",2022-03-10 00:12:15,1,303,300,49.2205657830556,4.28839646264607
"549",2022-03-10 00:12:20,1,303,300,50.1190201135269,3.84473787250452
"550",2022-03-10 00:12:25,1,303,300,48.1446024544583,4.15436907271681
"551",2022-03-10 00:12:30,1,303,300,50.456396776286,4.06935335945219
"552",2022-03-10 00:12:35,1,303,300,49.2579825511348,4.43993553585418
"553",2022-03-10 00:12:40,1,303,300,50.5843873106782,4.24025459658459
"554",2022-03-10 00:12:45,1,303,300,49.8543513268488,4.34426103583912
"555",2022-03-10 00:12:50,1,303,300,50.3700579853963,3.66561320319244
"556",2022-03-10 00:12:55,1,303,300,48.3153753813113,4.13880132047474
"557",2022-03-10 00:13:00,1,303,300,49.7949794957167,4.13727664575677
"558",2022-03-10 00:13:05,1,303,300,49.0975626368876,4.14799583999089
"559",2022-03-10 00:13:10,1,303,300,50.3159844117266,4.14491808067804
"560",2022-03-10 00:13:15,1,303,300,48.8942719476213,4.21865257406098
"561",2022-03-10 00:13:20,1,303,300,50.0150260334144,4.52283533178598
"562",2022-03-10 00:13:25,1,303,300,50.7621960497049,4.050159613363
"563",2022-03-10 00:13:30,1,303,300,49.2320881022682,4.07946623237642
"564",2022-03-10 00:13:35,1,303,300,49.4302090042188,3.68387712492593
"565",2022-03-10 00:13:40,1,303,300,50.4993568273811,4.59370631280768
"566",2022-03-10 00:13:45,1,303,300,49.5267832124051,3.73037415916406
"567",2022-03-10 00:13:50,1,303,300,48.8020278020027,3.6679364905019
"568",2022-03-10 00:13:55,1,303,300,51.1291946929393,4.38920509196325
"569",2022-03-10 00:14:00,1,303,300,49.77783020591,4.05364741986792
"570",2022-03-10 00:14:05,1,303,300,49.3688607847321,4.21038108827376
"571",2022-03-10 00:14:10,1,303,300,48.7786053826446,4.21968622920605
"572",2022-03-10 00:14:15,1,303,300,50.3279795092643,3.5227126509307
"573",2022-03-10 00:14:20,1,303,300,50.2546936726657,3.94271988611384
"574",2022-03-10 00:14:25,1,303,300,49.6115880398166,3.9160371820708
"575",2022-03-10 00:14:30,1,303,300,49.861520893412,3.89389574008694
"576",2022-03-10 00:14:35,1,303,300,49.3432914213001,4.8999458705559
"577",2022-03-10 00:14:40,1,303,300,50.0530505531656,4.16929028229632
"578",2022-03-10 00:14:45,1,303,300,49.6349728774747,3.92079078902565
"579",2022-03-10 00:14:50,1,303,300,52.4527716723747,4.53750044074134
"580",2022-03-10 00:14:55,1,303,300,48.9964787960305,4.21094471887674
"581",2022-03-10 00:15:00,1,303,300,48.8797263702432,4.22673021150953
"582",2022-03-10 00:15:05,1,303,300,48.697945238878,3.29185109742967
"583",2022-03-10 00:15:10,1,303,300,49.155725772153,3.9408512510175
"584",2022-03-10 00:15:15,1,303,300,48.9836599459536,4.07009725848015
"585",2022-03-10 00:15:20,1,303,300,49.6588651947804,4.29725703033508
"586",2022-03-10 00:15:25,1,303,300,50.3408624078062,3.8881065803095
"587",2022-03-10 00:15:30,1,303,300,49.2364356176895,4.68788122526453
"588",2022-03-10 00:15:35,1,303,300,50.5880215663112,4.33316833361654
"589",2022-03-10 00:15:40,1,303,300,48.7103537358974,4.11407609678938
"590",2022-03-10 00:15:45,1,303,300,50.4603181370729,4.52755781127714
"591",2022-03-10 00:15:50,1,303,300,50.3919001962293,4.04511110107054
"592",2022-03-10 00:15:55,1,303,300,49.1704112319424,4.47482129329182
"593",2022-03-10 00:16:00,1,303,300,48.9294006015916,4.31493536514258
"594",2022-03-10 00:16:05,1,303,300,49.9375353615963,4.24199571610265
"595",2022-03-10 00:16:10,1,303,300,49.117387600532,4.02208657147907
"596",2022-03-10 00:16:15,1,303,300,49.1585260371454,3.89564252768603
"597",2022-03-10 00:16:20,1,303,300,49.2157916148726,4.02113087344773
"598",2022-03-10 00:16:25,1,303,300,48.3703355799287,3.87558876286696
"599",2022-03-10 00:16:30,1,303,300,48.983464075819,4.30249938759862
"600",2022-03-10 00:16:35,1,303,300,49.3424643617488,3.90874584217709
"601",2022-03-11 00:00:00,1,338,100,50.8839714193603,5.26111032866207
"602",2022-03-11 00:00:05,1,338,100,48.6995666995293,5.91887976122912
"603",2022-03-11 00:00:10,1,338,100,48.9380185764201,5.10867337681174
"604",2022-03-11 00:00:15,1,338,100,49.7862798803708,5.03460819777059
"605",2022-03-11 00:00:20,1,338,100,50.8257285469267,5.84699280560428
"606",2022-03-11 00:00:25,1,338,100,49.3434272791802,5.55387672366002
"607",2022-03-11 00:00:30,1,338,100,51.7059252246298,6.21858436386725
"608",2022-03-11 00:00:35,1,338,100,49.6266566008085,5.09572468184376
"609",2022-03-11 00:00:40,1,338,100,49.9823870077696,5.69356054249409
"610",2022-03-11 00:00:45,1,338,100,49.8618369668235,5.69724423969417
"611",2022-03-11 00:00:50,1,338,100,50.09339013423,5.83870326966429
"612",2022-03-11 00:00:55,1,338,100,49.7301443962517,6.24582407582593
"613",2022-03-11 00:01:00,1,338,100,48.1899043464717,5.61640656377292
"614",2022-03-11 00:01:05,1,338,100,49.6897199138407,5.51909192673836
"615",2022-03-11 00:01:10,1,338,100,49.689514499494,5.67518545017301
"616",2022-03-11 00:01:15,1,338,100,49.9245358435622,4.94970972170135
"617",2022-03-11 00:01:20,1,338,100,48.107797301958,6.12460727529048
"618",2022-03-11 00:01:25,1,338,100,49.3721118296264,5.44380734624418
"619",2022-03-11 00:01:30,1,338,100,50.4177015656445,5.1743715022388
"620",2022-03-11 00:01:35,1,338,100,50.4654769455084,5.08272446915946
"621",2022-03-11 00:01:40,1,338,100,50.8288320671426,5.53108405439453
"622",2022-03-11 00:01:45,1,338,100,52.1775030006104,5.22343714790475
"623",2022-03-11 00:01:50,1,338,100,50.9976199989715,5.30629648016465
"624",2022-03-11 00:01:55,1,338,100,49.2260399114607,5.79614313454648
"625",2022-03-11 00:02:00,1,338,100,48.5896155975149,5.57198913153214
"626",2022-03-11 00:02:05,1,338,100,49.8424449769941,5.36202353341924
"627",2022-03-11 00:02:10,1,338,100,49.6502448784254,4.83973963158319
"628",2022-03-11 00:02:15,1,338,100,49.0086330240499,5.09528160337919
"629",2022-03-11 00:02:20,1,338,100,50.6239339539578,5.58298630968968
"630",2022-03-11 00:02:25,1,338,100,49.4879310629944,5.77341481348152
"631",2022-03-11 00:02:30,1,338,100,47.5310856452025,5.92135500038483
"632",2022-03-11 00:02:35,1,338,100,49.8325284610832,5.51631390405905
"633",2022-03-11 00:02:40,1,338,100,49.8520845367383,5.46830278999271
"634",2022-03-11 00:02:45,1,338,100,51.0186107462473,5.26394714840764
"635",2022-03-11 00:02:50,1,338,100,50.8632259392903,6.69511095802618
"636",2022-03-11 00:02:55,1,338,100,48.6058492112507,5.81766926153098
"637",2022-03-11 00:03:00,1,338,100,49.1202816438377,5.50386280149032
"638",2022-03-11 00:03:05,1,338,100,49.8397625160072,5.36989882773174
"639",2022-03-11 00:03:10,1,338,100,50.3893095537507,5.34818922634836
"640",2022-03-11 00:03:15,1,338,100,49.0578873939583,6.1432371140026
"641",2022-03-11 00:03:20,1,338,100,50.4375580278463,5.40084398392009
"642",2022-03-11 00:03:25,1,338,100,48.3633027841614,5.6019160402074
"643",2022-03-11 00:03:30,1,338,100,49.8402943335167,5.54634559961385
"644",2022-03-11 00:03:35,1,338,100,49.0849457374079,5.97479999655289
"645",2022-03-11 00:03:40,1,338,100,49.8632304405062,5.2342540051518
"646",2022-03-11 00:03:45,1,338,100,48.8101068663488,5.40722644562004
"647",2022-03-11 00:03:50,1,338,100,48.5661047312898,5.36816722407341
"648",2022-03-11 00:03:55,1,338,100,51.4052963843291,5.86484870997562
"649",2022-03-11 00:04:00,1,338,100,49.9700261063892,6.32651450507787
"650",2022-03-11 00:04:05,1,338,100,51.1544665896453,4.95855877935016
"651",2022-03-11 00:04:10,1,338,100,49.5758721382606,5.71239624515143
"652",2022-03-11 00:04:15,1,338,100,51.7972612892729,5.94289288395955
"653",2022-03-11 00:04:20,1,338,100,48.82288721945,5.41875352157518
"654",2022-03-11 00:04:25,1,338,100,50.3655630871008,5.60706512855821
"655",2022-03-11 00:04:30,1,338,100,47.7025929115082,5.82436504892858
"656",2022-03-11 00:04:35,1,338,100,50.4833164275502,5.26129414208109
"657",2022-03-11 00:04:40,1,338,100,48.8598357357197,5.69188086064916
"658",2022-03-11 00:04:45,1,338,100,49.3559166420987,5.42729427505787
"659",2022-03-11 00:04:50,1,338,100,50.315665587505,4.99065859306359
"660",2022-03-11 00:04:55,1,338,100,48.5900896218761,5.12529992554649
"661",2022-03-11 00:05:00,1,338,100,48.9208096745472,5.54338859835616
"662",2022-03-11 00:05:05,1,338,100,48.2950797991583,5.81997290675457
"663",2022-03-11 00:05:10,1,338,100,48.0050943129806,5.24269534892735
"664",2022-03-11 00:05:15,1,338,100,51.2298787107205,4.60481269442588
"665",2022-03-11 00:05:20,1,338,100,50.6216871501938,5.38717996707193
"666",2022-03-11 00:05:25,1,338,100,49.6263619689591,5.54583368495213
"667",2022-03-11 00:05:30,1,338,100,52.0064644882101,5.15332217977949
"668",2022-03-11 00:05:35,1,338,100,50.6059607535815,5.69745835800694
"669",2022-03-11 00:05:40,1,338,100,48.3433865572065,5.72439521533108
"670",2022-03-11 00:05:45,1,338,100,49.4004431755734,5.71032177422132
"671",2022-03-11 00:05:50,1,338,100,48.5787948116572,5.1566331645668
"672",2022-03-11 00:05:55,1,338,100,52.5263964203144,6.03888761427593
"673",2022-03-11 00:06:00,1,338,100,48.3765049637595,5.73125695895566
"674",2022-03-11 00:06:05,1,338,100,50.8814691036327,6.03760998778662
"675",2022-03-11 00:06:10,1,338,100,49.4778803038406,5.27612955189469
"676",2022-03-11 00:06:15,1,338,100,49.8131622195837,5.43900934120054
"677",2022-03-11 00:06:20,1,338,100,49.6045579546908,5.40427624159406
"678",2022-03-11 00:06:25,1,338,100,50.1043160400115,5.83152753493176
"679",2022-03-11 00:06:30,1,338,100,48.4291564986519,5.24081591143644
"680",2022-03-11 00:06:35,1,338,100,49.3084223683714,5.8528747974331
"681",2022-03-11 00:06:40,1,338,100,50.2492803182691,5.70700064225132
"682",2022-03-11 00:06:45,1,338,100,49.7158272016148,5.60446418395536
"683",2022-03-11 00:06:50,1,338,100,49.0670089449689,5.61372519629807
"684",2022-03-11 00:06:55,1,338,100,49.7714888535875,6.6151809796833
"685",2022-03-11 00:07:00,1,338,100,47.5762578797162,5.37687116076602
"686",2022-03-11 00:07:05,1,338,100,50.1921145370036,5.91792772614679
"687",2022-03-11 00:07:10,1,338,100,49.5428274584123,5.95676196750023
"688",2022-03-11 00:07:15,1,338,100,50.2537555110475,6.03928426078313
"689",2022-03-11 00:07:20,1,338,100,48.7579559892364,6.26952849988002
"690",2022-03-11 00:07:25,1,338,100,49.8688051985108,4.86791186021656
"691",2022-03-11 00:07:30,1,338,100,50.638654768474,6.28630809564398
"692",2022-03-11 00:07:35,1,338,100,49.9452122699262,5.21502109950828
"693",2022-03-11 00:07:40,1,338,100,50.6042486181874,5.09255961768875
"694",2022-03-11 00:07:45,1,338,100,48.9708768470349,6.11913534085228
"695",2022-03-11 00:07:50,1,338,100,50.3822063916084,5.37239764271976
"696",2022-03-11 00:07:55,1,338,100,48.7361242228372,5.3160745753317
"697",2022-03-11 00:08:00,1,338,100,48.8976402639528,5.28679724785257
"698",2022-03-11 00:08:05,1,338,100,48.9037755506158,5.23683297663953
"699",2022-03-11 00:08:10,1,338,100,47.0415297146358,5.27350585471796
"700",2022-03-11 00:08:15,1,338,100,49.9637146588006,5.75742852019198
"701",2022-03-11 00:08:20,1,338,100,49.9698905471086,5.54584906626359
"702",2022-03-11 00:08:25,1,338,100,50.8879027162672,5.84195438190631
"703",2022-03-11 00:08:30,1,338,100,49.8165865813203,5.51565614884404
"704",2022-03-11 00:08:35,1,338,100,49.9989541210126,5.9368333552261
"705",2022-03-11 00:08:40,1,338,100,51.0139825163154,5.77493755764103
"706",2022-03-11 00:08:45,1,338,100,49.9498966253413,5.22222928144384
"707",2022-03-11 00:08:50,1,338,100,49.9422044018856,5.8272105921659
"708",2022-03-11 00:08:55,1,338,100,49.7090029701673,5.68993901164795
"709",2022-03-11 00:09:00,1,338,100,49.6743933533608,5.39841150617486
"710",2022-03-11 00:09:05,1,338,100,48.644044824507,5.61822963852888
"711",2022-03-11 00:09:10,1,338,100,49.4897440405239,6.13021069384481
"712",2022-03-11 00:09:15,1,338,100,50.8411872412206,5.84719198007266
"713",2022-03-11 00:09:20,1,338,100,48.6460925945608,5.45324975023572
"714",2022-03-11 00:09:25,1,338,100,49.0236808589536,5.35002844403518
"715",2022-03-11 00:09:30,1,338,100,48.9137960222114,5.09805057262464
"716",2022-03-11 00:09:35,1,338,100,48.3645853578161,5.99735333271121
"717",2022-03-11 00:09:40,1,338,100,49.5058556613229,5.86824631783778
"718",2022-03-11 00:09:45,1,338,100,48.6885051420465,5.49696560886411
"719",2022-03-11 00:09:50,1,338,100,47.6312018774647,5.50291133752488
"720",2022-03-11 00:09:55,1,338,100,48.7256882240122,5.95225888072263
"721",2022-03-11 00:10:00,1,338,100,49.9363250143356,5.83405385007214
"722",2022-03-11 00:10:05,1,338,100,48.976679177274,5.83497011060015
"723",2022-03-11 00:10:10,1,338,100,48.2929859961334,5.7580031709504
"724",2022-03-11 00:10:15,1,338,100,48.8063982927454,5.6621249265863
"725",2022-03-11 00:10:20,1,338,100,49.6878277965515,5.22966472423924
"726",2022-03-11 00:10:25,1,338,100,49.1856757177686,5.57319319123881
"727",2022-03-11 00:10:30,1,338,100,49.1187123348361,5.13819445408016
"728",2022-03-11 00:10:35,1,338,100,48.0603296692481,5.45648800366423
"729",2022-03-11 00:10:40,1,338,100,49.9082483452826,5.72065413875442
"730",2022-03-11 00:10:45,1,338,100,51.4357773032021,5.22033478607731
"731",2022-03-11 00:10:50,1,338,100,50.1703738250425,6.21027437925962
"732",2022-03-11 00:10:55,1,338,100,49.3463734191266,5.44999381384365
"733",2022-03-11 00:11:00,1,338,100,48.4700382172253,5.37364983880815
"734",2022-03-11 00:11:05,1,338,100,49.7104451437356,6.02886150321415
"735",2022-03-11 00:11:10,1,338,100,48.1017564621766,5.87115922590069
"736",2022-03-11 00:11:15,1,338,100,49.0773525652739,5.62575409382147
"737",2022-03-11 00:11:20,1,338,100,48.2060956330155,5.53238919466642
"738",2022-03-11 00:11:25,1,338,100,51.398465202189,5.14487426976685
"739",2022-03-11 00:11:30,1,338,100,48.8344610349409,5.5295261589618
"740",2022-03-11 00:11:35,1,338,100,48.8589114644283,5.2121382257514
"741",2022-03-11 00:11:40,1,338,100,49.5222328756025,5.26061024050769
"742",2022-03-11 00:11:45,1,338,100,50.840688748289,5.6209541056252
"743",2022-03-11 00:11:50,1,338,100,50.499199459757,5.4795627577
"744",2022-03-11 00:11:55,1,338,100,49.2979881297246,5.48119051316779
"745",2022-03-11 00:12:00,1,338,100,50.5338839578557,6.3264289223877
"746",2022-03-11 00:12:05,1,338,100,48.8271313514144,5.59321122277857
"747",2022-03-11 00:12:10,1,338,100,50.9329295790139,4.96475845397064
"748",2022-03-11 00:12:15,1,338,100,49.5169109947812,6.00776419689626
"749",2022-03-11 00:12:20,1,338,100,50.5522761228929,5.24381752866508
"750",2022-03-11 00:12:25,1,338,100,51.0783955914836,5.30848999785983
"751",2022-03-11 00:12:30,1,338,100,49.6270087816558,5.60713701079411
"752",2022-03-11 00:12:35,1,338,100,50.6447379920152,5.39474010478224
"753",2022-03-11 00:12:40,1,338,100,50.0739565461396,5.77125546270253
"754",2022-03-11 00:12:45,1,338,100,48.8478775804235,5.26569816754647
"755",2022-03-11 00:12:50,1,338,100,49.9023756772914,5.74401343743945
"756",2022-03-11 00:12:55,1,338,100,49.4104900641751,5.54654839453372
"757",2022-03-11 00:13:00,1,338,100,49.9198507488962,5.47113954571585
"758",2022-03-11 00:13:05,1,338,100,50.7588607836477,5.40382402532168
"759",2022-03-11 00:13:10,1,338,100,49.6763243049385,5.56605334037035
"760",2022-03-11 00:13:15,1,338,100,49.5480563927124,5.09926742966717
"761",2022-03-11 00:13:20,1,338,100,49.5005984125411,5.72402715572593
"762",2022-03-11 00:13:25,1,338,100,49.5859799988751,5.81077732205284
"763",2022-03-11 00:13:30,1,338,100,49.9999580011725,5.72449735596119
"764",2022-03-11 00:13:35,1,338,100,50.215151335032,5.07577334392358
"765",2022-03-11 00:13:40,1,338,100,49.5213392130451,4.44070147277254
"766",2022-03-11 00:13:45,1,338,100,49.6585434383518,5.93051513554774
"767",2022-03-11 00:13:50,1,338,100,50.6426112488245,4.9745382541506
"768",2022-03-11 00:13:55,1,338,100,48.7048073871685,6.00592302574502
"769",2022-03-11 00:14:00,1,338,100,48.9684466512579,5.77361612207612
"770",2022-03-11 00:14:05,1,338,100,49.6119297001334,5.08972075181104
"771",2022-03-11 00:14:10,1,338,100,49.4861197058983,5.56560196889228
"772",2022-03-11 00:14:15,1,338,100,50.8761903622628,5.25989353811102
"773",2022-03-11 00:14:20,1,338,100,47.6657604539398,5.32680787581141
"774",2022-03-11 00:14:25,1,338,100,48.9555691237765,5.68050184063354
"775",2022-03-11 00:14:30,1,338,100,50.3140341459792,5.91848702200491
"776",2022-03-11 00:14:35,1,338,100,48.212324596625,5.5656882380097
"777",2022-03-11 00:14:40,1,338,100,50.1070389470511,5.50082517196941
"778",2022-03-11 00:14:45,1,338,100,50.269288676069,5.31028102737988
"779",2022-03-11 00:14:50,1,338,100,50.5330840492558,5.71968828540118
"780",2022-03-11 00:14:55,1,338,100,51.147262396842,5.10345163746718
"781",2022-03-11 00:15:00,1,338,100,48.8722204783167,5.87405165893334
"782",2022-03-11 00:15:05,1,338,100,50.6383357977317,5.71263917706731
"783",2022-03-11 00:15:10,1,338,100,50.8203705594709,5.69966341556424
"784",2022-03-11 00:15:15,1,338,100,50.0661945649353,5.5205683887931
"785",2022-03-11 00:15:20,1,338,100,48.7162281384822,5.40714585685583
"786",2022-03-11 00:15:25,1,338,100,50.3194227461696,5.2962057690706
"787",2022-03-11 00:15:30,1,338,100,49.4076665628425,5.70555648811323
"788",2022-03-11 00:15:35,1,338,100,49.2968340134214,6.03016546794182
"789",2022-03-11 00:15:40,1,338,100,48.9510221221876,6.59521353150109
"790",2022-03-11 00:15:45,1,338,100,49.8912553336216,5.84477044659163
"791",2022-03-11 00:15:50,1,338,100,49.7393944508569,5.47324958308912
"792",2022-03-11 00:15:55,1,338,100,50.2083331706398,5.67857316804522
"793",2022-03-11 00:16:00,1,338,100,51.2415434905266,5.89036580983446
"794",2022-03-11 00:16:05,1,338,100,49.3656112234672,5.69975613845372
"795",2022-03-11 00:16:10,1,338,100,49.7445038840381,5.67915243639388
"796",2022-03-11 00:16:15,1,338,100,49.5544631831152,5.43739285659868
"797",2022-03-11 00:16:20,1,338,100,49.0457143836407,5.44301129409632
"798",2022-03-11 00:16:25,1,338,100,50.0750103042609,5.20857078831759
"799",2022-03-11 00:16:30,1,338,100,49.7342559921108,5.05908736029141
"800",2022-03-11 00:16:35,1,338,100,50.7521638458076,6.4170925511112
"801",2022-03-12 00:00:00,1,338,200,49.5639054271355,5.03633857010357
"802",2022-03-12 00:00:05,1,338,200,49.133256375127,5.38725121288974
"803",2022-03-12 00:00:10,1,338,200,49.9375172029092,4.60907956623837
"804",2022-03-12 00:00:15,1,338,200,50.6916980069227,4.58617274315035
"805",2022-03-12 00:00:20,1,338,200,49.7698114870194,5.32186868782636
"806",2022-03-12 00:00:25,1,338,200,47.9288628819722,5.16686360227021
"807",2022-03-12 00:00:30,1,338,200,49.2965431741172,5.01981513947912
"808",2022-03-12 00:00:35,1,338,200,49.5152676942645,4.65023322057298
"809",2022-03-12 00:00:40,1,338,200,50.4484389987079,4.82676972071504
"810",2022-03-12 00:00:45,1,338,200,49.6041955812631,5.24253861323073
"811",2022-03-12 00:00:50,1,338,200,51.5858097656918,5.06178542870549
"812",2022-03-12 00:00:55,1,338,200,49.4651774083948,4.99109447164395
"813",2022-03-12 00:01:00,1,338,200,48.5574840751998,5.41023958159974
"814",2022-03-12 00:01:05,1,338,200,49.7264946844094,4.63584095254696
"815",2022-03-12 00:01:10,1,338,200,49.7871061524446,4.63363506199527
"816",2022-03-12 00:01:15,1,338,200,49.8325314335768,4.71545094748348
"817",2022-03-12 00:01:20,1,338,200,49.4820594095167,4.70655533296673
"818",2022-03-12 00:01:25,1,338,200,49.384098296832,4.99738108773349
"819",2022-03-12 00:01:30,1,338,200,49.2117541653375,5.02804119936518
"820",2022-03-12 00:01:35,1,338,200,49.3185758110265,5.23003839658952
"821",2022-03-12 00:01:40,1,338,200,49.5733993729139,4.85673985527173
"822",2022-03-12 00:01:45,1,338,200,48.5500698466594,5.11131305078414
"823",2022-03-12 00:01:50,1,338,200,48.9153085286508,4.79502507166637
"824",2022-03-12 00:01:55,1,338,200,49.0077168213502,5.07588480337898
"825",2022-03-12 00:02:00,1,338,200,50.8545582771864,5.09952399080839
"826",2022-03-12 00:02:05,1,338,200,49.7669028139926,4.82189042588492
"827",2022-03-12 00:02:10,1,338,200,49.4659930528033,5.1082904672721
"828",2022-03-12 00:02:15,1,338,200,49.587764535481,5.07862962426074
"829",2022-03-12 00:02:20,1,338,200,48.9911502699401,4.73205019941773
"830",2022-03-12 00:02:25,1,338,200,50.3010588575365,4.78864605704205
"831",2022-03-12 00:02:30,1,338,200,50.9869029462532,4.66544532042937
"832",2022-03-12 00:02:35,1,338,200,50.7079736211862,4.80169546434335
"833",2022-03-12 00:02:40,1,338,200,49.6245682865463,4.15011380318905
"834",2022-03-12 00:02:45,1,338,200,50.3247352149582,4.86163477235814
"835",2022-03-12 00:02:50,1,338,200,48.9702965329378,4.76435330114307
"836",2022-03-12 00:02:55,1,338,200,48.8845404864129,4.49415816171933
"837",2022-03-12 00:03:00,1,338,200,51.3265532910787,4.8795991088604
"838",2022-03-12 00:03:05,1,338,200,48.2414026854571,4.58576643536144
"839",2022-03-12 00:03:10,1,338,200,50.1999416073376,5.45675509380882
"840",2022-03-12 00:03:15,1,338,200,49.1181123029366,4.54753652847111
"841",2022-03-12 00:03:20,1,338,200,47.3554920077274,4.87989678388093
"842",2022-03-12 00:03:25,1,338,200,49.6786011892115,5.18398909370946
"843",2022-03-12 00:03:30,1,338,200,49.7947428935039,5.10020641915883
"844",2022-03-12 00:03:35,1,338,200,49.2640590107804,5.13300802910311
"845",2022-03-12 00:03:40,1,338,200,50.1417116108897,4.75031739394668
"846",2022-03-12 00:03:45,1,338,200,51.1338756799206,4.54684457770011
"847",2022-03-12 00:03:50,1,338,200,50.8341688317018,4.88559662763665
"848",2022-03-12 00:03:55,1,338,200,51.5689313913405,5.08037486936039
"849",2022-03-12 00:04:00,1,338,200,48.4433252540716,4.9680400324589
"850",2022-03-12 00:04:05,1,338,200,49.8374243323644,4.18974822060609
"851",2022-03-12 00:04:10,1,338,200,48.9099511471175,5.04286723495212
"852",2022-03-12 00:04:15,1,338,200,47.8186989840215,5.36106538858684
"853",2022-03-12 00:04:20,1,338,200,49.721595139403,5.68509761605621
"854",2022-03-12 00:04:25,1,338,200,49.1496789031047,5.13831736547021
"855",2022-03-12 00:04:30,1,338,200,48.2943036579474,4.90729440329507
"856",2022-03-12 00:04:35,1,338,200,49.3615044032517,5.45155168085651
"857",2022-03-12 00:04:40,1,338,200,49.5989176869886,4.65273851941982
"858",2022-03-12 00:04:45,1,338,200,48.626282564262,4.70118835882421
"859",2022-03-12 00:04:50,1,338,200,49.2230587456226,5.06135469914823
"860",2022-03-12 00:04:55,1,338,200,48.7252092617792,5.18339588519306
"861",2022-03-12 00:05:00,1,338,200,49.9410318827077,5.0356720281625
"862",2022-03-12 00:05:05,1,338,200,50.0259244966354,4.8956965972733
"863",2022-03-12 00:05:10,1,338,200,47.5733628383735,5.24922978489584
"864",2022-03-12 00:05:15,1,338,200,48.048087831458,4.96571564457611
"865",2022-03-12 00:05:20,1,338,200,49.4469472960421,5.39634531451046
"866",2022-03-12 00:05:25,1,338,200,48.9353818399944,4.95044207571745
"867",2022-03-12 00:05:30,1,338,200,49.5613116726732,5.38916922904371
"868",2022-03-12 00:05:35,1,338,200,48.5662568093692,5.2100159048181
"869",2022-03-12 00:05:40,1,338,200,50.8360969012756,4.99378592431237
"870",2022-03-12 00:05:45,1,338,200,47.5370869607912,4.62038726856961
"871",2022-03-12 00:05:50,1,338,200,49.8399019986468,5.06974376586367
"872",2022-03-12 00:05:55,1,338,200,49.731029954174,5.12162639877906
"873",2022-03-12 00:06:00,1,338,200,50.5879624045669,4.39641213091847
"874",2022-03-12 00:06:05,1,338,200,51.2479373108508,4.84254349867591
"875",2022-03-12 00:06:10,1,338,200,50.3750730499015,5.30378824915773
"876",2022-03-12 00:06:15,1,338,200,50.8901062218619,4.92951994594906
"877",2022-03-12 00:06:20,1,338,200,48.5841496601604,4.80726672620507
"878",2022-03-12 00:06:25,1,338,200,49.9188300012557,4.88668469476396
"879",2022-03-12 00:06:30,1,338,200,49.7997979070034,5.01629711449438
"880",2022-03-12 00:06:35,1,338,200,50.4086693558147,5.45931234005477
"881",2022-03-12 00:06:40,1,338,200,48.0169460046775,4.73307027483255
"882",2022-03-12 00:06:45,1,338,200,49.7720657751068,4.27510996867742
"883",2022-03-12 00:06:50,1,338,200,49.4570190738218,5.55498267836785
"884",2022-03-12 00:06:55,1,338,200,50.7013494405195,5.07628497275041
"885",2022-03-12 00:07:00,1,338,200,48.0611616778344,5.42594377947215
"886",2022-03-12 00:07:05,1,338,200,50.2853484056194,4.79615598150081
"887",2022-03-12 00:07:10,1,338,200,49.0219523963542,4.92121409938006
"888",2022-03-12 00:07:15,1,338,200,48.8961249378223,5.60258790231217
"889",2022-03-12 00:07:20,1,338,200,50.069421111184,5.01361520322575
"890",2022-03-12 00:07:25,1,338,200,49.8069695237395,4.75616654809755
"891",2022-03-12 00:07:30,1,338,200,48.8656638936723,4.66584101167083
"892",2022-03-12 00:07:35,1,338,200,48.8612189117019,4.78012333454923
"893",2022-03-12 00:07:40,1,338,200,48.1726464017565,4.75251448711635
"894",2022-03-12 00:07:45,1,338,200,48.1791604832617,4.68747768482494
"895",2022-03-12 00:07:50,1,338,200,47.7897493838701,4.59921139888232
"896",2022-03-12 00:07:55,1,338,200,48.8524945683175,4.5021831216668
"897",2022-03-12 00:08:00,1,338,200,49.8930037321006,4.64200875348277
"898",2022-03-12 00:08:05,1,338,200,48.7948349464519,5.41329828326005
"899",2022-03-12 00:08:10,1,338,200,48.9304766043341,4.71528414329258
"900",2022-03-12 00:08:15,1,338,200,50.0840635932132,4.92503174817701
"901",2022-03-12 00:08:20,1,338,200,50.2021754638711,4.74141859075267
"902",2022-03-12 00:08:25,1,338,200,47.5685832679787,4.5539791811103
"903",2022-03-12 00:08:30,1,338,200,49.1804346544793,4.69837964913769
"904",2022-03-12 00:08:35,1,338,200,48.9722406778922,5.06740963942862
"905",2022-03-12 00:08:40,1,338,200,51.1781847296897,4.87406947256849
"906",2022-03-12 00:08:45,1,338,200,48.9458221215912,4.99311473289996
"907",2022-03-12 00:08:50,1,338,200,49.3065587090449,5.21958036920572
"908",2022-03-12 00:08:55,1,338,200,47.9274876205925,4.90949663830224
"909",2022-03-12 00:09:00,1,338,200,49.8887872179577,5.09662322150547
"910",2022-03-12 00:09:05,1,338,200,48.6192472087572,4.62573933024564
"911",2022-03-12 00:09:10,1,338,200,49.3514689088694,4.99780944774908
"912",2022-03-12 00:09:15,1,338,200,49.494391195313,5.12606455692427
"913",2022-03-12 00:09:20,1,338,200,48.8585620198939,4.58188828231259
"914",2022-03-12 00:09:25,1,338,200,49.0912715519652,5.29714690648707
"915",2022-03-12 00:09:30,1,338,200,50.798294497775,4.82858970085375
"916",2022-03-12 00:09:35,1,338,200,48.4712855618578,4.76522830360942
"917",2022-03-12 00:09:40,1,338,200,49.9950284041171,4.75183009349896
"918",2022-03-12 00:09:45,1,338,200,50.839942992013,4.44992683883717
"919",2022-03-12 00:09:50,1,338,200,50.5280600194643,5.27588803972353
"920",2022-03-12 00:09:55,1,338,200,49.8217434858369,5.5220710424151
"921",2022-03-12 00:10:00,1,338,200,50.286483313885,3.96051864058587
"922",2022-03-12 00:10:05,1,338,200,49.4647744423002,4.48282385616076
"923",2022-03-12 00:10:10,1,338,200,47.8075092971593,4.88885961127636
"924",2022-03-12 00:10:15,1,338,200,50.8610086512248,4.53500267899859
"925",2022-03-12 00:10:20,1,338,200,49.342755930898,4.9540822528667
"926",2022-03-12 00:10:25,1,338,200,50.5765180672453,4.9699553646581
"927",2022-03-12 00:10:30,1,338,200,50.4158350116543,4.96316582388049
"928",2022-03-12 00:10:35,1,338,200,49.4434053742443,5.24592732569829
"929",2022-03-12 00:10:40,1,338,200,48.729337082196,4.71011240738931
"930",2022-03-12 00:10:45,1,338,200,48.3632184603588,4.68535794438373
"931",2022-03-12 00:10:50,1,338,200,50.3877696869656,4.95388515051262
"932",2022-03-12 00:10:55,1,338,200,49.4848117730685,4.75141230369058
"933",2022-03-12 00:11:00,1,338,200,49.0756913569701,4.65953145619276
"934",2022-03-12 00:11:05,1,338,200,49.0483922630909,5.18616081279784
"935",2022-03-12 00:11:10,1,338,200,49.5766632488917,4.73844817509314
"936",2022-03-12 00:11:15,1,338,200,48.9520006342263,4.78539578124523
"937",2022-03-12 00:11:20,1,338,200,48.0678219005243,5.2471143508903
"938",2022-03-12 00:11:25,1,338,200,48.2251420760589,5.25259666890163
"939",2022-03-12 00:11:30,1,338,200,51.3641465753828,4.47515181174851
"940",2022-03-12 00:11:35,1,338,200,48.656005049057,5.16371822767142
"941",2022-03-12 00:11:40,1,338,200,49.3457365615408,4.80735976436597
"942",2022-03-12 00:11:45,1,338,200,47.7833520137499,4.66346369525157
"943",2022-03-12 00:11:50,1,338,200,48.8040309299587,5.02201699276404
"944",2022-03-12 00:11:55,1,338,200,49.9357922406608,4.75693416618529
"945",2022-03-12 00:12:00,1,338,200,49.5942736788845,4.07117017476629
"946",2022-03-12 00:12:05,1,338,200,49.1883037651938,4.99374368132571
"947",2022-03-12 00:12:10,1,338,200,50.2748277345191,5.00523889396658
"948",2022-03-12 00:12:15,1,338,200,50.4098137268332,4.93922222035894
"949",2022-03-12 00:12:20,1,338,200,49.7030530483437,5.2068382593185
"950",2022-03-12 00:12:25,1,338,200,50.1212546594382,4.99991409887339
"951",2022-03-12 00:12:30,1,338,200,49.3523346738045,4.95964713376399
"952",2022-03-12 00:12:35,1,338,200,49.8859766945663,4.90831629275417
"953",2022-03-12 00:12:40,1,338,200,49.5568488938214,4.98568051018641
"954",2022-03-12 00:12:45,1,338,200,49.6885006419727,4.37457211709991
"955",2022-03-12 00:12:50,1,338,200,50.6909841274806,4.851160698576
"956",2022-03-12 00:12:55,1,338,200,50.7298047304545,4.76354919567838
"957",2022-03-12 00:13:00,1,338,200,49.2663702777911,5.32371031498162
"958",2022-03-12 00:13:05,1,338,200,48.2918980586724,4.80011902217749
"959",2022-03-12 00:13:10,1,338,200,49.3166530769966,5.00587823921439
"960",2022-03-12 00:13:15,1,338,200,48.3974302310447,4.6437493668763
"961",2022-03-12 00:13:20,1,338,200,49.8490999826797,4.88785015731601
"962",2022-03-12 00:13:25,1,338,200,50.1724785592174,4.24448108123878
"963",2022-03-12 00:13:30,1,338,200,49.3992132276583,5.13717226385013
"964",2022-03-12 00:13:35,1,338,200,49.6898872692707,4.76266753129477
"965",2022-03-12 00:13:40,1,338,200,49.9885163171258,4.74051058978923
"966",2022-03-12 00:13:45,1,338,200,48.8633811289758,4.97232861259835
"967",2022-03-12 00:13:50,1,338,200,49.4685679030508,5.0459215166041
"968",2022-03-12 00:13:55,1,338,200,50.2227466489336,5.26772945615267
"969",2022-03-12 00:14:00,1,338,200,49.6890411067743,4.92991021409983
"970",2022-03-12 00:14:05,1,338,200,51.5299776311944,5.08273655957774
"971",2022-03-12 00:14:10,1,338,200,48.5459742293591,4.85652306648724
"972",2022-03-12 00:14:15,1,338,200,49.4260947709907,5.19241832047702
"973",2022-03-12 00:14:20,1,338,200,49.6605039910583,4.56259869532835
"974",2022-03-12 00:14:25,1,338,200,50.8118258298978,4.61523639444456
"975",2022-03-12 00:14:30,1,338,200,49.1415138236403,4.92447371043474
"976",2022-03-12 00:14:35,1,338,200,49.9736675341528,5.24854453594573
"977",2022-03-12 00:14:40,1,338,200,48.9175840764523,4.16815671652091
"978",2022-03-12 00:14:45,1,338,200,50.5616610360597,5.04256988904702
"979",2022-03-12 00:14:50,1,338,200,48.1094589305787,5.38910418297025
"980",2022-03-12 00:14:55,1,338,200,49.0301908412645,5.20952245613424
"981",2022-03-12 00:15:00,1,338,200,50.3668948945433,4.69713465726314
"982",2022-03-12 00:15:05,1,338,200,50.3678445628882,5.50779352516853
"983",2022-03-12 00:15:10,1,338,200,48.2627445893419,4.84429675584636
"984",2022-03-12 00:15:15,1,338,200,50.4007209076445,4.11122929427996
"985",2022-03-12 00:15:20,1,338,200,48.5536361752928,4.78479147787717
"986",2022-03-12 00:15:25,1,338,200,49.5708983355259,4.36189691407905
"987",2022-03-12 00:15:30,1,338,200,50.1994085277515,4.69047219286883
"988",2022-03-12 00:15:35,1,338,200,49.4065116766509,4.99029491323399
"989",2022-03-12 00:15:40,1,338,200,47.7383563178049,4.73993541648714
"990",2022-03-12 00:15:45,1,338,200,50.1559876649532,4.6798968378836
"991",2022-03-12 00:15:50,1,338,200,49.528123918207,4.76864304787063
"992",2022-03-12 00:15:55,1,338,200,48.9237817999408,4.89570945121666
"993",2022-03-12 00:16:00,1,338,200,50.3139927153957,5.07364706334984
"994",2022-03-12 00:16:05,1,338,200,48.7191687619458,4.81732784913067
"995",2022-03-12 00:16:10,1,338,200,51.359563182537,4.66977482115442
"996",2022-03-12 00:16:15,1,338,200,49.7910795320562,4.89703454130652
"997",2022-03-12 00:16:20,1,338,200,47.953574250485,4.48159522930738
"998",2022-03-12 00:16:25,1,338,200,50.4772543954756,4.78772551376025
"999",2022-03-12 00:16:30,1,338,200,48.0547482122583,5.12063651917685
"1000",2022-03-12 00:16:35,1,338,200,48.7836241585745,4.74264545101939
"1001",2022-03-13 00:00:00,1,338,300,49.1016428084214,3.97784626304787
"1002",2022-03-13 00:00:05,1,338,300,49.1035711633235,4.12629589107733
"1003",2022-03-13 00:00:10,1,338,300,49.6295497593116,4.05128957496742
"1004",2022-03-13 00:00:15,1,338,300,49.2805377432403,4.32073469750041
"1005",2022-03-13 00:00:20,1,338,300,48.664307529297,3.81557688689629
"1006",2022-03-13 00:00:25,1,338,300,50.4324196580177,4.62714948167525
"1007",2022-03-13 00:00:30,1,338,300,50.2851309604344,4.54945757651807
"1008",2022-03-13 00:00:35,1,338,300,48.2013083721668,4.18027418205396
"1009",2022-03-13 00:00:40,1,338,300,49.3293332339634,3.71970010868548
"1010",2022-03-13 00:00:45,1,338,300,49.7104569892022,3.76172981826562
"1011",2022-03-13 00:00:50,1,338,300,49.7975930751902,3.99875493677088
"1012",2022-03-13 00:00:55,1,338,300,51.3498073964557,4.12130823556999
"1013",2022-03-13 00:01:00,1,338,300,49.0340579058068,3.96601520853456
"1014",2022-03-13 00:01:05,1,338,300,50.3539448674692,3.98033882934705
"1015",2022-03-13 00:01:10,1,338,300,49.0472337995928,3.9448973613964
"1016",2022-03-13 00:01:15,1,338,300,49.2598501264096,4.67753414356481
"1017",2022-03-13 00:01:20,1,338,300,49.604555238755,4.62267568970212
"1018",2022-03-13 00:01:25,1,338,300,48.5468540450786,4.18822229169067
"1019",2022-03-13 00:01:30,1,338,300,50.1749023161356,4.15700701065417
"1020",2022-03-13 00:01:35,1,338,300,51.0137275188349,4.33474721105837
"1021",2022-03-13 00:01:40,1,338,300,48.4246881112473,4.19683368785403
"1022",2022-03-13 00:01:45,1,338,300,48.7617776983263,4.07599608124001
"1023",2022-03-13 00:01:50,1,338,300,49.9710737688129,4.36603748134584
"1024",2022-03-13 00:01:55,1,338,300,48.3175297008143,4.62183522430404
"1025",2022-03-13 00:02:00,1,338,300,49.351994285623,4.50745783578922
"1026",2022-03-13 00:02:05,1,338,300,49.7032403077412,3.6691503156101
"1027",2022-03-13 00:02:10,1,338,300,50.4401768202124,4.53207697946363
"1028",2022-03-13 00:02:15,1,338,300,48.800729733111,4.56247119084001
"1029",2022-03-13 00:02:20,1,338,300,49.8293177800803,4.59404329629983
"1030",2022-03-13 00:02:25,1,338,300,49.9555595820678,4.61193475063553
"1031",2022-03-13 00:02:30,1,338,300,49.916137096706,4.13931138197341
"1032",2022-03-13 00:02:35,1,338,300,49.9679650025724,4.88653168660644
"1033",2022-03-13 00:02:40,1,338,300,50.0552987160985,4.17103126961829
"1034",2022-03-13 00:02:45,1,338,300,49.3914998013274,4.69483751138461
"1035",2022-03-13 00:02:50,1,338,300,49.3660536472638,3.77379634860309
"1036",2022-03-13 00:02:55,1,338,300,50.8475619050593,3.99942249584488
"1037",2022-03-13 00:03:00,1,338,300,49.0457161765194,3.81565368147049
"1038",2022-03-13 00:03:05,1,338,300,48.5434334300204,4.24997765661621
"1039",2022-03-13 00:03:10,1,338,300,49.4094901102273,4.30356273308047
"1040",2022-03-13 00:03:15,1,338,300,50.3877577587894,4.05442659490823
"1041",2022-03-13 00:03:20,1,338,300,50.5690782912636,3.98592373160152
"1042",2022-03-13 00:03:25,1,338,300,49.3082996900443,4.12853263806378
"1043",2022-03-13 00:03:30,1,338,300,50.3563623546815,4.1031301029199
"1044",2022-03-13 00:03:35,1,338,300,49.5818747495009,3.52740390664954
"1045",2022-03-13 00:03:40,1,338,300,49.9124687243646,4.42090000597314
"1046",2022-03-13 00:03:45,1,338,300,48.4434361414911,4.12180190615829
"1047",2022-03-13 00:03:50,1,338,300,48.7635608469517,3.64942462115492
"1048",2022-03-13 00:03:55,1,338,300,50.0201040198368,4.22841387609953
"1049",2022-03-13 00:04:00,1,338,300,49.2210148039742,3.85530409917038
"1050",2022-03-13 00:04:05,1,338,300,50.3969297256877,3.70217163979963
"1051",2022-03-13 00:04:10,1,338,300,48.9748327648661,4.75742518682216
"1052",2022-03-13 00:04:15,1,338,300,48.5864543278401,4.26545653516946
"1053",2022-03-13 00:04:20,1,338,300,49.8947837299859,4.31433812559377
"1054",2022-03-13 00:04:25,1,338,300,49.726775439282,4.61006226117316
"1055",2022-03-13 00:04:30,1,338,300,50.402535475784,3.71099397949632
"1056",2022-03-13 00:04:35,1,338,300,50.5545506853013,4.29719732214173
"1057",2022-03-13 00:04:40,1,338,300,50.1846088609042,4.02822334405758
"1058",2022-03-13 00:04:45,1,338,300,51.0240247400482,4.70590426619007
"1059",2022-03-13 00:04:50,1,338,300,50.7230972809251,4.11765628154409
"1060",2022-03-13 00:04:55,1,338,300,47.8511660153634,4.31440036032425
"1061",2022-03-13 00:05:00,1,338,300,49.5661828004181,3.6166312517843
"1062",2022-03-13 00:05:05,1,338,300,51.0121547149018,4.14472698971328
"1063",2022-03-13 00:05:10,1,338,300,50.3060936295901,4.04057782827895
"1064",2022-03-13 00:05:15,1,338,300,50.1585742602594,4.15420912586474
"1065",2022-03-13 00:05:20,1,338,300,49.5570092021274,4.03146019553348
"1066",2022-03-13 00:05:25,1,338,300,49.3768886724975,4.25640737830953
"1067",2022-03-13 00:05:30,1,338,300,49.2769572356199,4.14056931305494
"1068",2022-03-13 00:05:35,1,338,300,49.057278274789,4.68564031841781
"1069",2022-03-13 00:05:40,1,338,300,50.7702794168784,3.92233449727987
"1070",2022-03-13 00:05:45,1,338,300,49.238212722438,4.16082451924612
"1071",2022-03-13 00:05:50,1,338,300,49.9353908428685,4.77018393905945
"1072",2022-03-13 00:05:55,1,338,300,51.4866097482915,4.66711470651151
"1073",2022-03-13 00:06:00,1,338,300,48.8774602786423,3.53114791824877
"1074",2022-03-13 00:06:05,1,338,300,50.8423467355157,4.52153140575743
"1075",2022-03-13 00:06:10,1,338,300,48.3299916197606,4.39044953869071
"1076",2022-03-13 00:06:15,1,338,300,48.5777797544645,4.13373801508143
"1077",2022-03-13 00:06:20,1,338,300,49.5239818202451,3.53040117634813
"1078",2022-03-13 00:06:25,1,338,300,49.7049994223788,4.06923519476626
"1079",2022-03-13 00:06:30,1,338,300,49.6619636660154,4.76604647444593
"1080",2022-03-13 00:06:35,1,338,300,48.8192212170815,4.3057809594386
"1081",2022-03-13 00:06:40,1,338,300,49.3905602414594,3.98887668737956
"1082",2022-03-13 00:06:45,1,338,300,48.9483624694054,4.50452585644272
"1083",2022-03-13 00:06:50,1,338,300,49.6700986191748,4.05244379433827
"1084",2022-03-13 00:06:55,1,338,300,49.8388482739021,4.23241145133299
"1085",2022-03-13 00:07:00,1,338,300,49.4190196787586,4.03886143118268
"1086",2022-03-13 00:07:05,1,338,300,48.4676646905031,4.16540748478602
"1087",2022-03-13 00:07:10,1,338,300,48.1799849147361,3.86587180170012
"1088",2022-03-13 00:07:15,1,338,300,50.3819291526231,4.51396417972606
"1089",2022-03-13 00:07:20,1,338,300,48.9302719533728,4.05106067476043
"1090",2022-03-13 00:07:25,1,338,300,49.7751264594723,4.07151391207313
"1091",2022-03-13 00:07:30,1,338,300,49.3574024171613,4.49733161969586
"1092",2022-03-13 00:07:35,1,338,300,50.4116380632456,3.93172349283408
"1093",2022-03-13 00:07:40,1,338,300,49.3802644971061,4.69097034067833
"1094",2022-03-13 00:07:45,1,338,300,51.1289782441414,4.12748182382242
"1095",2022-03-13 00:07:50,1,338,300,49.7169462035725,4.3276520892236
"1096",2022-03-13 00:07:55,1,338,300,50.9725275373994,4.11352957673132
"1097",2022-03-13 00:08:00,1,338,300,47.5181129020848,4.21146836697901
"1098",2022-03-13 00:08:05,1,338,300,50.1234532576844,4.57816424320708
"1099",2022-03-13 00:08:10,1,338,300,49.7046032115859,4.15915131182149
"1100",2022-03-13 00:08:15,1,338,300,48.866144048564,4.15133471758884
"1101",2022-03-13 00:08:20,1,338,300,48.9767387427533,4.32873932819957
"1102",2022-03-13 00:08:25,1,338,300,50.2506026845895,4.24611235142433
"1103",2022-03-13 00:08:30,1,338,300,51.5185806358234,4.42929968887576
"1104",2022-03-13 00:08:35,1,338,300,49.9943936302606,4.17111423497976
"1105",2022-03-13 00:08:40,1,338,300,50.0109999596007,4.16731540886668
"1106",2022-03-13 00:08:45,1,338,300,49.0540034683324,3.78964467916864
"1107",2022-03-13 00:08:50,1,338,300,49.4291824026025,4.07365209786502
"1108",2022-03-13 00:08:55,1,338,300,49.8497719606855,3.82174696135939
"1109",2022-03-13 00:09:00,1,338,300,49.5857667673415,4.20250125066801
"1110",2022-03-13 00:09:05,1,338,300,49.9306870528866,3.8327905073329
"1111",2022-03-13 00:09:10,1,338,300,50.1160560567781,4.14069119654817
"1112",2022-03-13 00:09:15,1,338,300,50.6812936743422,4.79559878581959
"1113",2022-03-13 00:09:20,1,338,300,48.1618004115047,4.33030071875215
"1114",2022-03-13 00:09:25,1,338,300,49.8914509139842,4.17532031186398
"1115",2022-03-13 00:09:30,1,338,300,50.1648231314576,4.5163246618041
"1116",2022-03-13 00:09:35,1,338,300,49.8274652905466,4.58077888866374
"1117",2022-03-13 00:09:40,1,338,300,48.5581577322544,4.86619425826123
"1118",2022-03-13 00:09:45,1,338,300,49.2837255148022,4.79900889022525
"1119",2022-03-13 00:09:50,1,338,300,49.7670527823658,4.27491449844434
"1120",2022-03-13 00:09:55,1,338,300,50.3277097305311,4.05466675790026
"1121",2022-03-13 00:10:00,1,338,300,49.4068537353193,4.31276053839392
"1122",2022-03-13 00:10:05,1,338,300,49.8767355670663,4.39391040068866
"1123",2022-03-13 00:10:10,1,338,300,50.1121546957333,4.39714649110969
"1124",2022-03-13 00:10:15,1,338,300,48.8129446384866,4.23879407029371
"1125",2022-03-13 00:10:20,1,338,300,48.949238572964,4.86031954035945
"1126",2022-03-13 00:10:25,1,338,300,51.1522096359602,4.06159346102228
"1127",2022-03-13 00:10:30,1,338,300,50.7815731654593,4.62470671203648
"1128",2022-03-13 00:10:35,1,338,300,49.2674164981905,4.16244833526837
"1129",2022-03-13 00:10:40,1,338,300,49.3188834477395,3.52554526219966
"1130",2022-03-13 00:10:45,1,338,300,49.5947930319659,5.08320077848592
"1131",2022-03-13 00:10:50,1,338,300,48.7437709510648,4.303829212005
"1132",2022-03-13 00:10:55,1,338,300,49.713987990505,5.01574280100995
"1133",2022-03-13 00:11:00,1,338,300,50.9571258013984,4.26553854291507
"1134",2022-03-13 00:11:05,1,338,300,49.1038795965153,3.28774054829649
"1135",2022-03-13 00:11:10,1,338,300,49.5080898028449,4.57695171798859
"1136",2022-03-13 00:11:15,1,338,300,50.0700465801526,3.75077641953687
"1137",2022-03-13 00:11:20,1,338,300,48.8035921392089,4.0671896262329
"1138",2022-03-13 00:11:25,1,338,300,49.074289056942,3.80677588128948
"1139",2022-03-13 00:11:30,1,338,300,49.7533971517292,4.44303581089947
"1140",2022-03-13 00:11:35,1,338,300,49.667256869678,3.92054712472643
"1141",2022-03-13 00:11:40,1,338,300,49.1093061051515,3.91436137572425
"1142",2022-03-13 00:11:45,1,338,300,49.4007676284218,4.28637741454697
"1143",2022-03-13 00:11:50,1,338,300,49.3440647333324,4.52979782047274
"1144",2022-03-13 00:11:55,1,338,300,48.949641049482,4.2839330169714
"1145",2022-03-13 00:12:00,1,338,300,48.098391312446,3.58846812110863
"1146",2022-03-13 00:12:05,1,338,300,48.3363310428768,4.57946875189676
"1147",2022-03-13 00:12:10,1,338,300,50.3327382663172,4.00284733971744
"1148",2022-03-13 00:12:15,1,338,300,51.0038278501632,4.87066602767958
"1149",2022-03-13 00:12:20,1,338,300,48.3311151363114,4.7280203859764
"1150",2022-03-13 00:12:25,1,338,300,48.2218648391973,3.70251963680323
"1151",2022-03-13 00:12:30,1,338,300,50.4399436300462,4.45317799742459
"1152",2022-03-13 00:12:35,1,338,300,50.578947570925,3.98765266285131
"1153",2022-03-13 00:12:40,1,338,300,48.4294714425733,3.91458051571824
"1154",2022-03-13 00:12:45,1,338,300,49.5880257534363,3.7145474418078
"1155",2022-03-13 00:12:50,1,338,300,48.707854968698,3.5157914734212
"1156",2022-03-13 00:12:55,1,338,300,49.4693232693756,4.06524248356246
"1157",2022-03-13 00:13:00,1,338,300,49.5610157757978,4.07275483339585
"1158",2022-03-13 00:13:05,1,338,300,48.4948496114466,3.91393870153179
"1159",2022-03-13 00:13:10,1,338,300,48.8232125106324,3.35027557209568
"1160",2022-03-13 00:13:15,1,338,300,50.712395121076,4.24667114550431
"1161",2022-03-13 00:13:20,1,338,300,48.4160689535819,4.37303812524593
"1162",2022-03-13 00:13:25,1,338,300,49.9723450970467,4.62193092870776
"1163",2022-03-13 00:13:30,1,338,300,49.0028740907335,4.12569736653171
"1164",2022-03-13 00:13:35,1,338,300,49.9111117946327,4.24891595143565
"1165",2022-03-13 00:13:40,1,338,300,50.7298062963779,4.16448130796236
"1166",2022-03-13 00:13:45,1,338,300,49.5327557439866,4.17966332754012
"1167",2022-03-13 00:13:50,1,338,300,51.8301038694619,4.13764762253152
"1168",2022-03-13 00:13:55,1,338,300,49.170718703888,4.04520451585211
"1169",2022-03-13 00:14:00,1,338,300,48.9574852334873,3.61792575774931
"1170",2022-03-13 00:14:05,1,338,300,48.5416798751347,4.80202714043907
"1171",2022-03-13 00:14:10,1,338,300,48.8917948956404,3.74759229108012
"1172",2022-03-13 00:14:15,1,338,300,49.0821373556747,4.05840648893978
"1173",2022-03-13 00:14:20,1,338,300,49.6540669165877,4.12516292055852
"1174",2022-03-13 00:14:25,1,338,300,47.8091065294853,4.31220850906865
"1175",2022-03-13 00:14:30,1,338,300,49.8881043875817,4.39832459984377
"1176",2022-03-13 00:14:35,1,338,300,50.9280708905521,4.20598708245209
"1177",2022-03-13 00:14:40,1,338,300,49.5608288029118,3.7912402005377
"1178",2022-03-13 00:14:45,1,338,300,49.2730186776917,4.35433768050581
"1179",2022-03-13 00:14:50,1,338,300,46.5214520375917,4.10847675340564
"1180",2022-03-13 00:14:55,1,338,300,50.9717106224638,4.23608469623431
"1181",2022-03-13 00:15:00,1,338,300,49.3729886492634,4.29787092871777
"1182",2022-03-13 00:15:05,1,338,300,49.6573431571229,4.11499107972905
"1183",2022-03-13 00:15:10,1,338,300,50.1042136858017,3.75619689863487
"1184",2022-03-13 00:15:15,1,338,300,49.595131653926,4.13751406768744
"1185",2022-03-13 00:15:20,1,338,300,50.366592244332,4.09447540494814
"1186",2022-03-13 00:15:25,1,338,300,50.4229610597363,3.72558642707943
"1187",2022-03-13 00:15:30,1,338,300,49.4212518028841,3.63005794626091
"1188",2022-03-13 00:15:35,1,338,300,50.0779031197639,4.14538913025602
"1189",2022-03-13 00:15:40,1,338,300,51.6551189627255,4.02693793855671
"1190",2022-03-13 00:15:45,1,338,300,51.3760850563705,3.90156135790057
"1191",2022-03-13 00:15:50,1,338,300,47.3208152977313,4.20247182753006
"1192",2022-03-13 00:15:55,1,338,300,49.874917542289,4.68998361091561
"1193",2022-03-13 00:16:00,1,338,300,50.8715920428864,4.35333641057679
"1194",2022-03-13 00:16:05,1,338,300,48.114400380594,4.23941811128493
"1195",2022-03-13 00:16:10,1,338,300,49.5981169609223,4.00619208304831
"1196",2022-03-13 00:16:15,1,338,300,49.5281714277814,4.74911318377519
"1197",2022-03-13 00:16:20,1,338,300,50.6265347834975,4.60634548215328
"1198",2022-03-13 00:16:25,1,338,300,49.4780829416059,3.91899554032301
"1199",2022-03-13 00:16:30,1,338,300,48.2066144990191,3.55381708617121
"1200",2022-03-13 00:16:35,1,338,300,48.878475935819,4.05057901637254
"1201",2022-03-14 00:00:00,1,373,100,49.5264272442881,5.48684312524512
"1202",2022-03-14 00:00:05,1,373,100,51.0540996456014,5.91598013074982
"1203",2022-03-14 00:00:10,1,373,100,49.8552125289489,5.3585759812084
"1204",2022-03-14 00:00:15,1,373,100,50.0057292048071,5.60429688221968
"1205",2022-03-14 00:00:20,1,373,100,47.842611868134,5.97965486214661
"1206",2022-03-14 00:00:25,1,373,100,50.762624424646,5.37413438699212
"1207",2022-03-14 00:00:30,1,373,100,49.0631367815911,5.76923910110013
"1208",2022-03-14 00:00:35,1,373,100,48.385902353861,5.83386927619469
"1209",2022-03-14 00:00:40,1,373,100,48.0940100418982,5.91618752503668
"1210",2022-03-14 00:00:45,1,373,100,48.803152401306,5.46880967543009
"1211",2022-03-14 00:00:50,1,373,100,51.118120023194,5.47404580390504
"1212",2022-03-14 00:00:55,1,373,100,50.7109629524591,5.39946952976091
"1213",2022-03-14 00:01:00,1,373,100,48.9103243756922,5.93599474526221
"1214",2022-03-14 00:01:05,1,373,100,49.3053326644461,5.60517465719696
"1215",2022-03-14 00:01:10,1,373,100,48.2937022531013,6.52655140240649
"1216",2022-03-14 00:01:15,1,373,100,49.67683612276,5.42139072898252
"1217",2022-03-14 00:01:20,1,373,100,49.149036958034,5.64849650668468
"1218",2022-03-14 00:01:25,1,373,100,48.5654907243757,5.46610305480063
"1219",2022-03-14 00:01:30,1,373,100,50.1515857627708,5.51702183383462
"1220",2022-03-14 00:01:35,1,373,100,49.6896391181312,5.53267943615705
"1221",2022-03-14 00:01:40,1,373,100,49.3292611478666,5.5296917872712
"1222",2022-03-14 00:01:45,1,373,100,49.3771163501223,5.69930484725881
"1223",2022-03-14 00:01:50,1,373,100,48.8866755853812,5.35444127230668
"1224",2022-03-14 00:01:55,1,373,100,48.537510553709,5.92640282458069
"1225",2022-03-14 00:02:00,1,373,100,50.6762056117595,5.06573149822097
"1226",2022-03-14 00:02:05,1,373,100,49.0303475134053,5.35848644741994
"1227",2022-03-14 00:02:10,1,373,100,49.0125122188243,5.02641923114625
"1228",2022-03-14 00:02:15,1,373,100,49.3729287124693,5.30693780539308
"1229",2022-03-14 00:02:20,1,373,100,49.2654726283705,5.4599241816115
"1230",2022-03-14 00:02:25,1,373,100,49.0850862773576,5.62758754516744
"1231",2022-03-14 00:02:30,1,373,100,47.508003233191,6.19498532225914
"1232",2022-03-14 00:02:35,1,373,100,49.2735615244531,5.23183008058147
"1233",2022-03-14 00:02:40,1,373,100,49.3454152463997,5.93912678563852
"1234",2022-03-14 00:02:45,1,373,100,48.0407508638191,5.26232477678696
"1235",2022-03-14 00:02:50,1,373,100,50.5573383632089,5.7192947611927
"1236",2022-03-14 00:02:55,1,373,100,49.8210068886161,5.73978450747035
"1237",2022-03-14 00:03:00,1,373,100,50.5509526692843,5.57567373054739
"1238",2022-03-14 00:03:05,1,373,100,51.6052988634982,5.91148598888879
"1239",2022-03-14 00:03:10,1,373,100,48.2036786131778,5.82915605317691
"1240",2022-03-14 00:03:15,1,373,100,48.1871074858904,5.34124385062231
"1241",2022-03-14 00:03:20,1,373,100,49.4611917415777,5.37602631966537
"1242",2022-03-14 00:03:25,1,373,100,49.7156824219306,5.92996102778152
"1243",2022-03-14 00:03:30,1,373,100,48.2421419809821,5.26226625957349
"1244",2022-03-14 00:03:35,1,373,100,49.087754723305,5.53549223410563
"1245",2022-03-14 00:03:40,1,373,100,49.2074570315957,5.10937745957705
"1246",2022-03-14 00:03:45,1,373,100,49.6344123989482,6.0500598842971
"1247",2022-03-14 00:03:50,1,373,100,49.9010768672759,5.38745817647944
"1248",2022-03-14 00:03:55,1,373,100,48.8832710757827,5.19307544543499
"1249",2022-03-14 00:04:00,1,373,100,50.0368181498063,5.37979402333045
"1250",2022-03-14 00:04:05,1,373,100,48.8837383453133,5.30780354436815
"1251",2022-03-14 00:04:10,1,373,100,48.7174604784058,4.8662507478998
"1252",2022-03-14 00:04:15,1,373,100,49.3824815938385,5.42202733010372
"1253",2022-03-14 00:04:20,1,373,100,49.2819886535492,5.70033618424059
"1254",2022-03-14 00:04:25,1,373,100,49.6477609448948,5.83658959166573
"1255",2022-03-14 00:04:30,1,373,100,48.4787629525562,5.54336049465424
"1256",2022-03-14 00:04:35,1,373,100,49.9193252009927,5.4387785031544
"1257",2022-03-14 00:04:40,1,373,100,50.3506763818427,5.22041281186415
"1258",2022-03-14 00:04:45,1,373,100,49.8636952327174,5.61005931193471
"1259",2022-03-14 00:04:50,1,373,100,51.0326937817182,5.29877795405664
"1260",2022-03-14 00:04:55,1,373,100,50.7929364311391,5.13749909730264
"1261",2022-03-14 00:05:00,1,373,100,47.8336283118555,6.01595744264137
"1262",2022-03-14 00:05:05,1,373,100,48.5601111990822,5.77201428682239
"1263",2022-03-14 00:05:10,1,373,100,50.9051112834099,5.29917370227272
"1264",2022-03-14 00:05:15,1,373,100,49.5015427336204,5.27381826535131
"1265",2022-03-14 00:05:20,1,373,100,50.5625427510384,6.02202430756101
"1266",2022-03-14 00:05:25,1,373,100,48.7729490987962,5.15344807865381
"1267",2022-03-14 00:05:30,1,373,100,48.5822413626633,5.57538147896858
"1268",2022-03-14 00:05:35,1,373,100,49.2698059732818,5.37703291619251
"1269",2022-03-14 00:05:40,1,373,100,51.1819937507844,5.17251611068811
"1270",2022-03-14 00:05:45,1,373,100,48.8986597051803,6.07420702927777
"1271",2022-03-14 00:05:50,1,373,100,50.0795646443728,5.99208611075907
"1272",2022-03-14 00:05:55,1,373,100,48.4237259340782,5.5754215122724
"1273",2022-03-14 00:06:00,1,373,100,49.4473885957623,5.13698661079924
"1274",2022-03-14 00:06:05,1,373,100,48.8521485030399,5.57817366909206
"1275",2022-03-14 00:06:10,1,373,100,48.7051371329219,5.27994010264821
"1276",2022-03-14 00:06:15,1,373,100,50.1304492629309,5.32718968816126
"1277",2022-03-14 00:06:20,1,373,100,49.8864996969972,5.69834592083673
"1278",2022-03-14 00:06:25,1,373,100,50.4147032319325,5.54316199377727
"1279",2022-03-14 00:06:30,1,373,100,50.2985181263387,4.97400487820269
"1280",2022-03-14 00:06:35,1,373,100,50.5906709671616,5.29466879093974
"1281",2022-03-14 00:06:40,1,373,100,48.3582997775699,5.2750293215984
"1282",2022-03-14 00:06:45,1,373,100,50.3464963807078,6.22226562980863
"1283",2022-03-14 00:06:50,1,373,100,49.6304393546679,5.53052732841781
"1284",2022-03-14 00:06:55,1,373,100,50.208863411972,5.9720629366556
"1285",2022-03-14 00:07:00,1,373,100,49.4975226005627,5.7001988371105
"1286",2022-03-14 00:07:05,1,373,100,50.636198974599,6.06703077837018
"1287",2022-03-14 00:07:10,1,373,100,50.0433206058984,5.11719562994275
"1288",2022-03-14 00:07:15,1,373,100,48.1323954895541,5.0548266124361
"1289",2022-03-14 00:07:20,1,373,100,50.7104602054537,5.18555395596756
"1290",2022-03-14 00:07:25,1,373,100,50.7075097065514,5.57222331017488
"1291",2022-03-14 00:07:30,1,373,100,48.3669692911675,5.68804140191796
"1292",2022-03-14 00:07:35,1,373,100,50.4695487606554,5.26332723965728
"1293",2022-03-14 00:07:40,1,373,100,49.0725353416269,5.54552553215357
"1294",2022-03-14 00:07:45,1,373,100,48.3006815321229,4.52454417491601
"1295",2022-03-14 00:07:50,1,373,100,50.4662250073717,4.89832599822894
"1296",2022-03-14 00:07:55,1,373,100,49.6470995764196,5.39798922543101
"1297",2022-03-14 00:08:00,1,373,100,50.3645195628515,5.6088893021062
"1298",2022-03-14 00:08:05,1,373,100,48.9554801405737,5.71337142718484
"1299",2022-03-14 00:08:10,1,373,100,49.3328383862715,5.8408585144816
"1300",2022-03-14 00:08:15,1,373,100,49.9508574759316,5.47603988593264
"1301",2022-03-14 00:08:20,1,373,100,49.9046749232786,5.20532072091345
"1302",2022-03-14 00:08:25,1,373,100,52.5629655433706,5.15435304880439
"1303",2022-03-14 00:08:30,1,373,100,49.8265958007883,5.33984062886519
"1304",2022-03-14 00:08:35,1,373,100,49.6557979711053,5.02541510028072
"1305",2022-03-14 00:08:40,1,373,100,49.412977067654,5.79081850024772
"1306",2022-03-14 00:08:45,1,373,100,48.813356922101,5.6788497568581
"1307",2022-03-14 00:08:50,1,373,100,51.3708495758924,5.51825145832731
"1308",2022-03-14 00:08:55,1,373,100,50.1963883696534,5.83335998135934
"1309",2022-03-14 00:09:00,1,373,100,49.4713132381891,5.90373195349878
"1310",2022-03-14 00:09:05,1,373,100,49.8346245778619,5.19399419043747
"1311",2022-03-14 00:09:10,1,373,100,49.2266363676466,5.28922783302864
"1312",2022-03-14 00:09:15,1,373,100,50.9318298412897,5.51260644055304
"1313",2022-03-14 00:09:20,1,373,100,50.5006535740988,6.3619782734391
"1314",2022-03-14 00:09:25,1,373,100,50.1102098126666,5.33496814461014
"1315",2022-03-14 00:09:30,1,373,100,50.6785327184266,5.2292630112482
"1316",2022-03-14 00:09:35,1,373,100,50.4265974137022,5.37775769420215
"1317",2022-03-14 00:09:40,1,373,100,48.627806114585,5.71287054777144
"1318",2022-03-14 00:09:45,1,373,100,48.7300519913902,5.12241629541812
"1319",2022-03-14 00:09:50,1,373,100,49.4506806502475,5.03921782847945
"1320",2022-03-14 00:09:55,1,373,100,49.3496735674832,5.21094991953725
"1321",2022-03-14 00:10:00,1,373,100,48.1966486534159,5.10742015613934
"1322",2022-03-14 00:10:05,1,373,100,50.8084023035182,5.49731679111042
"1323",2022-03-14 00:10:10,1,373,100,51.0614178465379,5.96431903304964
"1324",2022-03-14 00:10:15,1,373,100,50.7358421998886,5.9994266964749
"1325",2022-03-14 00:10:20,1,373,100,49.0301092582768,5.3453772234169
"1326",2022-03-14 00:10:25,1,373,100,49.5665090341579,5.25979208669512
"1327",2022-03-14 00:10:30,1,373,100,49.0991037074583,5.25362717448268
"1328",2022-03-14 00:10:35,1,373,100,48.2999647631256,5.13611186648126
"1329",2022-03-14 00:10:40,1,373,100,50.0064295697388,5.19338275015492
"1330",2022-03-14 00:10:45,1,373,100,50.9959653231549,5.30479112569307
"1331",2022-03-14 00:10:50,1,373,100,49.6230799864979,5.37407127446679
"1332",2022-03-14 00:10:55,1,373,100,50.2641357731038,5.76022036047323
"1333",2022-03-14 00:11:00,1,373,100,47.6181022073102,5.55650416055994
"1334",2022-03-14 00:11:05,1,373,100,48.5292571655615,5.17272622909013
"1335",2022-03-14 00:11:10,1,373,100,49.0052235917753,4.84888037710178
"1336",2022-03-14 00:11:15,1,373,100,49.6861407008209,6.19509526571973
"1337",2022-03-14 00:11:20,1,373,100,49.8392831512899,5.54246662419778
"1338",2022-03-14 00:11:25,1,373,100,51.4605551972562,5.85988638186732
"1339",2022-03-14 00:11:30,1,373,100,51.372967044404,5.98390726016764
"1340",2022-03-14 00:11:35,1,373,100,50.9148923059423,5.52621926232903
"1341",2022-03-14 00:11:40,1,373,100,48.792979631209,5.19773441717436
"1342",2022-03-14 00:11:45,1,373,100,49.3316333714841,5.29042110511348
"1343",2022-03-14 00:11:50,1,373,100,50.2567825230601,5.86635539541071
"1344",2022-03-14 00:11:55,1,373,100,49.451582476581,5.89356402853814
"1345",2022-03-14 00:12:00,1,373,100,49.1815261691463,5.41542978411033
"1346",2022-03-14 00:12:05,1,373,100,50.2907459413344,5.61825795827488
"1347",2022-03-14 00:12:10,1,373,100,48.5155570592636,5.18397475227003
"1348",2022-03-14 00:12:15,1,373,100,49.482176707602,5.12989545044823
"1349",2022-03-14 00:12:20,1,373,100,49.1046959341748,4.81491796592852
"1350",2022-03-14 00:12:25,1,373,100,51.6245522445608,5.09697614410182
"1351",2022-03-14 00:12:30,1,373,100,49.932309677609,5.45897272904692
"1352",2022-03-14 00:12:35,1,373,100,49.4261320365771,6.16368681030183
"1353",2022-03-14 00:12:40,1,373,100,49.3033120281412,5.44776760447726
"1354",2022-03-14 00:12:45,1,373,100,50.1150833237535,5.32929836019635
"1355",2022-03-14 00:12:50,1,373,100,47.2245397102552,5.50553250080035
"1356",2022-03-14 00:12:55,1,373,100,49.7672330732532,5.18467786622504
"1357",2022-03-14 00:13:00,1,373,100,50.4387702508292,5.29510197689711
"1358",2022-03-14 00:13:05,1,373,100,49.1867772452361,5.32289244310917
"1359",2022-03-14 00:13:10,1,373,100,50.9550014653069,6.05171789858771
"1360",2022-03-14 00:13:15,1,373,100,48.0425354104017,5.1333269014043
"1361",2022-03-14 00:13:20,1,373,100,49.057482140515,5.92495255971194
"1362",2022-03-14 00:13:25,1,373,100,49.0587198109991,6.02763690547373
"1363",2022-03-14 00:13:30,1,373,100,51.0073187849409,5.51121461683769
"1364",2022-03-14 00:13:35,1,373,100,50.0877113484662,5.55025145083017
"1365",2022-03-14 00:13:40,1,373,100,50.3515914932619,5.35022965831423
"1366",2022-03-14 00:13:45,1,373,100,49.0198491891759,5.84204704517679
"1367",2022-03-14 00:13:50,1,373,100,48.7112123804342,5.70692989480268
"1368",2022-03-14 00:13:55,1,373,100,50.9222074479673,5.56897663218944
"1369",2022-03-14 00:14:00,1,373,100,49.8912310821786,5.87672894634147
"1370",2022-03-14 00:14:05,1,373,100,49.9824741565363,5.56892073049347
"1371",2022-03-14 00:14:10,1,373,100,51.1165821729343,5.30517466757382
"1372",2022-03-14 00:14:15,1,373,100,50.1192423383783,5.59746910604897
"1373",2022-03-14 00:14:20,1,373,100,49.199371029967,5.89399080235954
"1374",2022-03-14 00:14:25,1,373,100,49.1053592022517,5.25220596106484
"1375",2022-03-14 00:14:30,1,373,100,48.2596119184059,5.32498384163463
"1376",2022-03-14 00:14:35,1,373,100,51.5350044590767,5.32714413812672
"1377",2022-03-14 00:14:40,1,373,100,52.7589970427703,5.57016520640893
"1378",2022-03-14 00:14:45,1,373,100,50.3519319043958,6.21470527214253
"1379",2022-03-14 00:14:50,1,373,100,50.4821087231985,5.41793986397821
"1380",2022-03-14 00:14:55,1,373,100,49.5831448950572,4.67659672876831
"1381",2022-03-14 00:15:00,1,373,100,49.3760241760965,5.50790658478652
"1382",2022-03-14 00:15:05,1,373,100,49.0384799452568,5.75024631021823
"1383",2022-03-14 00:15:10,1,373,100,48.230451607999,5.42062297636372
"1384",2022-03-14 00:15:15,1,373,100,49.0055388912083,5.63672683593748
"1385",2022-03-14 00:15:20,1,373,100,49.6971664607182,5.19079038845802
"1386",2022-03-14 00:15:25,1,373,100,50.231394761882,5.82441551917787
"1387",2022-03-14 00:15:30,1,373,100,48.1879806964083,5.95827678401507
"1388",2022-03-14 00:15:35,1,373,100,49.4143651090958,5.91764692283148
"1389",2022-03-14 00:15:40,1,373,100,49.786960198694,5.64093013390596
"1390",2022-03-14 00:15:45,1,373,100,50.193543468421,4.64565673566969
"1391",2022-03-14 00:15:50,1,373,100,50.7882631433854,5.82827327628172
"1392",2022-03-14 00:15:55,1,373,100,48.8268881367086,5.15905190795465
"1393",2022-03-14 00:16:00,1,373,100,49.7744913003949,4.78374990284957
"1394",2022-03-14 00:16:05,1,373,100,49.1804228730736,5.5707485616656
"1395",2022-03-14 00:16:10,1,373,100,50.1800234865879,5.62843126512255
"1396",2022-03-14 00:16:15,1,373,100,50.7918201291776,5.06156760403407
"1397",2022-03-14 00:16:20,1,373,100,48.7341658596076,5.55149467268941
"1398",2022-03-14 00:16:25,1,373,100,48.7009084985883,5.68214477466567
"1399",2022-03-14 00:16:30,1,373,100,48.5712931265186,4.74087994355108
"1400",2022-03-14 00:16:35,1,373,100,50.2261945862485,5.74627813172216
"1401",2022-03-15 00:00:00,1,373,200,48.6220624633441,4.81540447866647
"1402",2022-03-15 00:00:05,1,373,200,49.7291497145557,4.85128813019258
"1403",2022-03-15 00:00:10,1,373,200,50.1054980670365,4.97335886562016
"1404",2022-03-15 00:00:15,1,373,200,49.9580976783401,5.09712618057573
"1405",2022-03-15 00:00:20,1,373,200,49.144086571642,5.0144645788508
"1406",2022-03-15 00:00:25,1,373,200,51.1338511843143,4.44499034639082
"1407",2022-03-15 00:00:30,1,373,200,49.8367990635714,4.43429306630198
"1408",2022-03-15 00:00:35,1,373,200,49.7136913970168,4.54186577783165
"1409",2022-03-15 00:00:40,1,373,200,49.2299687412082,4.75650969204462
"1410",2022-03-15 00:00:45,1,373,200,50.0559424016468,5.09485299165858
"1411",2022-03-15 00:00:50,1,373,200,50.2769859115837,4.64938073068756
"1412",2022-03-15 00:00:55,1,373,200,47.8285594385917,4.60749275346826
"1413",2022-03-15 00:01:00,1,373,200,47.6685142578536,5.17698987796604
"1414",2022-03-15 00:01:05,1,373,200,50.7603898530037,4.02587075940842
"1415",2022-03-15 00:01:10,1,373,200,48.6047080356866,5.67548565635989
"1416",2022-03-15 00:01:15,1,373,200,49.8818355658712,4.24014025489139
"1417",2022-03-15 00:01:20,1,373,200,51.4262679535053,5.33727413943426
"1418",2022-03-15 00:01:25,1,373,200,49.9995278281835,4.75601533704267
"1419",2022-03-15 00:01:30,1,373,200,49.4873667339231,4.67102491493063
"1420",2022-03-15 00:01:35,1,373,200,47.4171292535685,5.03527156612928
"1421",2022-03-15 00:01:40,1,373,200,50.7484119711267,4.37976737580546
"1422",2022-03-15 00:01:45,1,373,200,49.5130828385835,4.43344730220603
"1423",2022-03-15 00:01:50,1,373,200,48.9203348723196,4.95159969328333
"1424",2022-03-15 00:01:55,1,373,200,50.5886523543227,4.55298020272385
"1425",2022-03-15 00:02:00,1,373,200,48.3276680554665,5.12533902502544
"1426",2022-03-15 00:02:05,1,373,200,49.6741267737146,5.12375909998204
"1427",2022-03-15 00:02:10,1,373,200,50.2165435066704,4.82532038594431
"1428",2022-03-15 00:02:15,1,373,200,50.6398035264284,4.93906666492012
"1429",2022-03-15 00:02:20,1,373,200,50.18970425824,4.94171938071788
"1430",2022-03-15 00:02:25,1,373,200,49.6465025070264,5.78840378445978
"1431",2022-03-15 00:02:30,1,373,200,50.6924802221062,5.15948188829821
"1432",2022-03-15 00:02:35,1,373,200,50.0985502444009,5.01861476246794
"1433",2022-03-15 00:02:40,1,373,200,46.0451938385999,4.92172845847287
"1434",2022-03-15 00:02:45,1,373,200,47.150580313264,4.75095549035917
"1435",2022-03-15 00:02:50,1,373,200,50.2695935693523,4.96732778158097
"1436",2022-03-15 00:02:55,1,373,200,50.3187705816694,5.11722822515091
"1437",2022-03-15 00:03:00,1,373,200,49.1688639988197,4.83812790083143
"1438",2022-03-15 00:03:05,1,373,200,49.2976621793923,4.83544979494759
"1439",2022-03-15 00:03:10,1,373,200,49.0904446248571,5.25258603504811
"1440",2022-03-15 00:03:15,1,373,200,50.3163260881866,5.24377684438542
"1441",2022-03-15 00:03:20,1,373,200,49.3164404754714,5.00919911948746
"1442",2022-03-15 00:03:25,1,373,200,48.4518695430793,4.41066385109789
"1443",2022-03-15 00:03:30,1,373,200,49.8653868231223,4.32361260537594
"1444",2022-03-15 00:03:35,1,373,200,49.7074823167572,4.9131203628533
"1445",2022-03-15 00:03:40,1,373,200,49.0808354481355,5.61029140772432
"1446",2022-03-15 00:03:45,1,373,200,48.7973533051299,4.67420114249552
"1447",2022-03-15 00:03:50,1,373,200,49.4719469691065,5.05979342577483
"1448",2022-03-15 00:03:55,1,373,200,50.0048181745928,5.18818664566895
"1449",2022-03-15 00:04:00,1,373,200,49.3035169725871,4.79777148798557
"1450",2022-03-15 00:04:05,1,373,200,48.3399235378856,5.24530659230294
"1451",2022-03-15 00:04:10,1,373,200,50.6938739078858,4.87456268774837
"1452",2022-03-15 00:04:15,1,373,200,49.7054977136645,4.19381992703689
"1453",2022-03-15 00:04:20,1,373,200,48.940810400014,4.93354984428427
"1454",2022-03-15 00:04:25,1,373,200,49.9067940272753,4.88528832214021
"1455",2022-03-15 00:04:30,1,373,200,51.2043565752503,4.95006167629418
"1456",2022-03-15 00:04:35,1,373,200,48.1824345810531,4.79956429580615
"1457",2022-03-15 00:04:40,1,373,200,49.9449378419616,5.38334194046421
"1458",2022-03-15 00:04:45,1,373,200,48.8113216323938,5.50958933343794
"1459",2022-03-15 00:04:50,1,373,200,50.1679416753199,4.79357627099859
"1460",2022-03-15 00:04:55,1,373,200,50.0591262723886,4.71511911852769
"1461",2022-03-15 00:05:00,1,373,200,51.2151415183897,4.87645168995629
"1462",2022-03-15 00:05:05,1,373,200,48.7595608284128,5.13029299684048
"1463",2022-03-15 00:05:10,1,373,200,49.9240844527569,4.70207866808352
"1464",2022-03-15 00:05:15,1,373,200,50.6865086031534,5.51738704091789
"1465",2022-03-15 00:05:20,1,373,200,51.120666186481,4.42177253404155
"1466",2022-03-15 00:05:25,1,373,200,51.1169217727801,4.82040097398808
"1467",2022-03-15 00:05:30,1,373,200,50.9720707326466,4.54823873387759
"1468",2022-03-15 00:05:35,1,373,200,48.7411510374728,5.23167520493513
"1469",2022-03-15 00:05:40,1,373,200,49.3542185497828,4.8116535496216
"1470",2022-03-15 00:05:45,1,373,200,50.0900627460667,4.73473901719707
"1471",2022-03-15 00:05:50,1,373,200,48.5068394073083,4.44380796305076
"1472",2022-03-15 00:05:55,1,373,200,47.2928104955095,5.06193065560389
"1473",2022-03-15 00:06:00,1,373,200,50.1497982877955,4.78481537022825
"1474",2022-03-15 00:06:05,1,373,200,51.1919110278437,4.93356625517985
"1475",2022-03-15 00:06:10,1,373,200,50.1556021601407,4.99710341607857
"1476",2022-03-15 00:06:15,1,373,200,49.646967403871,5.46261168930233
"1477",2022-03-15 00:06:20,1,373,200,50.4186091379362,4.68632879066914
"1478",2022-03-15 00:06:25,1,373,200,49.1723054619711,5.32740593467038
"1479",2022-03-15 00:06:30,1,373,200,50.1435593018624,4.96121976021466
"1480",2022-03-15 00:06:35,1,373,200,49.4629650343301,5.00942998855636
"1481",2022-03-15 00:06:40,1,373,200,48.0534018192123,4.9487555520678
"1482",2022-03-15 00:06:45,1,373,200,49.662535557579,5.10350377424171
"1483",2022-03-15 00:06:50,1,373,200,49.0728215068878,4.65039693589721
"1484",2022-03-15 00:06:55,1,373,200,49.9913615960328,5.43643000428606
"1485",2022-03-15 00:07:00,1,373,200,48.2467173745049,4.51068870528089
"1486",2022-03-15 00:07:05,1,373,200,50.2262154823478,5.36892697186996
"1487",2022-03-15 00:07:10,1,373,200,51.4246469665023,4.04291040547776
"1488",2022-03-15 00:07:15,1,373,200,50.6365694542654,4.9668810719521
"1489",2022-03-15 00:07:20,1,373,200,48.9820418620022,4.96692729971017
"1490",2022-03-15 00:07:25,1,373,200,48.0389968894088,4.83857117463548
"1491",2022-03-15 00:07:30,1,373,200,48.7370844641798,4.67728142986021
"1492",2022-03-15 00:07:35,1,373,200,47.612478488974,4.86410957182958
"1493",2022-03-15 00:07:40,1,373,200,48.8126351182712,4.65429666755754
"1494",2022-03-15 00:07:45,1,373,200,50.5411149058654,5.41467533840397
"1495",2022-03-15 00:07:50,1,373,200,48.1120056959975,4.97545450166852
"1496",2022-03-15 00:07:55,1,373,200,49.0982849607789,4.99783841443781
"1497",2022-03-15 00:08:00,1,373,200,50.1527357367448,4.09450660828487
"1498",2022-03-15 00:08:05,1,373,200,49.4074496222107,4.95814670036606
"1499",2022-03-15 00:08:10,1,373,200,49.3824758176979,5.48329755931826
"1500",2022-03-15 00:08:15,1,373,200,51.3225365705866,4.85759863945999
"1501",2022-03-15 00:08:20,1,373,200,50.0326225359081,4.84234316566791
"1502",2022-03-15 00:08:25,1,373,200,51.2766420431571,4.24743787739209
"1503",2022-03-15 00:08:30,1,373,200,49.7308592912848,5.02546130447566
"1504",2022-03-15 00:08:35,1,373,200,49.7840658939785,4.9149989238984
"1505",2022-03-15 00:08:40,1,373,200,50.3963032253035,5.03683612493033
"1506",2022-03-15 00:08:45,1,373,200,49.9583625633721,4.88854231261672
"1507",2022-03-15 00:08:50,1,373,200,50.1250262931621,4.60159646284466
"1508",2022-03-15 00:08:55,1,373,200,47.63874784739,4.32909015335575
"1509",2022-03-15 00:09:00,1,373,200,51.9174304014367,4.74723741112569
"1510",2022-03-15 00:09:05,1,373,200,50.8339447698134,5.04770693849306
"1511",2022-03-15 00:09:10,1,373,200,49.3293501596532,5.02381521049328
"1512",2022-03-15 00:09:15,1,373,200,50.0930954869073,5.07199744145938
"1513",2022-03-15 00:09:20,1,373,200,47.7460521158289,4.71877177422492
"1514",2022-03-15 00:09:25,1,373,200,49.9991842914857,4.58050723847814
"1515",2022-03-15 00:09:30,1,373,200,49.6019995374663,4.84067957053579
"1516",2022-03-15 00:09:35,1,373,200,51.3990634838653,4.79975656131476
"1517",2022-03-15 00:09:40,1,373,200,48.5781832609298,4.95693768659505
"1518",2022-03-15 00:09:45,1,373,200,50.6331305955005,4.88724479830588
"1519",2022-03-15 00:09:50,1,373,200,49.8872662165953,4.98969396003558
"1520",2022-03-15 00:09:55,1,373,200,49.8775986059085,5.44023197501841
"1521",2022-03-15 00:10:00,1,373,200,49.2844179446342,4.72039684605402
"1522",2022-03-15 00:10:05,1,373,200,49.2492545319566,4.61313752821013
"1523",2022-03-15 00:10:10,1,373,200,50.8997516226661,5.09254047698229
"1524",2022-03-15 00:10:15,1,373,200,49.6408879152615,4.75726930744076
"1525",2022-03-15 00:10:20,1,373,200,50.206312593254,4.77232618626944
"1526",2022-03-15 00:10:25,1,373,200,50.6764757722993,5.15825454210484
"1527",2022-03-15 00:10:30,1,373,200,48.4845402151377,5.40161805019737
"1528",2022-03-15 00:10:35,1,373,200,48.000940035997,4.37184967693866
"1529",2022-03-15 00:10:40,1,373,200,50.6069283945779,4.99936701898726
"1530",2022-03-15 00:10:45,1,373,200,50.327285319048,4.63180821689175
"1531",2022-03-15 00:10:50,1,373,200,49.8745553252406,4.90399487597922
"1532",2022-03-15 00:10:55,1,373,200,48.8753774781959,4.63365372859998
"1533",2022-03-15 00:11:00,1,373,200,51.5098785905755,4.7543366781693
"1534",2022-03-15 00:11:05,1,373,200,50.0425805043853,4.74794345221819
"1535",2022-03-15 00:11:10,1,373,200,48.9242487538309,5.53037842291718
"1536",2022-03-15 00:11:15,1,373,200,47.7795847528073,4.48411362213282
"1537",2022-03-15 00:11:20,1,373,200,50.7117193605419,4.99671273421015
"1538",2022-03-15 00:11:25,1,373,200,46.920025949049,4.93456013891784
"1539",2022-03-15 00:11:30,1,373,200,51.3993895982234,4.98374185345957
"1540",2022-03-15 00:11:35,1,373,200,49.7679119878482,5.2401061435729
"1541",2022-03-15 00:11:40,1,373,200,48.4092427153156,5.00040405157598
"1542",2022-03-15 00:11:45,1,373,200,49.0916461876274,4.98437718236814
"1543",2022-03-15 00:11:50,1,373,200,49.7635153434004,4.87943359519862
"1544",2022-03-15 00:11:55,1,373,200,50.1735799561706,4.57279532090703
"1545",2022-03-15 00:12:00,1,373,200,50.395928151109,4.37791465594329
"1546",2022-03-15 00:12:05,1,373,200,49.5798349711177,5.19647012899348
"1547",2022-03-15 00:12:10,1,373,200,50.5740442367317,5.32832457305916
"1548",2022-03-15 00:12:15,1,373,200,48.5182286062576,4.88354403253118
"1549",2022-03-15 00:12:20,1,373,200,48.7744584735432,4.87889644671916
"1550",2022-03-15 00:12:25,1,373,200,50.5859768702863,5.0775499794456
"1551",2022-03-15 00:12:30,1,373,200,49.0603380531675,4.67766839179033
"1552",2022-03-15 00:12:35,1,373,200,50.0277365771368,4.92373482448035
"1553",2022-03-15 00:12:40,1,373,200,50.4129956732243,5.0262534011245
"1554",2022-03-15 00:12:45,1,373,200,47.4088020236566,4.82060063899826
"1555",2022-03-15 00:12:50,1,373,200,48.9101735449828,4.82255611501622
"1556",2022-03-15 00:12:55,1,373,200,49.3834840615844,5.06800068200271
"1557",2022-03-15 00:13:00,1,373,200,49.9973853614831,5.36601039359341
"1558",2022-03-15 00:13:05,1,373,200,49.1936727236099,5.43096200329659
"1559",2022-03-15 00:13:10,1,373,200,48.8181648438614,5.21534072081769
"1560",2022-03-15 00:13:15,1,373,200,50.1902019208034,4.17965398701774
"1561",2022-03-15 00:13:20,1,373,200,49.8108025467822,4.73815226547474
"1562",2022-03-15 00:13:25,1,373,200,49.2502934903797,4.47441231640108
"1563",2022-03-15 00:13:30,1,373,200,49.7068704935818,4.8535111082931
"1564",2022-03-15 00:13:35,1,373,200,49.1161318790582,5.90413002126163
"1565",2022-03-15 00:13:40,1,373,200,49.8479311012343,4.69271564051128
"1566",2022-03-15 00:13:45,1,373,200,49.6309424601284,4.66941508493374
"1567",2022-03-15 00:13:50,1,373,200,48.0127670469877,4.74674052223206
"1568",2022-03-15 00:13:55,1,373,200,47.8874619096926,4.58840701892349
"1569",2022-03-15 00:14:00,1,373,200,49.510479557909,5.03131386548726
"1570",2022-03-15 00:14:05,1,373,200,50.1194624953022,4.51399888943354
"1571",2022-03-15 00:14:10,1,373,200,49.3794523639063,4.62017341178157
"1572",2022-03-15 00:14:15,1,373,200,48.3437960423589,4.48011600561451
"1573",2022-03-15 00:14:20,1,373,200,50.8990830555424,4.98754299288227
"1574",2022-03-15 00:14:25,1,373,200,50.1867482290275,4.83970077132386
"1575",2022-03-15 00:14:30,1,373,200,50.2267828816932,4.96243347716514
"1576",2022-03-15 00:14:35,1,373,200,49.7286775583794,4.60565291082935
"1577",2022-03-15 00:14:40,1,373,200,49.5679485928857,4.11363029469828
"1578",2022-03-15 00:14:45,1,373,200,50.143133568491,5.1309010226404
"1579",2022-03-15 00:14:50,1,373,200,49.0580991007991,4.50849070987037
"1580",2022-03-15 00:14:55,1,373,200,50.4506231095257,5.07837317397117
"1581",2022-03-15 00:15:00,1,373,200,49.3841527843769,5.29645931840447
"1582",2022-03-15 00:15:05,1,373,200,50.2209121007298,4.61406332714985
"1583",2022-03-15 00:15:10,1,373,200,50.1670441470351,4.93103840221711
"1584",2022-03-15 00:15:15,1,373,200,49.3698818897904,5.01209005028431
"1585",2022-03-15 00:15:20,1,373,200,48.6670257967657,4.89835192802439
"1586",2022-03-15 00:15:25,1,373,200,49.8269639689015,4.48907876463195
"1587",2022-03-15 00:15:30,1,373,200,49.8970375350483,4.78457994247041
"1588",2022-03-15 00:15:35,1,373,200,49.7119312493614,4.75683037716524
"1589",2022-03-15 00:15:40,1,373,200,49.4260854434458,5.27723053002351
"1590",2022-03-15 00:15:45,1,373,200,48.7313382451982,4.49063338899993
"1591",2022-03-15 00:15:50,1,373,200,48.4369763508914,5.40627531339157
"1592",2022-03-15 00:15:55,1,373,200,49.6135082732091,4.96845235114192
"1593",2022-03-15 00:16:00,1,373,200,49.1640123695093,5.34096519472632
"1594",2022-03-15 00:16:05,1,373,200,48.6939662431801,4.90100580944205
"1595",2022-03-15 00:16:10,1,373,200,49.3294244753958,4.98906828438625
"1596",2022-03-15 00:16:15,1,373,200,51.074150225735,4.84053975983584
"1597",2022-03-15 00:16:20,1,373,200,48.8097120444519,4.70524035018245
"1598",2022-03-15 00:16:25,1,373,200,49.9236688040527,4.39501812973631
"1599",2022-03-15 00:16:30,1,373,200,49.6173953525032,4.40390393490825
"1600",2022-03-15 00:16:35,1,373,200,49.0190612962699,5.09451552058373
"1601",2022-03-16 00:00:00,1,373,300,49.2871726848673,4.30571747253645
"1602",2022-03-16 00:00:05,1,373,300,49.4215217492147,4.18116316705488
"1603",2022-03-16 00:00:10,1,373,300,49.3543351610942,4.32129387024004
"1604",2022-03-16 00:00:15,1,373,300,49.731236567193,4.11219241906103
"1605",2022-03-16 00:00:20,1,373,300,47.3154975102595,4.38407433314482
"1606",2022-03-16 00:00:25,1,373,300,49.684784763259,4.01865144880692
"1607",2022-03-16 00:00:30,1,373,300,49.9915861705565,3.82855176020155
"1608",2022-03-16 00:00:35,1,373,300,49.8802092400881,3.98706399159277
"1609",2022-03-16 00:00:40,1,373,300,49.8069777253031,4.42986219281198
"1610",2022-03-16 00:00:45,1,373,300,49.9302907798381,4.32278990358128
"1611",2022-03-16 00:00:50,1,373,300,49.8939505504431,4.33373921652877
"1612",2022-03-16 00:00:55,1,373,300,48.535518386928,4.79561215055381
"1613",2022-03-16 00:01:00,1,373,300,50.6352039250345,4.24727023915843
"1614",2022-03-16 00:01:05,1,373,300,49.4101278228822,3.92176743717749
"1615",2022-03-16 00:01:10,1,373,300,49.8383764004644,3.81525877872607
"1616",2022-03-16 00:01:15,1,373,300,49.9832208250936,4.42276249074725
"1617",2022-03-16 00:01:20,1,373,300,49.9115545190315,4.92353491212416
"1618",2022-03-16 00:01:25,1,373,300,49.9405942722901,4.10395872354206
"1619",2022-03-16 00:01:30,1,373,300,51.1060955839053,4.37768562446216
"1620",2022-03-16 00:01:35,1,373,300,49.0936131873302,4.69560739987275
"1621",2022-03-16 00:01:40,1,373,300,50.8853210457902,4.10576285154418
"1622",2022-03-16 00:01:45,1,373,300,48.0955614412908,3.97479442235057
"1623",2022-03-16 00:01:50,1,373,300,49.541879374996,4.131377395769
"1624",2022-03-16 00:01:55,1,373,300,47.8991817538721,3.74448895629041
"1625",2022-03-16 00:02:00,1,373,300,49.8031418536469,3.82242782960133
"1626",2022-03-16 00:02:05,1,373,300,49.5158482382621,3.93739063709035
"1627",2022-03-16 00:02:10,1,373,300,49.1724272488091,4.10724403619417
"1628",2022-03-16 00:02:15,1,373,300,49.9228196873299,4.21488335131354
"1629",2022-03-16 00:02:20,1,373,300,49.5284072381486,3.91094230675808
"1630",2022-03-16 00:02:25,1,373,300,49.0758429459365,3.97691121679089
"1631",2022-03-16 00:02:30,1,373,300,49.7109056221465,4.23933011399586
"1632",2022-03-16 00:02:35,1,373,300,50.8405451490216,4.7491249711433
"1633",2022-03-16 00:02:40,1,373,300,51.5062001071926,3.86432561502348
"1634",2022-03-16 00:02:45,1,373,300,49.342036331128,4.34477586551407
"1635",2022-03-16 00:02:50,1,373,300,50.260966656173,4.09191056930379
"1636",2022-03-16 00:02:55,1,373,300,49.7772521543133,4.28227285386904
"1637",2022-03-16 00:03:00,1,373,300,49.3326318889225,4.14515361104727
"1638",2022-03-16 00:03:05,1,373,300,49.7541175818494,4.21448137727512
"1639",2022-03-16 00:03:10,1,373,300,49.6766830581668,4.58653137543046
"1640",2022-03-16 00:03:15,1,373,300,48.5164904360587,4.35972877824611
"1641",2022-03-16 00:03:20,1,373,300,49.5834018555398,4.40931290106155
"1642",2022-03-16 00:03:25,1,373,300,48.2754662780168,4.79288083662436
"1643",2022-03-16 00:03:30,1,373,300,49.10637877678,3.72863601233222
"1644",2022-03-16 00:03:35,1,373,300,51.1585505700171,4.08996624231215
"1645",2022-03-16 00:03:40,1,373,300,50.0989901007183,4.41200680051004
"1646",2022-03-16 00:03:45,1,373,300,48.7145581575444,4.21510710872029
"1647",2022-03-16 00:03:50,1,373,300,50.2170319894428,4.18914359426219
"1648",2022-03-16 00:03:55,1,373,300,51.0421783977397,3.83836886413855
"1649",2022-03-16 00:04:00,1,373,300,50.0087718720987,3.87258964775431
"1650",2022-03-16 00:04:05,1,373,300,49.3538918190653,4.19188389148607
"1651",2022-03-16 00:04:10,1,373,300,50.8295992514065,4.02702934044225
"1652",2022-03-16 00:04:15,1,373,300,48.8515483884157,3.44576327962043
"1653",2022-03-16 00:04:20,1,373,300,50.2846210122441,4.35345717838105
"1654",2022-03-16 00:04:25,1,373,300,49.0857563838531,3.32154065964854
"1655",2022-03-16 00:04:30,1,373,300,49.1961638547243,4.29851125907317
"1656",2022-03-16 00:04:35,1,373,300,49.8392559910782,3.84417309643634
"1657",2022-03-16 00:04:40,1,373,300,50.8551281783876,3.64334718980506
"1658",2022-03-16 00:04:45,1,373,300,49.8398509964132,3.78452639712395
"1659",2022-03-16 00:04:50,1,373,300,48.9543145318703,4.55615236161892
"1660",2022-03-16 00:04:55,1,373,300,48.4307369251144,4.16880299617742
"1661",2022-03-16 00:05:00,1,373,300,48.9747115637277,4.43986316582528
"1662",2022-03-16 00:05:05,1,373,300,50.0631064536174,3.66782886143472
"1663",2022-03-16 00:05:10,1,373,300,50.9968972671566,3.83082790701928
"1664",2022-03-16 00:05:15,1,373,300,48.721618118198,4.02671995866553
"1665",2022-03-16 00:05:20,1,373,300,48.4436059163403,4.3220846096476
"1666",2022-03-16 00:05:25,1,373,300,48.9169908767268,3.63976426309757
"1667",2022-03-16 00:05:30,1,373,300,49.2543485070672,3.79579194310879
"1668",2022-03-16 00:05:35,1,373,300,49.8234105895821,4.19445233826341
"1669",2022-03-16 00:05:40,1,373,300,50.5693045580592,4.0634050186818
"1670",2022-03-16 00:05:45,1,373,300,48.8147391791047,4.15360516048912
"1671",2022-03-16 00:05:50,1,373,300,48.8965348737759,4.39021919151089
"1672",2022-03-16 00:05:55,1,373,300,48.0187664132727,4.65301721344111
"1673",2022-03-16 00:06:00,1,373,300,48.0441829326004,4.29821709686147
"1674",2022-03-16 00:06:05,1,373,300,49.1949469558954,4.07975440183141
"1675",2022-03-16 00:06:10,1,373,300,50.4982388567671,4.05946831385145
"1676",2022-03-16 00:06:15,1,373,300,50.094351065545,4.94836582837306
"1677",2022-03-16 00:06:20,1,373,300,50.4678548329425,4.1734630396386
"1678",2022-03-16 00:06:25,1,373,300,49.689202769509,3.94545650904407
"1679",2022-03-16 00:06:30,1,373,300,49.9794690477096,3.90540880624641
"1680",2022-03-16 00:06:35,1,373,300,49.0597047309227,3.88922646143224
"1681",2022-03-16 00:06:40,1,373,300,48.2618893960957,4.60730533592297
"1682",2022-03-16 00:06:45,1,373,300,49.7832509867431,3.7504214026027
"1683",2022-03-16 00:06:50,1,373,300,50.2166845831704,4.3953566983152
"1684",2022-03-16 00:06:55,1,373,300,49.4007598137669,4.33913802022586
"1685",2022-03-16 00:07:00,1,373,300,49.0347845927781,4.27373458400082
"1686",2022-03-16 00:07:05,1,373,300,48.9578221734747,4.19986062921616
"1687",2022-03-16 00:07:10,1,373,300,49.8517757071297,4.61949871127806
"1688",2022-03-16 00:07:15,1,373,300,49.3969535886853,4.86487085801988
"1689",2022-03-16 00:07:20,1,373,300,48.487454592992,4.44183001816014
"1690",2022-03-16 00:07:25,1,373,300,49.0553358574138,4.06875871265637
"1691",2022-03-16 00:07:30,1,373,300,49.3757368953417,4.06677355976421
"1692",2022-03-16 00:07:35,1,373,300,51.2562823123263,4.2042742626408
"1693",2022-03-16 00:07:40,1,373,300,49.4617966067977,4.03424287169632
"1694",2022-03-16 00:07:45,1,373,300,47.6211024467341,3.83783121148528
"1695",2022-03-16 00:07:50,1,373,300,49.5813385681627,4.61207672922231
"1696",2022-03-16 00:07:55,1,373,300,50.0929105111225,4.7993272455052
"1697",2022-03-16 00:08:00,1,373,300,49.0972749055171,3.99394569652374
"1698",2022-03-16 00:08:05,1,373,300,48.3155721711774,4.30124796498354
"1699",2022-03-16 00:08:10,1,373,300,47.9501509379124,4.13722562901417
"1700",2022-03-16 00:08:15,1,373,300,48.9757127547433,4.94961056847468
"1701",2022-03-16 00:08:20,1,373,300,48.4505445438435,4.49300077092067
"1702",2022-03-16 00:08:25,1,373,300,49.6695380573415,4.16655952544562
"1703",2022-03-16 00:08:30,1,373,300,48.7226948386572,4.20985470704793
"1704",2022-03-16 00:08:35,1,373,300,49.1418292347855,4.48388853183285
"1705",2022-03-16 00:08:40,1,373,300,49.8251559801722,4.63686097193623
"1706",2022-03-16 00:08:45,1,373,300,50.9071019803868,4.0249175602553
"1707",2022-03-16 00:08:50,1,373,300,49.4305901130078,3.77324037078006
"1708",2022-03-16 00:08:55,1,373,300,49.3970512038355,3.9241890627196
"1709",2022-03-16 00:09:00,1,373,300,48.7650443267616,3.82114643815546
"1710",2022-03-16 00:09:05,1,373,300,48.8380754734149,4.43311699046114
"1711",2022-03-16 00:09:10,1,373,300,49.9241126010141,3.44314991885745
"1712",2022-03-16 00:09:15,1,373,300,49.851320633168,4.49521979260355
"1713",2022-03-16 00:09:20,1,373,300,49.2585320172939,4.32242394781696
"1714",2022-03-16 00:09:25,1,373,300,51.4385592431561,4.40018659275561
"1715",2022-03-16 00:09:30,1,373,300,48.440748735319,4.43559760683579
"1716",2022-03-16 00:09:35,1,373,300,49.3654416601463,4.08896160643027
"1717",2022-03-16 00:09:40,1,373,300,51.301693186892,4.41813623583661
"1718",2022-03-16 00:09:45,1,373,300,49.9474409623409,3.98951142315597
"1719",2022-03-16 00:09:50,1,373,300,49.8113549026985,4.57481234445702
"1720",2022-03-16 00:09:55,1,373,300,49.1571272143409,4.44469117907533
"1721",2022-03-16 00:10:00,1,373,300,50.7022138340752,4.29284559600428
"1722",2022-03-16 00:10:05,1,373,300,48.4561380660762,4.36717137907547
"1723",2022-03-16 00:10:10,1,373,300,50.6958160848115,4.20163960953735
"1724",2022-03-16 00:10:15,1,373,300,49.2116787211846,3.69192787241713
"1725",2022-03-16 00:10:20,1,373,300,47.8410488405331,3.55072639087896
"1726",2022-03-16 00:10:25,1,373,300,48.279056266804,4.48248105353895
"1727",2022-03-16 00:10:30,1,373,300,49.540197690994,4.23419498396546
"1728",2022-03-16 00:10:35,1,373,300,48.7450454872888,4.45556559417566
"1729",2022-03-16 00:10:40,1,373,300,50.4615417087373,4.1996262678904
"1730",2022-03-16 00:10:45,1,373,300,48.325824136848,4.25987555253039
"1731",2022-03-16 00:10:50,1,373,300,50.5880615640086,4.20914772421929
"1732",2022-03-16 00:10:55,1,373,300,49.1836557920674,4.21430242045808
"1733",2022-03-16 00:11:00,1,373,300,49.359466508365,3.72735393258873
"1734",2022-03-16 00:11:05,1,373,300,47.0393962762504,4.56151663323693
"1735",2022-03-16 00:11:10,1,373,300,49.7957003455695,3.70965668246165
"1736",2022-03-16 00:11:15,1,373,300,48.7272781820596,3.99131054191511
"1737",2022-03-16 00:11:20,1,373,300,49.8654280209036,4.70029386988257
"1738",2022-03-16 00:11:25,1,373,300,48.8591653185132,4.39783988194993
"1739",2022-03-16 00:11:30,1,373,300,49.6698470200318,4.36065708743517
"1740",2022-03-16 00:11:35,1,373,300,49.6529163393974,3.90089220655369
"1741",2022-03-16 00:11:40,1,373,300,49.6468439873328,3.85022314639232
"1742",2022-03-16 00:11:45,1,373,300,50.0846301406461,4.59637459544367
"1743",2022-03-16 00:11:50,1,373,300,49.4429333771783,4.17091942274652
"1744",2022-03-16 00:11:55,1,373,300,48.749089579182,3.97485885572273
"1745",2022-03-16 00:12:00,1,373,300,49.1110517705007,4.25067362226336
"1746",2022-03-16 00:12:05,1,373,300,51.3546123327902,4.42247875279986
"1747",2022-03-16 00:12:10,1,373,300,48.8425498857195,4.71466405549468
"1748",2022-03-16 00:12:15,1,373,300,47.5912596865533,4.00449461910559
"1749",2022-03-16 00:12:20,1,373,300,49.2494412866054,3.76366891356443
"1750",2022-03-16 00:12:25,1,373,300,49.4477709651432,4.51585430619
"1751",2022-03-16 00:12:30,1,373,300,50.3803549658393,4.38529483708596
"1752",2022-03-16 00:12:35,1,373,300,49.1194207048199,4.75124941527951
"1753",2022-03-16 00:12:40,1,373,300,49.9332864803479,4.32550062481076
"1754",2022-03-16 00:12:45,1,373,300,48.9405796194727,4.28330797063494
"1755",2022-03-16 00:12:50,1,373,300,48.9290621180903,4.88840433545843
"1756",2022-03-16 00:12:55,1,373,300,50.4562404320845,4.28618741583352
"1757",2022-03-16 00:13:00,1,373,300,50.3155711003845,4.20233134666568
"1758",2022-03-16 00:13:05,1,373,300,50.2757488901429,3.84836743106299
"1759",2022-03-16 00:13:10,1,373,300,50.6839142233219,4.09528949601741
"1760",2022-03-16 00:13:15,1,373,300,49.4435473521471,4.07747374282053
"1761",2022-03-16 00:13:20,1,373,300,47.6050160494762,4.04824003331692
"1762",2022-03-16 00:13:25,1,373,300,47.5448003195518,4.57308046832454
"1763",2022-03-16 00:13:30,1,373,300,50.5139898975181,3.63957536558494
"1764",2022-03-16 00:13:35,1,373,300,47.5793873908425,4.39255718932743
"1765",2022-03-16 00:13:40,1,373,300,49.9847188446728,4.35625329364846
"1766",2022-03-16 00:13:45,1,373,300,49.6481011966295,3.66231114546431
"1767",2022-03-16 00:13:50,1,373,300,49.7548173267884,4.31912619257543
"1768",2022-03-16 00:13:55,1,373,300,49.6405772159222,4.31432168718463
"1769",2022-03-16 00:14:00,1,373,300,51.2181078498348,3.89173787579524
"1770",2022-03-16 00:14:05,1,373,300,48.9682651948234,4.70804962971784
"1771",2022-03-16 00:14:10,1,373,300,48.8693703842008,3.69528869773624
"1772",2022-03-16 00:14:15,1,373,300,50.4087015441179,4.40655425675775
"1773",2022-03-16 00:14:20,1,373,300,48.0487300040859,3.90159184302388
"1774",2022-03-16 00:14:25,1,373,300,49.5794983349282,3.82974997777272
"1775",2022-03-16 00:14:30,1,373,300,48.0664795077023,4.0883645231414
"1776",2022-03-16 00:14:35,1,373,300,49.0834728265155,4.01034428499702
"1777",2022-03-16 00:14:40,1,373,300,48.585807694755,4.04522717263904
"1778",2022-03-16 00:14:45,1,373,300,47.5828566805878,4.27617980831247
"1779",2022-03-16 00:14:50,1,373,300,51.4691315194945,4.31667273168262
"1780",2022-03-16 00:14:55,1,373,300,49.6142508348523,4.83498354200568
"1781",2022-03-16 00:15:00,1,373,300,50.1777935716272,4.00236149022615
"1782",2022-03-16 00:15:05,1,373,300,51.2729923957466,3.90550978524851
"1783",2022-03-16 00:15:10,1,373,300,49.390904734346,4.1597821437928
"1784",2022-03-16 00:15:15,1,373,300,49.3164345455146,4.41304143049437
"1785",2022-03-16 00:15:20,1,373,300,49.3984694757624,4.18570739038862
"1786",2022-03-16 00:15:25,1,373,300,49.1878351484431,3.96704797761038
"1787",2022-03-16 00:15:30,1,373,300,49.4811592919906,4.23375875779675
"1788",2022-03-16 00:15:35,1,373,300,51.0239663700317,4.24968735269732
"1789",2022-03-16 00:15:40,1,373,300,48.8992207796323,4.37807500115363
"1790",2022-03-16 00:15:45,1,373,300,51.0207674097311,4.10618201097944
"1791",2022-03-16 00:15:50,1,373,300,48.6029226038793,4.39740938951449
"1792",2022-03-16 00:15:55,1,373,300,47.4780465459625,3.67328454772988
"1793",2022-03-16 00:16:00,1,373,300,49.6753683115125,3.85706236326356
"1794",2022-03-16 00:16:05,1,373,300,48.9855672001996,4.79869517471132
"1795",2022-03-16 00:16:10,1,373,300,49.154893353314,4.43268517339542
"1796",2022-03-16 00:16:15,1,373,300,49.1564376200502,3.77511501457318
"1797",2022-03-16 00:16:20,1,373,300,49.7660133018986,3.97075809547114
"1798",2022-03-16 00:16:25,1,373,300,50.5246780462848,3.2934373801403
"1799",2022-03-16 00:16:30,1,373,300,49.0906607855267,3.94262322585862
"1800",2022-03-16 00:16:35,1,373,300,49.2697515252661,4.48997730160834
"1801",2022-03-17 00:00:00,2,303,100,49.2058461486035,6.85380365024709
"1802",2022-03-17 00:00:05,2,303,100,50.0959797160382,6.57222336158424
"1803",2022-03-17 00:00:10,2,303,100,47.6275156047595,5.92067177225951
"1804",2022-03-17 00:00:15,2,303,100,49.2799958687756,6.24751380526389
"1805",2022-03-17 00:00:20,2,303,100,49.3258240408619,6.03936629944019
"1806",2022-03-17 00:00:25,2,303,100,49.5992629345568,6.03391403653581
"1807",2022-03-17 00:00:30,2,303,100,49.7638857630356,6.25372774663525
"1808",2022-03-17 00:00:35,2,303,100,48.4635524370337,6.67062836380055
"1809",2022-03-17 00:00:40,2,303,100,48.6119989401343,6.05395465646087
"1810",2022-03-17 00:00:45,2,303,100,47.2606856315551,6.55736364465388
"1811",2022-03-17 00:00:50,2,303,100,50.2731912887018,6.42252983234619
"1812",2022-03-17 00:00:55,2,303,100,50.6632824701374,6.61987710314302
"1813",2022-03-17 00:01:00,2,303,100,51.0718429593538,6.21515618490116
"1814",2022-03-17 00:01:05,2,303,100,49.1489191661898,6.51954286469802
"1815",2022-03-17 00:01:10,2,303,100,48.8328892304772,6.67461281572812
"1816",2022-03-17 00:01:15,2,303,100,53.1146979857462,6.79001438669675
"1817",2022-03-17 00:01:20,2,303,100,48.7608937861861,6.47887420703546
"1818",2022-03-17 00:01:25,2,303,100,50.5928936653128,6.52219486079355
"1819",2022-03-17 00:01:30,2,303,100,50.1917705365444,6.89268319267466
"1820",2022-03-17 00:01:35,2,303,100,49.0431394147072,6.46555283125741
"1821",2022-03-17 00:01:40,2,303,100,48.2334847279442,6.31945172435809
"1822",2022-03-17 00:01:45,2,303,100,47.1287350042607,6.58073160103027
"1823",2022-03-17 00:01:50,2,303,100,48.3205594511215,6.66736236149151
"1824",2022-03-17 00:01:55,2,303,100,47.4066141390815,6.51859139273102
"1825",2022-03-17 00:02:00,2,303,100,47.2596472751203,6.21627275866511
"1826",2022-03-17 00:02:05,2,303,100,49.8777412633889,6.25628856682356
"1827",2022-03-17 00:02:10,2,303,100,49.8211778100739,6.30802234606396
"1828",2022-03-17 00:02:15,2,303,100,48.9368090590198,6.48609567822097
"1829",2022-03-17 00:02:20,2,303,100,47.9171811002113,6.46076041884816
"1830",2022-03-17 00:02:25,2,303,100,47.3730296430256,6.49755547569249
"1831",2022-03-17 00:02:30,2,303,100,49.5145101227403,6.48913446863982
"1832",2022-03-17 00:02:35,2,303,100,48.3591732519616,6.36883936911687
"1833",2022-03-17 00:02:40,2,303,100,48.7961802522218,5.99004252643263
"1834",2022-03-17 00:02:45,2,303,100,50.8271709928663,6.24784622787976
"1835",2022-03-17 00:02:50,2,303,100,49.9725648979756,6.32602443428909
"1836",2022-03-17 00:02:55,2,303,100,46.625527767603,6.67186909099795
"1837",2022-03-17 00:03:00,2,303,100,47.4277276116924,5.86258705199064
"1838",2022-03-17 00:03:05,2,303,100,48.0103007272695,6.20141877480577
"1839",2022-03-17 00:03:10,2,303,100,48.3135735745158,6.36829464070509
"1840",2022-03-17 00:03:15,2,303,100,48.4889724426848,6.40376981469436
"1841",2022-03-17 00:03:20,2,303,100,47.9885778897689,6.00598026572032
"1842",2022-03-17 00:03:25,2,303,100,51.6175645102227,6.10145794465679
"1843",2022-03-17 00:03:30,2,303,100,48.8215002838413,5.81205745841223
"1844",2022-03-17 00:03:35,2,303,100,48.8018909123993,6.75837688143975
"1845",2022-03-17 00:03:40,2,303,100,46.672185390925,6.40168967172888
"1846",2022-03-17 00:03:45,2,303,100,48.449418566179,6.70076768691359
"1847",2022-03-17 00:03:50,2,303,100,48.459702181739,6.66603103947784
"1848",2022-03-17 00:03:55,2,303,100,50.3766492464141,6.36701217047037
"1849",2022-03-17 00:04:00,2,303,100,50.1869736257042,6.22174084087619
"1850",2022-03-17 00:04:05,2,303,100,45.6968469319799,6.18288189032611
"1851",2022-03-17 00:04:10,2,303,100,50.4393110981528,6.33458254548853
"1852",2022-03-17 00:04:15,2,303,100,50.3359157148378,6.17999542905311
"1853",2022-03-17 00:04:20,2,303,100,49.5836327021134,6.26744484355692
"1854",2022-03-17 00:04:25,2,303,100,50.515483286668,6.56057545153422
"1855",2022-03-17 00:04:30,2,303,100,47.0944629226237,6.62243649805163
"1856",2022-03-17 00:04:35,2,303,100,49.1019162552739,6.13880012077768
"1857",2022-03-17 00:04:40,2,303,100,48.9759504003071,5.95748053219995
"1858",2022-03-17 00:04:45,2,303,100,48.7074992629752,6.25840805092643
"1859",2022-03-17 00:04:50,2,303,100,47.9789193568424,6.14548890992278
"1860",2022-03-17 00:04:55,2,303,100,47.5097719427001,5.97107073638278
"1861",2022-03-17 00:05:00,2,303,100,50.1338942938473,6.35074201187312
"1862",2022-03-17 00:05:05,2,303,100,50.7133087501121,6.53010556917097
"1863",2022-03-17 00:05:10,2,303,100,50.3193322971031,6.32976340167817
"1864",2022-03-17 00:05:15,2,303,100,47.6751709620562,6.77446342114733
"1865",2022-03-17 00:05:20,2,303,100,49.8663573324295,6.7004333182559
"1866",2022-03-17 00:05:25,2,303,100,46.2210985918932,6.48762982350302
"1867",2022-03-17 00:05:30,2,303,100,47.7230868551101,6.52901137736026
"1868",2022-03-17 00:05:35,2,303,100,47.6276758191136,6.53433279762273
"1869",2022-03-17 00:05:40,2,303,100,46.9321151963829,6.0829539859539
"1870",2022-03-17 00:05:45,2,303,100,52.5459226708586,6.22330503688936
"1871",2022-03-17 00:05:50,2,303,100,49.2476253299666,6.22522154182715
"1872",2022-03-17 00:05:55,2,303,100,50.0013260605837,6.4275379616993
"1873",2022-03-17 00:06:00,2,303,100,50.0488884985362,6.12279399295905
"1874",2022-03-17 00:06:05,2,303,100,49.4240499564153,6.41421509416311
"1875",2022-03-17 00:06:10,2,303,100,48.7097407475012,6.21399865583577
"1876",2022-03-17 00:06:15,2,303,100,50.8971611597478,6.41084838319632
"1877",2022-03-17 00:06:20,2,303,100,50.6740250011771,6.66825201411418
"1878",2022-03-17 00:06:25,2,303,100,48.5867686068941,6.12528028375024
"1879",2022-03-17 00:06:30,2,303,100,48.1460693068465,6.14950115050699
"1880",2022-03-17 00:06:35,2,303,100,51.6952249027416,6.38034077670051
"1881",2022-03-17 00:06:40,2,303,100,49.6126212716631,6.10421654229528
"1882",2022-03-17 00:06:45,2,303,100,47.8102460458995,6.41399108092981
"1883",2022-03-17 00:06:50,2,303,100,48.8662656797552,6.35803083925463
"1884",2022-03-17 00:06:55,2,303,100,49.9578698892572,6.21289575590608
"1885",2022-03-17 00:07:00,2,303,100,49.3620838511972,6.16404449114152
"1886",2022-03-17 00:07:05,2,303,100,48.7102821603381,6.58639005722752
"1887",2022-03-17 00:07:10,2,303,100,49.2751638848965,6.51322405160959
"1888",2022-03-17 00:07:15,2,303,100,49.9117157422496,6.31625094019598
"1889",2022-03-17 00:07:20,2,303,100,49.0501039120745,6.56158723964486
"1890",2022-03-17 00:07:25,2,303,100,46.8959252378534,6.14484403038797
"1891",2022-03-17 00:07:30,2,303,100,51.6533605009224,6.29192671453569
"1892",2022-03-17 00:07:35,2,303,100,49.7935608074462,6.49541823247718
"1893",2022-03-17 00:07:40,2,303,100,48.7746818813886,6.37174420870717
"1894",2022-03-17 00:07:45,2,303,100,48.0874694514999,5.96460000866161
"1895",2022-03-17 00:07:50,2,303,100,51.1767365500331,6.18278655532097
"1896",2022-03-17 00:07:55,2,303,100,49.1884970588664,6.17930518573269
"1897",2022-03-17 00:08:00,2,303,100,48.3425170596168,6.47835844389264
"1898",2022-03-17 00:08:05,2,303,100,49.0073669069284,6.41933178863529
"1899",2022-03-17 00:08:10,2,303,100,46.8614720053028,6.40503244170273
"1900",2022-03-17 00:08:15,2,303,100,47.5834567843645,6.57687346878507
"1901",2022-03-17 00:08:20,2,303,100,49.4155186216326,6.44721266833447
"1902",2022-03-17 00:08:25,2,303,100,48.4479010384109,6.48049189914325
"1903",2022-03-17 00:08:30,2,303,100,51.4104965793225,6.35417242917122
"1904",2022-03-17 00:08:35,2,303,100,50.9986701577446,6.84861389179651
"1905",2022-03-17 00:08:40,2,303,100,49.2905865109004,6.13356862807378
"1906",2022-03-17 00:08:45,2,303,100,50.6781187971287,6.24402550001503
"1907",2022-03-17 00:08:50,2,303,100,47.399191040855,6.45207479778513
"1908",2022-03-17 00:08:55,2,303,100,49.5759430359081,5.98514957523259
"1909",2022-03-17 00:09:00,2,303,100,48.4192459901716,5.8455862982475
"1910",2022-03-17 00:09:05,2,303,100,51.4634005529943,6.13195830811518
"1911",2022-03-17 00:09:10,2,303,100,46.4446557068879,6.04625435190546
"1912",2022-03-17 00:09:15,2,303,100,47.7459016662249,6.21714327643789
"1913",2022-03-17 00:09:20,2,303,100,49.5204241416252,6.81394929177298
"1914",2022-03-17 00:09:25,2,303,100,48.4213630490644,6.49975283161435
"1915",2022-03-17 00:09:30,2,303,100,49.4518648987413,6.30832195252088
"1916",2022-03-17 00:09:35,2,303,100,48.1891340095769,6.27760557886102
"1917",2022-03-17 00:09:40,2,303,100,50.2463781170053,6.00177402192554
"1918",2022-03-17 00:09:45,2,303,100,48.7593498056535,6.41238976144672
"1919",2022-03-17 00:09:50,2,303,100,48.0803210019168,6.08524789005167
"1920",2022-03-17 00:09:55,2,303,100,47.658595261377,6.68359702486601
"1921",2022-03-17 00:10:00,2,303,100,47.127448175946,6.35929845453697
"1922",2022-03-17 00:10:05,2,303,100,48.2973703775059,6.27511787313369
"1923",2022-03-17 00:10:10,2,303,100,47.8292700110159,6.24051449460088
"1924",2022-03-17 00:10:15,2,303,100,47.9454429822393,6.49410249813234
"1925",2022-03-17 00:10:20,2,303,100,51.9584694510649,5.85939061787169
"1926",2022-03-17 00:10:25,2,303,100,50.0112425829534,6.7290244490996
"1927",2022-03-17 00:10:30,2,303,100,49.3834022125574,6.36125212391851
"1928",2022-03-17 00:10:35,2,303,100,51.584680938294,6.76327605978202
"1929",2022-03-17 00:10:40,2,303,100,48.5580816221206,6.51199641969494
"1930",2022-03-17 00:10:45,2,303,100,48.8443682282012,6.40952113611839
"1931",2022-03-17 00:10:50,2,303,100,49.987982522746,6.27422607496201
"1932",2022-03-17 00:10:55,2,303,100,48.1886789650246,6.49831989365587
"1933",2022-03-17 00:11:00,2,303,100,49.1440974492188,6.27418570541616
"1934",2022-03-17 00:11:05,2,303,100,49.5268985218852,6.61449501437619
"1935",2022-03-17 00:11:10,2,303,100,50.0622442614768,5.96531032241236
"1936",2022-03-17 00:11:15,2,303,100,49.3546116085159,6.09219236137449
"1937",2022-03-17 00:11:20,2,303,100,49.7385558902605,6.48049895780106
"1938",2022-03-17 00:11:25,2,303,100,47.4166619314875,6.10340672509371
"1939",2022-03-17 00:11:30,2,303,100,48.4771458581429,6.4911208213574
"1940",2022-03-17 00:11:35,2,303,100,49.84532161093,6.51937578921819
"1941",2022-03-17 00:11:40,2,303,100,49.1956938276086,6.55354718641183
"1942",2022-03-17 00:11:45,2,303,100,47.3174282747198,6.82955435730859
"1943",2022-03-17 00:11:50,2,303,100,46.9164687554584,6.28348381871689
"1944",2022-03-17 00:11:55,2,303,100,49.4116251322843,6.41811828653231
"1945",2022-03-17 00:12:00,2,303,100,49.3361813942539,6.03753430077402
"1946",2022-03-17 00:12:05,2,303,100,50.3275658505162,6.47311777967789
"1947",2022-03-17 00:12:10,2,303,100,50.7720834352966,6.4550129479864
"1948",2022-03-17 00:12:15,2,303,100,48.2600875732066,6.35737995713802
"1949",2022-03-17 00:12:20,2,303,100,49.4273225630065,6.40558315601482
"1950",2022-03-17 00:12:25,2,303,100,46.6315594960576,6.61346473608327
"1951",2022-03-17 00:12:30,2,303,100,51.3700683058329,6.3056526886965
"1952",2022-03-17 00:12:35,2,303,100,51.6841064429695,6.44456145401646
"1953",2022-03-17 00:12:40,2,303,100,50.6724765411567,6.79989743457044
"1954",2022-03-17 00:12:45,2,303,100,49.3088024673078,6.58963090802384
"1955",2022-03-17 00:12:50,2,303,100,49.5443901283884,6.68112651963838
"1956",2022-03-17 00:12:55,2,303,100,47.8206458826148,6.72126311064528
"1957",2022-03-17 00:13:00,2,303,100,49.4986200130197,6.48395348144348
"1958",2022-03-17 00:13:05,2,303,100,50.0740577631226,6.14371657287499
"1959",2022-03-17 00:13:10,2,303,100,48.9502493202006,6.38187109782912
"1960",2022-03-17 00:13:15,2,303,100,46.7012192961219,6.42715122069428
"1961",2022-03-17 00:13:20,2,303,100,48.9620574400668,6.22436926474921
"1962",2022-03-17 00:13:25,2,303,100,49.8253545213604,6.48555968601942
"1963",2022-03-17 00:13:30,2,303,100,50.6047571216689,6.43347150480184
"1964",2022-03-17 00:13:35,2,303,100,50.0843923828171,6.39084874208175
"1965",2022-03-17 00:13:40,2,303,100,49.1834911705004,6.15256217680183
"1966",2022-03-17 00:13:45,2,303,100,48.2686973007769,6.51826846532807
"1967",2022-03-17 00:13:50,2,303,100,47.5270973456274,6.16871414407083
"1968",2022-03-17 00:13:55,2,303,100,50.4552719158619,6.37069939417863
"1969",2022-03-17 00:14:00,2,303,100,50.1349678747622,6.78187700346954
"1970",2022-03-17 00:14:05,2,303,100,49.3530906895561,6.51700570347307
"1971",2022-03-17 00:14:10,2,303,100,49.1613851328884,6.3617812155638
"1972",2022-03-17 00:14:15,2,303,100,49.1470142720663,6.45325774953438
"1973",2022-03-17 00:14:20,2,303,100,47.338622516366,6.62733095703559
"1974",2022-03-17 00:14:25,2,303,100,50.0547280268143,6.40571948573999
"1975",2022-03-17 00:14:30,2,303,100,49.1870659331289,6.54091171466542
"1976",2022-03-17 00:14:35,2,303,100,50.8742470811239,6.2476899733419
"1977",2022-03-17 00:14:40,2,303,100,47.6111146172987,6.08955908770576
"1978",2022-03-17 00:14:45,2,303,100,48.7030249241176,6.23679216186695
"1979",2022-03-17 00:14:50,2,303,100,46.3500338980418,6.49975059504857
"1980",2022-03-17 00:14:55,2,303,100,51.12348396177,6.58749786214742
"1981",2022-03-17 00:15:00,2,303,100,50.5326681630108,6.51567526847973
"1982",2022-03-17 00:15:05,2,303,100,49.3608043394158,6.32544584561448
"1983",2022-03-17 00:15:10,2,303,100,47.8361759370636,6.9148681600896
"1984",2022-03-17 00:15:15,2,303,100,47.1943229542543,6.59382975581519
"1985",2022-03-17 00:15:20,2,303,100,47.4184098427501,6.31570233474553
"1986",2022-03-17 00:15:25,2,303,100,45.9612826411519,6.02220782552843
"1987",2022-03-17 00:15:30,2,303,100,49.1786390562373,6.35644746961679
"1988",2022-03-17 00:15:35,2,303,100,45.8878705072583,6.1286916187397
"1989",2022-03-17 00:15:40,2,303,100,49.7715162203858,6.56080221414104
"1990",2022-03-17 00:15:45,2,303,100,50.6441888962144,6.26441910154962
"1991",2022-03-17 00:15:50,2,303,100,51.0139553382065,6.45410770778112
"1992",2022-03-17 00:15:55,2,303,100,46.8275649348664,6.03096608142933
"1993",2022-03-17 00:16:00,2,303,100,51.440240017432,6.2081735310984
"1994",2022-03-17 00:16:05,2,303,100,47.7455402482575,6.41549701480294
"1995",2022-03-17 00:16:10,2,303,100,48.8540792523911,6.20725063519197
"1996",2022-03-17 00:16:15,2,303,100,47.7870209768079,6.20228197043799
"1997",2022-03-17 00:16:20,2,303,100,48.6621851755646,6.41519989533243
"1998",2022-03-17 00:16:25,2,303,100,48.4626557287124,6.31887055844407
"1999",2022-03-17 00:16:30,2,303,100,45.8386608515332,6.24392923719991
"2000",2022-03-17 00:16:35,2,303,100,47.3182271898155,6.23669886097717
"2001",2022-03-18 00:00:00,2,303,200,45.9087762758106,5.96635695067196
"2002",2022-03-18 00:00:05,2,303,200,48.6564889406624,5.69678724324394
"2003",2022-03-18 00:00:10,2,303,200,46.6985386500266,5.78744028816153
"2004",2022-03-18 00:00:15,2,303,200,48.9785176357418,5.7516041598979
"2005",2022-03-18 00:00:20,2,303,200,48.2093664801468,5.76705474250234
"2006",2022-03-18 00:00:25,2,303,200,48.1064151961479,5.51078526768399
"2007",2022-03-18 00:00:30,2,303,200,47.4069336145304,5.85126587771622
"2008",2022-03-18 00:00:35,2,303,200,49.6210897956465,5.53985313314274
"2009",2022-03-18 00:00:40,2,303,200,49.0533884704306,5.48646937484996
"2010",2022-03-18 00:00:45,2,303,200,48.3674925119908,5.93809397206039
"2011",2022-03-18 00:00:50,2,303,200,48.3328865755954,5.41915318671789
"2012",2022-03-18 00:00:55,2,303,200,50.2770012117131,5.71554146766818
"2013",2022-03-18 00:01:00,2,303,200,49.3334089219539,5.6925155666981
"2014",2022-03-18 00:01:05,2,303,200,47.1706507540594,6.04038021398884
"2015",2022-03-18 00:01:10,2,303,200,48.644292575959,5.87503345581784
"2016",2022-03-18 00:01:15,2,303,200,48.7253460291053,5.73642625939543
"2017",2022-03-18 00:01:20,2,303,200,48.9822375044154,5.53569931922458
"2018",2022-03-18 00:01:25,2,303,200,48.6103656573038,5.26522704991466
"2019",2022-03-18 00:01:30,2,303,200,50.1450621363491,5.37880296479532
"2020",2022-03-18 00:01:35,2,303,200,48.5798979885962,5.79581609245841
"2021",2022-03-18 00:01:40,2,303,200,49.3137977712996,5.792374598937
"2022",2022-03-18 00:01:45,2,303,200,47.4901250964323,5.282750425367
"2023",2022-03-18 00:01:50,2,303,200,47.9037609606021,5.82079112971268
"2024",2022-03-18 00:01:55,2,303,200,50.8826158123792,5.76817345087605
"2025",2022-03-18 00:02:00,2,303,200,49.6719418819049,5.89305149015613
"2026",2022-03-18 00:02:05,2,303,200,47.8651722415941,5.53945663942342
"2027",2022-03-18 00:02:10,2,303,200,49.1593136282622,5.65120604051488
"2028",2022-03-18 00:02:15,2,303,200,50.2306156016876,5.64542034852121
"2029",2022-03-18 00:02:20,2,303,200,50.2569827234093,5.4847247290226
"2030",2022-03-18 00:02:25,2,303,200,46.985332818306,5.33923127502025
"2031",2022-03-18 00:02:30,2,303,200,48.2922875063563,5.42674976912285
"2032",2022-03-18 00:02:35,2,303,200,50.9866625367229,5.33948181622095
"2033",2022-03-18 00:02:40,2,303,200,49.5362796377808,5.50938419378823
"2034",2022-03-18 00:02:45,2,303,200,48.0305086691937,5.44634168442568
"2035",2022-03-18 00:02:50,2,303,200,48.1687241437604,5.59046817497212
"2036",2022-03-18 00:02:55,2,303,200,51.0378551403255,5.75887988580216
"2037",2022-03-18 00:03:00,2,303,200,49.5979807481763,5.2765406304028
"2038",2022-03-18 00:03:05,2,303,200,49.5854424720596,5.95733725766573
"2039",2022-03-18 00:03:10,2,303,200,49.3332495856539,5.74837961441072
"2040",2022-03-18 00:03:15,2,303,200,48.787102553463,5.550834385651
"2041",2022-03-18 00:03:20,2,303,200,48.6350052144933,5.87090301169989
"2042",2022-03-18 00:03:25,2,303,200,49.7970021534854,5.68997546623027
"2043",2022-03-18 00:03:30,2,303,200,50.6528739440172,5.63929632299277
"2044",2022-03-18 00:03:35,2,303,200,49.0257444330487,5.71633750164176
"2045",2022-03-18 00:03:40,2,303,200,51.4030166943156,5.99628879912582
"2046",2022-03-18 00:03:45,2,303,200,49.2617894323382,5.6276137047733
"2047",2022-03-18 00:03:50,2,303,200,49.8755617251791,5.86295347189704
"2048",2022-03-18 00:03:55,2,303,200,48.635424509363,5.9490452523719
"2049",2022-03-18 00:04:00,2,303,200,49.2046488548448,5.77962000384626
"2050",2022-03-18 00:04:05,2,303,200,50.4605020876377,5.82283721787349
"2051",2022-03-18 00:04:10,2,303,200,52.3754499861757,5.48836614699336
"2052",2022-03-18 00:04:15,2,303,200,48.4309226332161,6.08086373892945
"2053",2022-03-18 00:04:20,2,303,200,47.2719322511717,5.92066684610956
"2054",2022-03-18 00:04:25,2,303,200,48.3230757364378,5.8661398506024
"2055",2022-03-18 00:04:30,2,303,200,50.3167959082096,5.67052502059965
"2056",2022-03-18 00:04:35,2,303,200,48.2760959235412,5.42405648280384
"2057",2022-03-18 00:04:40,2,303,200,47.2920186203609,6.12168204771705
"2058",2022-03-18 00:04:45,2,303,200,47.5842594810449,5.67954831686474
"2059",2022-03-18 00:04:50,2,303,200,49.4326832384158,5.6181923005928
"2060",2022-03-18 00:04:55,2,303,200,47.8803142399479,5.78479581615035
"2061",2022-03-18 00:05:00,2,303,200,49.3077754201008,5.45263697423448
"2062",2022-03-18 00:05:05,2,303,200,48.1164350363817,5.4336878936125
"2063",2022-03-18 00:05:10,2,303,200,49.3119556041604,5.33942109557419
"2064",2022-03-18 00:05:15,2,303,200,48.778414540159,5.76255776796769
"2065",2022-03-18 00:05:20,2,303,200,47.0137706507628,5.62781672954025
"2066",2022-03-18 00:05:25,2,303,200,49.3532374007072,5.35646733687818
"2067",2022-03-18 00:05:30,2,303,200,51.2867565515687,5.3706378587386
"2068",2022-03-18 00:05:35,2,303,200,48.1037879456102,5.51583970148407
"2069",2022-03-18 00:05:40,2,303,200,48.5873397651864,5.60225919549161
"2070",2022-03-18 00:05:45,2,303,200,49.6974450062367,6.11212631715856
"2071",2022-03-18 00:05:50,2,303,200,50.591106569041,5.40863969931677
"2072",2022-03-18 00:05:55,2,303,200,50.4069312618661,5.17921020927241
"2073",2022-03-18 00:06:00,2,303,200,48.1478861185197,5.35566650415864
"2074",2022-03-18 00:06:05,2,303,200,50.1481721499777,6.06090956270302
"2075",2022-03-18 00:06:10,2,303,200,47.2819838879322,5.71758307359282
"2076",2022-03-18 00:06:15,2,303,200,49.991746712121,5.85947074417616
"2077",2022-03-18 00:06:20,2,303,200,45.8292576260888,5.55333836633433
"2078",2022-03-18 00:06:25,2,303,200,50.0765752109077,5.69142396871563
"2079",2022-03-18 00:06:30,2,303,200,48.8522204531747,5.60332415554067
"2080",2022-03-18 00:06:35,2,303,200,49.1358750409697,6.15099136858956
"2081",2022-03-18 00:06:40,2,303,200,46.3524576726088,5.60120264710308
"2082",2022-03-18 00:06:45,2,303,200,49.943182980731,5.71308253317112
"2083",2022-03-18 00:06:50,2,303,200,49.3208764957945,5.59666144774243
"2084",2022-03-18 00:06:55,2,303,200,48.9514155168733,5.81370501192087
"2085",2022-03-18 00:07:00,2,303,200,48.3791955597058,5.95070273268857
"2086",2022-03-18 00:07:05,2,303,200,48.771730399336,5.58403277679047
"2087",2022-03-18 00:07:10,2,303,200,49.3074487921543,5.87976921986314
"2088",2022-03-18 00:07:15,2,303,200,48.2566234609614,5.51147036104716
"2089",2022-03-18 00:07:20,2,303,200,48.9102031187547,5.73404590210994
"2090",2022-03-18 00:07:25,2,303,200,50.2443270905683,5.66869591374668
"2091",2022-03-18 00:07:30,2,303,200,47.7606215594989,5.73033965532211
"2092",2022-03-18 00:07:35,2,303,200,48.9260548299029,5.9680638492119
"2093",2022-03-18 00:07:40,2,303,200,48.0202139759351,5.67804527718057
"2094",2022-03-18 00:07:45,2,303,200,47.5544008585485,5.44444025549599
"2095",2022-03-18 00:07:50,2,303,200,50.0613311837963,6.03030326730885
"2096",2022-03-18 00:07:55,2,303,200,50.1303723219068,5.83992064050471
"2097",2022-03-18 00:08:00,2,303,200,48.4317665175744,5.8451868863902
"2098",2022-03-18 00:08:05,2,303,200,45.8057083584873,5.73803209015348
"2099",2022-03-18 00:08:10,2,303,200,48.5903526026093,5.73062094644055
"2100",2022-03-18 00:08:15,2,303,200,48.6599249658206,5.73166180589594
"2101",2022-03-18 00:08:20,2,303,200,47.9207849967692,5.34471657557207
"2102",2022-03-18 00:08:25,2,303,200,48.7691877065919,5.68703091479734
"2103",2022-03-18 00:08:30,2,303,200,48.4909713873822,5.80708678320752
"2104",2022-03-18 00:08:35,2,303,200,50.2114564062141,5.97282149160643
"2105",2022-03-18 00:08:40,2,303,200,49.405720157711,5.85250830101946
"2106",2022-03-18 00:08:45,2,303,200,48.9985343742265,5.7711593692864
"2107",2022-03-18 00:08:50,2,303,200,49.6022141796352,5.35756908572778
"2108",2022-03-18 00:08:55,2,303,200,49.5022329172653,5.58903904992046
"2109",2022-03-18 00:09:00,2,303,200,49.4630966731254,5.74680874246723
"2110",2022-03-18 00:09:05,2,303,200,47.6972852952973,5.79162093071859
"2111",2022-03-18 00:09:10,2,303,200,48.7936522157502,5.8578315093736
"2112",2022-03-18 00:09:15,2,303,200,50.6036416504064,5.9029544754597
"2113",2022-03-18 00:09:20,2,303,200,51.3160153051884,5.68870727954264
"2114",2022-03-18 00:09:25,2,303,200,49.0443600867217,5.70540382886817
"2115",2022-03-18 00:09:30,2,303,200,48.377431086212,5.71830537514429
"2116",2022-03-18 00:09:35,2,303,200,49.4548396749432,5.71526080604261
"2117",2022-03-18 00:09:40,2,303,200,48.9982142505407,5.7944735317772
"2118",2022-03-18 00:09:45,2,303,200,48.3377362287006,5.9817156719867
"2119",2022-03-18 00:09:50,2,303,200,50.1231158411626,5.62341051049591
"2120",2022-03-18 00:09:55,2,303,200,48.6723709602663,5.81338155061873
"2121",2022-03-18 00:10:00,2,303,200,47.5287117889471,5.62302986950178
"2122",2022-03-18 00:10:05,2,303,200,47.1593210325623,5.42873511329166
"2123",2022-03-18 00:10:10,2,303,200,46.5492395069784,5.7974326661557
"2124",2022-03-18 00:10:15,2,303,200,47.7482572156321,6.01490053526488
"2125",2022-03-18 00:10:20,2,303,200,49.121330484356,5.46736447108647
"2126",2022-03-18 00:10:25,2,303,200,48.0037537089022,6.02807391423214
"2127",2022-03-18 00:10:30,2,303,200,50.2796973560358,5.7172537962888
"2128",2022-03-18 00:10:35,2,303,200,47.7109149265364,5.34188577862636
"2129",2022-03-18 00:10:40,2,303,200,50.7467512792175,5.81171034779117
"2130",2022-03-18 00:10:45,2,303,200,49.990999085795,5.95420191975956
"2131",2022-03-18 00:10:50,2,303,200,49.6144623040042,5.46932866709096
"2132",2022-03-18 00:10:55,2,303,200,47.4133273236129,5.42276094134052
"2133",2022-03-18 00:11:00,2,303,200,47.4746617098868,5.25587280671853
"2134",2022-03-18 00:11:05,2,303,200,50.3967270178863,5.26829675484842
"2135",2022-03-18 00:11:10,2,303,200,49.1082117646908,5.52485319045829
"2136",2022-03-18 00:11:15,2,303,200,46.5412940549501,5.18788948832838
"2137",2022-03-18 00:11:20,2,303,200,49.1284256728128,5.83073881316776
"2138",2022-03-18 00:11:25,2,303,200,50.655633183249,5.72125887699432
"2139",2022-03-18 00:11:30,2,303,200,50.5587892920536,5.94800527886997
"2140",2022-03-18 00:11:35,2,303,200,49.8201299886506,5.66270394825197
"2141",2022-03-18 00:11:40,2,303,200,49.9098514096323,5.67590895853
"2142",2022-03-18 00:11:45,2,303,200,47.3833787705431,5.85189115841033
"2143",2022-03-18 00:11:50,2,303,200,48.280659200092,5.39882437034241
"2144",2022-03-18 00:11:55,2,303,200,48.8704843682722,5.88712299218011
"2145",2022-03-18 00:12:00,2,303,200,49.4622360013113,6.01331891573642
"2146",2022-03-18 00:12:05,2,303,200,48.0659139488746,5.84041200923861
"2147",2022-03-18 00:12:10,2,303,200,50.3875108929252,5.49660503237829
"2148",2022-03-18 00:12:15,2,303,200,46.2525177917924,5.81040652939953
"2149",2022-03-18 00:12:20,2,303,200,48.4631433199493,5.46883048198548
"2150",2022-03-18 00:12:25,2,303,200,46.8266819066885,5.25627518200431
"2151",2022-03-18 00:12:30,2,303,200,49.1865346954563,5.57319358777751
"2152",2022-03-18 00:12:35,2,303,200,49.4091385863914,5.45121497039894
"2153",2022-03-18 00:12:40,2,303,200,48.6039764796767,5.34890471119525
"2154",2022-03-18 00:12:45,2,303,200,47.7671147054798,5.88492325327764
"2155",2022-03-18 00:12:50,2,303,200,51.0454199789591,5.73803365459455
"2156",2022-03-18 00:12:55,2,303,200,48.8924331058833,5.82258807912462
"2157",2022-03-18 00:13:00,2,303,200,49.7918178838919,5.94046272779893
"2158",2022-03-18 00:13:05,2,303,200,48.8075833346279,5.82197278546838
"2159",2022-03-18 00:13:10,2,303,200,51.5168959161162,5.38867353462143
"2160",2022-03-18 00:13:15,2,303,200,48.4321088663592,5.63210718798699
"2161",2022-03-18 00:13:20,2,303,200,49.0616359739291,5.96090617087722
"2162",2022-03-18 00:13:25,2,303,200,50.7757208090744,5.61246249251706
"2163",2022-03-18 00:13:30,2,303,200,48.4533728321923,5.98956895223066
"2164",2022-03-18 00:13:35,2,303,200,48.9934683717353,5.448562950813
"2165",2022-03-18 00:13:40,2,303,200,46.9953408983272,5.63814388376594
"2166",2022-03-18 00:13:45,2,303,200,48.9368975106009,5.95000773140464
"2167",2022-03-18 00:13:50,2,303,200,49.5597892052946,5.91461495903403
"2168",2022-03-18 00:13:55,2,303,200,49.6070694036856,5.95818108040804
"2169",2022-03-18 00:14:00,2,303,200,46.1810457068734,5.71571452738603
"2170",2022-03-18 00:14:05,2,303,200,50.2703818467797,5.72179665125273
"2171",2022-03-18 00:14:10,2,303,200,49.0306666924324,5.67006201572462
"2172",2022-03-18 00:14:15,2,303,200,47.9560969052737,5.54061070656868
"2173",2022-03-18 00:14:20,2,303,200,49.876212297135,5.6136435812352
"2174",2022-03-18 00:14:25,2,303,200,49.739203852745,5.60760484493936
"2175",2022-03-18 00:14:30,2,303,200,47.2719025404236,5.81352442405652
"2176",2022-03-18 00:14:35,2,303,200,49.3726811445685,5.51442237153525
"2177",2022-03-18 00:14:40,2,303,200,51.9049615556353,5.93662223216729
"2178",2022-03-18 00:14:45,2,303,200,48.9002658972826,5.76760708564594
"2179",2022-03-18 00:14:50,2,303,200,47.3401217493399,5.72757902354569
"2180",2022-03-18 00:14:55,2,303,200,50.9126653312061,5.69185622522901
"2181",2022-03-18 00:15:00,2,303,200,48.8755815975108,5.6089345043992
"2182",2022-03-18 00:15:05,2,303,200,49.1750356222553,6.16669826909058
"2183",2022-03-18 00:15:10,2,303,200,49.1746606994617,6.01599934991993
"2184",2022-03-18 00:15:15,2,303,200,49.5400666619963,5.43370034454565
"2185",2022-03-18 00:15:20,2,303,200,46.3587056880995,5.79534870211924
"2186",2022-03-18 00:15:25,2,303,200,48.6457471566657,5.89098509199985
"2187",2022-03-18 00:15:30,2,303,200,48.6128276783138,5.61407583757869
"2188",2022-03-18 00:15:35,2,303,200,47.9885860939831,5.69670160334124
"2189",2022-03-18 00:15:40,2,303,200,46.6198088126529,5.79189103660647
"2190",2022-03-18 00:15:45,2,303,200,51.4866145423112,5.67336144897839
"2191",2022-03-18 00:15:50,2,303,200,46.4919362431206,5.49611295676722
"2192",2022-03-18 00:15:55,2,303,200,47.356009110389,5.58098529195423
"2193",2022-03-18 00:16:00,2,303,200,47.958845409004,5.72977631673369
"2194",2022-03-18 00:16:05,2,303,200,50.99944435304,5.84882892549756
"2195",2022-03-18 00:16:10,2,303,200,48.6654618185715,5.61901006890491
"2196",2022-03-18 00:16:15,2,303,200,49.2433631250188,5.98723283502918
"2197",2022-03-18 00:16:20,2,303,200,48.2865552288983,5.88390367965369
"2198",2022-03-18 00:16:25,2,303,200,46.1024062714137,6.0961983976488
"2199",2022-03-18 00:16:30,2,303,200,47.3873508226833,6.0710326518957
"2200",2022-03-18 00:16:35,2,303,200,47.1433135263054,5.59542508092048
"2201",2022-03-19 00:00:00,2,303,300,48.8916817427985,5.15193390194552
"2202",2022-03-19 00:00:05,2,303,300,47.6914455617422,5.15749179969722
"2203",2022-03-19 00:00:10,2,303,300,48.622627477273,4.7718794934761
"2204",2022-03-19 00:00:15,2,303,300,48.094373383782,4.98207054702103
"2205",2022-03-19 00:00:20,2,303,300,48.1793996043655,4.97741147591263
"2206",2022-03-19 00:00:25,2,303,300,48.2710495229068,4.94668340405238
"2207",2022-03-19 00:00:30,2,303,300,48.6207511638428,4.93791647050432
"2208",2022-03-19 00:00:35,2,303,300,49.2574867661121,5.15094579006039
"2209",2022-03-19 00:00:40,2,303,300,47.9515599357149,5.19953260365389
"2210",2022-03-19 00:00:45,2,303,300,49.0730623248914,4.7651257824168
"2211",2022-03-19 00:00:50,2,303,300,48.9336115706785,4.97688261068149
"2212",2022-03-19 00:00:55,2,303,300,45.0870595967132,5.07020125713441
"2213",2022-03-19 00:01:00,2,303,300,49.0810441651614,4.98854350951728
"2214",2022-03-19 00:01:05,2,303,300,50.315321815011,4.94152238782168
"2215",2022-03-19 00:01:10,2,303,300,46.2202676437475,5.24547199221868
"2216",2022-03-19 00:01:15,2,303,300,48.3198318397885,4.90962561587738
"2217",2022-03-19 00:01:20,2,303,300,47.6882918710822,4.46288713046651
"2218",2022-03-19 00:01:25,2,303,300,47.4435112842244,4.81038603739576
"2219",2022-03-19 00:01:30,2,303,300,47.4191763556744,5.36225038580433
"2220",2022-03-19 00:01:35,2,303,300,48.6042688659235,5.27328894354434
"2221",2022-03-19 00:01:40,2,303,300,50.7367523333146,5.05298833751174
"2222",2022-03-19 00:01:45,2,303,300,49.9370307051923,5.15484975838119
"2223",2022-03-19 00:01:50,2,303,300,47.7326030469737,5.09857876276877
"2224",2022-03-19 00:01:55,2,303,300,50.2671122374888,4.87870739685031
"2225",2022-03-19 00:02:00,2,303,300,47.1327732608898,5.04973393108469
"2226",2022-03-19 00:02:05,2,303,300,47.2644057820341,4.96364373625827
"2227",2022-03-19 00:02:10,2,303,300,49.6062120266823,5.31460901432705
"2228",2022-03-19 00:02:15,2,303,300,48.8081972113409,5.17893508750437
"2229",2022-03-19 00:02:20,2,303,300,48.8904120601148,5.16293685925146
"2230",2022-03-19 00:02:25,2,303,300,46.7091187855297,4.85398476851492
"2231",2022-03-19 00:02:30,2,303,300,50.3068416628951,4.8161297379231
"2232",2022-03-19 00:02:35,2,303,300,49.2831377967933,4.76867600273729
"2233",2022-03-19 00:02:40,2,303,300,47.7391670650736,5.02747800219049
"2234",2022-03-19 00:02:45,2,303,300,48.6441448586674,4.7623367572558
"2235",2022-03-19 00:02:50,2,303,300,48.4800596556202,4.69266200716592
"2236",2022-03-19 00:02:55,2,303,300,49.1388086752202,4.85689296858489
"2237",2022-03-19 00:03:00,2,303,300,47.4981978337248,5.09397563409131
"2238",2022-03-19 00:03:05,2,303,300,50.87197228008,4.87660195054567
"2239",2022-03-19 00:03:10,2,303,300,49.0647525527802,4.94995968682848
"2240",2022-03-19 00:03:15,2,303,300,49.3181203183495,4.80665433632516
"2241",2022-03-19 00:03:20,2,303,300,48.4433059612804,5.5248764526341
"2242",2022-03-19 00:03:25,2,303,300,48.296132532319,4.75989294482731
"2243",2022-03-19 00:03:30,2,303,300,51.2407567738419,4.67496222845219
"2244",2022-03-19 00:03:35,2,303,300,46.975478727799,4.84823505337946
"2245",2022-03-19 00:03:40,2,303,300,47.9496366167987,5.04558361625667
"2246",2022-03-19 00:03:45,2,303,300,48.1369762124229,4.83044826152398
"2247",2022-03-19 00:03:50,2,303,300,48.7229651358549,5.22074303236896
"2248",2022-03-19 00:03:55,2,303,300,48.7944508050168,5.01447391859466
"2249",2022-03-19 00:04:00,2,303,300,49.5073243634847,5.03396653568087
"2250",2022-03-19 00:04:05,2,303,300,49.5473904605963,4.99374415895608
"2251",2022-03-19 00:04:10,2,303,300,49.3585613579993,5.06167768109974
"2252",2022-03-19 00:04:15,2,303,300,47.7421864699693,4.80483802692877
"2253",2022-03-19 00:04:20,2,303,300,49.0177570168793,4.810030983331
"2254",2022-03-19 00:04:25,2,303,300,48.0065911524408,5.0180615203051
"2255",2022-03-19 00:04:30,2,303,300,48.6567187672461,5.44946404654015
"2256",2022-03-19 00:04:35,2,303,300,49.0880794117548,4.78218209102503
"2257",2022-03-19 00:04:40,2,303,300,49.7640698324007,5.21519498799662
"2258",2022-03-19 00:04:45,2,303,300,50.3387427939542,5.46188489160402
"2259",2022-03-19 00:04:50,2,303,300,47.1974408495111,5.0436700873304
"2260",2022-03-19 00:04:55,2,303,300,49.1598355080621,5.05329713598426
"2261",2022-03-19 00:05:00,2,303,300,47.2103600988161,5.12124267527098
"2262",2022-03-19 00:05:05,2,303,300,47.8060146622866,5.01049904383497
"2263",2022-03-19 00:05:10,2,303,300,48.1072033178836,5.3791884424375
"2264",2022-03-19 00:05:15,2,303,300,47.7544945557814,5.15347335835474
"2265",2022-03-19 00:05:20,2,303,300,48.1561895605131,4.77280812493193
"2266",2022-03-19 00:05:25,2,303,300,47.2514847494645,5.15402759917912
"2267",2022-03-19 00:05:30,2,303,300,47.8191383045296,4.85783726749772
"2268",2022-03-19 00:05:35,2,303,300,48.8691359918878,4.81028386820777
"2269",2022-03-19 00:05:40,2,303,300,47.6568677224633,4.89624920582437
"2270",2022-03-19 00:05:45,2,303,300,48.4200494665298,5.15744192694905
"2271",2022-03-19 00:05:50,2,303,300,48.832010549917,5.07992036837618
"2272",2022-03-19 00:05:55,2,303,300,50.281085274471,5.25170419073873
"2273",2022-03-19 00:06:00,2,303,300,49.1969074558522,4.84009125146686
"2274",2022-03-19 00:06:05,2,303,300,49.0608394947234,4.86161980116452
"2275",2022-03-19 00:06:10,2,303,300,49.3270517600546,5.0216131531419
"2276",2022-03-19 00:06:15,2,303,300,49.8240812861353,4.99095770724432
"2277",2022-03-19 00:06:20,2,303,300,50.778124484542,5.23703742920221
"2278",2022-03-19 00:06:25,2,303,300,48.0079543761296,5.17195574887224
"2279",2022-03-19 00:06:30,2,303,300,48.5689897581874,5.41866114103325
"2280",2022-03-19 00:06:35,2,303,300,49.6075106319877,5.11755578703671
"2281",2022-03-19 00:06:40,2,303,300,49.1261000029089,5.43078723964362
"2282",2022-03-19 00:06:45,2,303,300,50.5215062890458,4.77434282019169
"2283",2022-03-19 00:06:50,2,303,300,50.0500049835316,5.16507899519512
"2284",2022-03-19 00:06:55,2,303,300,49.9458625048602,5.0904449585317
"2285",2022-03-19 00:07:00,2,303,300,49.4153803514933,5.04325408096664
"2286",2022-03-19 00:07:05,2,303,300,50.0865972976933,5.22267304054405
"2287",2022-03-19 00:07:10,2,303,300,50.0404806198611,5.26998764014862
"2288",2022-03-19 00:07:15,2,303,300,48.8761791104102,5.38392451295365
"2289",2022-03-19 00:07:20,2,303,300,50.8436567936687,5.33167045145173
"2290",2022-03-19 00:07:25,2,303,300,50.0159241876237,4.48788098105966
"2291",2022-03-19 00:07:30,2,303,300,47.6679557885274,5.00519992591378
"2292",2022-03-19 00:07:35,2,303,300,47.6202445579492,5.1967057208672
"2293",2022-03-19 00:07:40,2,303,300,47.3123808777482,4.91556746544063
"2294",2022-03-19 00:07:45,2,303,300,51.131226251309,5.05958701653264
"2295",2022-03-19 00:07:50,2,303,300,49.2677625261348,5.17788245209635
"2296",2022-03-19 00:07:55,2,303,300,47.6290781572023,4.89538354347673
"2297",2022-03-19 00:08:00,2,303,300,47.4189015611297,5.59114293241186
"2298",2022-03-19 00:08:05,2,303,300,45.9951414112124,5.16943935370174
"2299",2022-03-19 00:08:10,2,303,300,50.1803185729211,4.91548997835962
"2300",2022-03-19 00:08:15,2,303,300,49.5302629458388,4.95315654559601
"2301",2022-03-19 00:08:20,2,303,300,45.9195303097214,4.9034091346589
"2302",2022-03-19 00:08:25,2,303,300,47.8388537111114,5.19112221199125
"2303",2022-03-19 00:08:30,2,303,300,49.5756767753923,5.1188990883569
"2304",2022-03-19 00:08:35,2,303,300,47.7730629540132,4.56712041561125
"2305",2022-03-19 00:08:40,2,303,300,49.0186426735887,5.02956927799249
"2306",2022-03-19 00:08:45,2,303,300,49.3008548532356,4.79114097650169
"2307",2022-03-19 00:08:50,2,303,300,47.5139480473434,5.16066453808019
"2308",2022-03-19 00:08:55,2,303,300,49.4644603946269,5.1487173572876
"2309",2022-03-19 00:09:00,2,303,300,49.018333500156,4.59424414212068
"2310",2022-03-19 00:09:05,2,303,300,47.2008578713831,4.88781211928833
"2311",2022-03-19 00:09:10,2,303,300,48.329654089801,4.86612904753921
"2312",2022-03-19 00:09:15,2,303,300,50.2860694980545,5.24934144539105
"2313",2022-03-19 00:09:20,2,303,300,50.2097563900293,4.73333849555195
"2314",2022-03-19 00:09:25,2,303,300,50.7761622239178,4.71027225999363
"2315",2022-03-19 00:09:30,2,303,300,50.3200204002918,4.69279053421553
"2316",2022-03-19 00:09:35,2,303,300,49.9532722596283,5.4137406962003
"2317",2022-03-19 00:09:40,2,303,300,49.0033765119452,5.06540714962322
"2318",2022-03-19 00:09:45,2,303,300,48.2951763183592,5.04788594752216
"2319",2022-03-19 00:09:50,2,303,300,50.3150848958133,4.93826956593955
"2320",2022-03-19 00:09:55,2,303,300,48.0578688761203,5.04416736682646
"2321",2022-03-19 00:10:00,2,303,300,48.5596054123487,4.74943783911313
"2322",2022-03-19 00:10:05,2,303,300,47.1503194736382,4.98695383634888
"2323",2022-03-19 00:10:10,2,303,300,52.2352670611584,4.99424131811271
"2324",2022-03-19 00:10:15,2,303,300,50.593804801689,5.11145479010328
"2325",2022-03-19 00:10:20,2,303,300,50.3359410114851,5.10839800315859
"2326",2022-03-19 00:10:25,2,303,300,48.6633789411863,5.16014505831781
"2327",2022-03-19 00:10:30,2,303,300,48.7144003013483,4.80225866494257
"2328",2022-03-19 00:10:35,2,303,300,49.9702064053284,5.12200886385298
"2329",2022-03-19 00:10:40,2,303,300,49.4664473313071,4.71860615082083
"2330",2022-03-19 00:10:45,2,303,300,47.5996193011461,5.37454338507453
"2331",2022-03-19 00:10:50,2,303,300,47.302784064778,4.89307647759621
"2332",2022-03-19 00:10:55,2,303,300,49.5032542706951,5.21505163680922
"2333",2022-03-19 00:11:00,2,303,300,47.2939728330188,4.46311233227134
"2334",2022-03-19 00:11:05,2,303,300,52.5517421212315,5.06452500920711
"2335",2022-03-19 00:11:10,2,303,300,48.8939001605118,5.06513578761462
"2336",2022-03-19 00:11:15,2,303,300,45.5038115353105,5.57834712168744
"2337",2022-03-19 00:11:20,2,303,300,50.7077009061419,4.87910417892842
"2338",2022-03-19 00:11:25,2,303,300,49.2932216463839,5.01159002736846
"2339",2022-03-19 00:11:30,2,303,300,47.4371497413538,5.12945925266452
"2340",2022-03-19 00:11:35,2,303,300,48.3737000818119,5.01086705991727
"2341",2022-03-19 00:11:40,2,303,300,49.8175404345713,5.48956132477868
"2342",2022-03-19 00:11:45,2,303,300,50.251787983383,4.98528662806004
"2343",2022-03-19 00:11:50,2,303,300,50.2501927229013,5.02378136229079
"2344",2022-03-19 00:11:55,2,303,300,47.7304091893754,4.99683473348151
"2345",2022-03-19 00:12:00,2,303,300,49.7249833934713,5.07387751258284
"2346",2022-03-19 00:12:05,2,303,300,48.3023837133093,5.27902256596527
"2347",2022-03-19 00:12:10,2,303,300,50.4104819622081,5.0215057051869
"2348",2022-03-19 00:12:15,2,303,300,47.7394122137114,5.1483103170882
"2349",2022-03-19 00:12:20,2,303,300,48.0262526553512,5.18485197124007
"2350",2022-03-19 00:12:25,2,303,300,47.5212842833257,4.99114856013374
"2351",2022-03-19 00:12:30,2,303,300,47.6871852074139,4.91428766861656
"2352",2022-03-19 00:12:35,2,303,300,46.5664045546861,5.24384578401521
"2353",2022-03-19 00:12:40,2,303,300,45.4770251919064,5.29514305622432
"2354",2022-03-19 00:12:45,2,303,300,48.9526791217818,4.98510653906693
"2355",2022-03-19 00:12:50,2,303,300,47.9176878585746,4.6434336963443
"2356",2022-03-19 00:12:55,2,303,300,48.8381693145497,4.91437562826822
"2357",2022-03-19 00:13:00,2,303,300,48.5614460216709,5.35180144880751
"2358",2022-03-19 00:13:05,2,303,300,50.9442287554829,5.00603655620019
"2359",2022-03-19 00:13:10,2,303,300,49.4383887783393,5.00774722116256
"2360",2022-03-19 00:13:15,2,303,300,50.2769091906175,5.20118967891032
"2361",2022-03-19 00:13:20,2,303,300,49.6348106186442,5.52912143247619
"2362",2022-03-19 00:13:25,2,303,300,47.9272868388208,4.93926129399289
"2363",2022-03-19 00:13:30,2,303,300,48.0762034406415,5.04307485009968
"2364",2022-03-19 00:13:35,2,303,300,48.5746646205807,4.78095369416515
"2365",2022-03-19 00:13:40,2,303,300,48.4384922427344,4.82310962741081
"2366",2022-03-19 00:13:45,2,303,300,47.7185001611504,4.9109123561519
"2367",2022-03-19 00:13:50,2,303,300,49.3395212131989,5.0805354040908
"2368",2022-03-19 00:13:55,2,303,300,49.7892476450593,4.9132470118247
"2369",2022-03-19 00:14:00,2,303,300,47.9889265152061,5.36111481594096
"2370",2022-03-19 00:14:05,2,303,300,49.4370256840447,5.36654705473724
"2371",2022-03-19 00:14:10,2,303,300,47.2936436883325,5.28177907122477
"2372",2022-03-19 00:14:15,2,303,300,48.2589301944337,5.29022596750783
"2373",2022-03-19 00:14:20,2,303,300,48.2071328912144,4.88803725729258
"2374",2022-03-19 00:14:25,2,303,300,48.6440025995255,4.89270007493356
"2375",2022-03-19 00:14:30,2,303,300,50.8968055541317,5.18939004961146
"2376",2022-03-19 00:14:35,2,303,300,50.344144255924,5.31808911983084
"2377",2022-03-19 00:14:40,2,303,300,49.4597441397213,5.13123078209086
"2378",2022-03-19 00:14:45,2,303,300,49.7278018135465,4.85986788225687
"2379",2022-03-19 00:14:50,2,303,300,47.4509765017623,5.01612693664869
"2380",2022-03-19 00:14:55,2,303,300,44.839214969055,5.08443270054649
"2381",2022-03-19 00:15:00,2,303,300,49.3815994723055,5.26062358520479
"2382",2022-03-19 00:15:05,2,303,300,46.6611994821421,4.76857167172133
"2383",2022-03-19 00:15:10,2,303,300,47.4968299071841,4.67082032631642
"2384",2022-03-19 00:15:15,2,303,300,49.2413109636278,4.8420471516169
"2385",2022-03-19 00:15:20,2,303,300,45.2990887989321,4.9277436766211
"2386",2022-03-19 00:15:25,2,303,300,49.6917481884131,5.02455236294372
"2387",2022-03-19 00:15:30,2,303,300,49.77659950263,5.06383537590343
"2388",2022-03-19 00:15:35,2,303,300,49.31219526685,4.95579729133127
"2389",2022-03-19 00:15:40,2,303,300,46.1650536022098,4.90514967971502
"2390",2022-03-19 00:15:45,2,303,300,45.872243811085,4.99430574887295
"2391",2022-03-19 00:15:50,2,303,300,49.6613878071093,5.19787757412233
"2392",2022-03-19 00:15:55,2,303,300,48.4640143335226,4.40700845087855
"2393",2022-03-19 00:16:00,2,303,300,47.7029732017208,4.83656171814653
"2394",2022-03-19 00:16:05,2,303,300,49.0350170317519,5.0582341402184
"2395",2022-03-19 00:16:10,2,303,300,51.1955797978737,5.01396220811677
"2396",2022-03-19 00:16:15,2,303,300,47.9194029863474,4.82703261712321
"2397",2022-03-19 00:16:20,2,303,300,49.3324975399117,4.55146209672556
"2398",2022-03-19 00:16:25,2,303,300,48.7851593847171,4.94136740703264
"2399",2022-03-19 00:16:30,2,303,300,49.7243274805939,5.17689631962635
"2400",2022-03-19 00:16:35,2,303,300,50.2057115805557,5.00541847959058
"2401",2022-03-20 00:00:00,2,338,100,48.8626586921777,6.73595745490461
"2402",2022-03-20 00:00:05,2,338,100,49.068527646209,6.40742146092411
"2403",2022-03-20 00:00:10,2,338,100,49.6384989570031,6.34638741845261
"2404",2022-03-20 00:00:15,2,338,100,47.0138455179689,6.23170309790462
"2405",2022-03-20 00:00:20,2,338,100,48.2885740623821,6.27036646195392
"2406",2022-03-20 00:00:25,2,338,100,49.5334804941551,6.39484633091751
"2407",2022-03-20 00:00:30,2,338,100,45.6980158626345,6.60969471903997
"2408",2022-03-20 00:00:35,2,338,100,47.3328420856943,6.30792486403179
"2409",2022-03-20 00:00:40,2,338,100,48.7222268132251,6.34892979808906
"2410",2022-03-20 00:00:45,2,338,100,47.2027295272852,6.74280433870559
"2411",2022-03-20 00:00:50,2,338,100,50.681931060635,6.22202437562063
"2412",2022-03-20 00:00:55,2,338,100,47.6586079102574,6.78536039622565
"2413",2022-03-20 00:01:00,2,338,100,47.7370934294957,6.58021193910858
"2414",2022-03-20 00:01:05,2,338,100,50.391833962615,6.39624104340097
"2415",2022-03-20 00:01:10,2,338,100,51.0498844007495,6.72962666408314
"2416",2022-03-20 00:01:15,2,338,100,49.1897927236181,6.52076896669736
"2417",2022-03-20 00:01:20,2,338,100,49.0417896984811,6.33389440479431
"2418",2022-03-20 00:01:25,2,338,100,49.0242215564489,6.59577559807907
"2419",2022-03-20 00:01:30,2,338,100,49.5783052693806,6.75917103178266
"2420",2022-03-20 00:01:35,2,338,100,47.8349411259085,6.21484451931662
"2421",2022-03-20 00:01:40,2,338,100,48.9323601708751,6.77844389038028
"2422",2022-03-20 00:01:45,2,338,100,52.0977751459551,6.41005693430999
"2423",2022-03-20 00:01:50,2,338,100,49.1219627845463,6.18491890457993
"2424",2022-03-20 00:01:55,2,338,100,49.213890938824,6.63995377854825
"2425",2022-03-20 00:02:00,2,338,100,50.9281704498632,5.94089184581681
"2426",2022-03-20 00:02:05,2,338,100,45.9684290234435,6.35688067613344
"2427",2022-03-20 00:02:10,2,338,100,51.3572258007227,6.47355256949113
"2428",2022-03-20 00:02:15,2,338,100,50.0454349431932,5.73285464076084
"2429",2022-03-20 00:02:20,2,338,100,48.3351569491494,6.16628150938966
"2430",2022-03-20 00:02:25,2,338,100,48.2164225680916,6.43229590176374
"2431",2022-03-20 00:02:30,2,338,100,48.9154021928318,6.30547705566242
"2432",2022-03-20 00:02:35,2,338,100,49.427683146378,6.51675892657747
"2433",2022-03-20 00:02:40,2,338,100,48.0876608323814,5.93670299006974
"2434",2022-03-20 00:02:45,2,338,100,48.6487882303431,6.4395165082882
"2435",2022-03-20 00:02:50,2,338,100,48.7571286199155,6.2385203496
"2436",2022-03-20 00:02:55,2,338,100,48.0426368194451,6.34873867674249
"2437",2022-03-20 00:03:00,2,338,100,48.8316563679888,6.85271991082982
"2438",2022-03-20 00:03:05,2,338,100,47.2976416243246,6.180261400474
"2439",2022-03-20 00:03:10,2,338,100,46.9117961644733,6.18842990251581
"2440",2022-03-20 00:03:15,2,338,100,49.0222401106767,6.54839886434031
"2441",2022-03-20 00:03:20,2,338,100,50.7563514050161,6.38293194493324
"2442",2022-03-20 00:03:25,2,338,100,48.0780740461573,6.25988366888669
"2443",2022-03-20 00:03:30,2,338,100,50.0261477090715,6.54820130765717
"2444",2022-03-20 00:03:35,2,338,100,49.0016094314548,6.08196388985376
"2445",2022-03-20 00:03:40,2,338,100,52.3582513548492,6.45475677192891
"2446",2022-03-20 00:03:45,2,338,100,50.6796692186072,6.2530169034921
"2447",2022-03-20 00:03:50,2,338,100,47.9787498990325,6.37332783655062
"2448",2022-03-20 00:03:55,2,338,100,48.2280054145088,6.45946324468949
"2449",2022-03-20 00:04:00,2,338,100,51.114582006437,6.47606197230822
"2450",2022-03-20 00:04:05,2,338,100,51.0513007105533,6.62119265358251
"2451",2022-03-20 00:04:10,2,338,100,47.1942199606313,6.27943626214455
"2452",2022-03-20 00:04:15,2,338,100,49.9914149465686,6.58939576759171
"2453",2022-03-20 00:04:20,2,338,100,47.1099745593714,6.18362768850397
"2454",2022-03-20 00:04:25,2,338,100,48.1339630519942,6.46643618829975
"2455",2022-03-20 00:04:30,2,338,100,49.2675901990098,6.67060965239122
"2456",2022-03-20 00:04:35,2,338,100,49.002676938614,6.14565158988453
"2457",2022-03-20 00:04:40,2,338,100,47.5332595146992,6.85841257026018
"2458",2022-03-20 00:04:45,2,338,100,48.097477458946,6.40560547342817
"2459",2022-03-20 00:04:50,2,338,100,48.756393153192,6.24139464649194
"2460",2022-03-20 00:04:55,2,338,100,51.1389265850898,6.4176294032998
"2461",2022-03-20 00:05:00,2,338,100,46.7278637769558,6.09761784070537
"2462",2022-03-20 00:05:05,2,338,100,49.5230665583273,6.62515921592202
"2463",2022-03-20 00:05:10,2,338,100,47.9491965957767,6.31337135479082
"2464",2022-03-20 00:05:15,2,338,100,50.2258503547158,6.58046617596331
"2465",2022-03-20 00:05:20,2,338,100,48.3430947890129,6.23691092977961
"2466",2022-03-20 00:05:25,2,338,100,46.5798565504239,6.52505584900273
"2467",2022-03-20 00:05:30,2,338,100,47.9477091447009,6.21484848812802
"2468",2022-03-20 00:05:35,2,338,100,47.1578072175842,6.44605777068218
"2469",2022-03-20 00:05:40,2,338,100,49.297059303413,6.23998350632485
"2470",2022-03-20 00:05:45,2,338,100,49.2236548988167,6.13558069404679
"2471",2022-03-20 00:05:50,2,338,100,47.4105441031124,6.5722534927451
"2472",2022-03-20 00:05:55,2,338,100,48.5203399277126,6.69025822989286
"2473",2022-03-20 00:06:00,2,338,100,47.3136061990347,6.16851707116864
"2474",2022-03-20 00:06:05,2,338,100,47.3543443457854,6.38585406947402
"2475",2022-03-20 00:06:10,2,338,100,47.8573290112557,6.0851318177488
"2476",2022-03-20 00:06:15,2,338,100,49.8333476242461,6.65026549459199
"2477",2022-03-20 00:06:20,2,338,100,50.5366342031555,6.21958218396588
"2478",2022-03-20 00:06:25,2,338,100,49.6807867906743,6.57310894708429
"2479",2022-03-20 00:06:30,2,338,100,51.9768253296916,6.49891878719301
"2480",2022-03-20 00:06:35,2,338,100,49.4895009084202,6.43802313539051
"2481",2022-03-20 00:06:40,2,338,100,48.5798854350607,6.37874942472975
"2482",2022-03-20 00:06:45,2,338,100,50.1790421964804,6.04050342334476
"2483",2022-03-20 00:06:50,2,338,100,49.4371231500816,6.57723741535218
"2484",2022-03-20 00:06:55,2,338,100,48.6320040485562,6.68885704737884
"2485",2022-03-20 00:07:00,2,338,100,46.9051258484481,6.75559372128358
"2486",2022-03-20 00:07:05,2,338,100,48.4858880430538,6.32804459656643
"2487",2022-03-20 00:07:10,2,338,100,49.5202968040381,6.45878568909914
"2488",2022-03-20 00:07:15,2,338,100,50.0955539594664,6.71621733408336
"2489",2022-03-20 00:07:20,2,338,100,50.4173093106038,6.52916609279483
"2490",2022-03-20 00:07:25,2,338,100,49.5876564406127,6.61443453327743
"2491",2022-03-20 00:07:30,2,338,100,49.5919827396518,6.29803237089393
"2492",2022-03-20 00:07:35,2,338,100,47.2091328607475,6.24249178564117
"2493",2022-03-20 00:07:40,2,338,100,50.0410789553267,6.11389029406653
"2494",2022-03-20 00:07:45,2,338,100,51.0236503148742,6.39987577623276
"2495",2022-03-20 00:07:50,2,338,100,50.6941844574554,6.45135379999407
"2496",2022-03-20 00:07:55,2,338,100,48.8151720869008,6.50647714038058
"2497",2022-03-20 00:08:00,2,338,100,48.9477650039527,6.48679891958061
"2498",2022-03-20 00:08:05,2,338,100,49.2373978369348,6.66107718499301
"2499",2022-03-20 00:08:10,2,338,100,48.4770226757748,6.17595321840466
"2500",2022-03-20 00:08:15,2,338,100,49.0989433323345,6.31956604622164
"2501",2022-03-20 00:08:20,2,338,100,50.0786155073337,6.44336049265621
"2502",2022-03-20 00:08:25,2,338,100,49.995195515528,6.29892393773303
"2503",2022-03-20 00:08:30,2,338,100,47.4709228342982,6.48176012795429
"2504",2022-03-20 00:08:35,2,338,100,48.7666562763748,5.9012776666723
"2505",2022-03-20 00:08:40,2,338,100,48.8219223864958,6.13987920148825
"2506",2022-03-20 00:08:45,2,338,100,49.0483485932452,6.30813977873288
"2507",2022-03-20 00:08:50,2,338,100,50.134288982847,6.56112405953086
"2508",2022-03-20 00:08:55,2,338,100,48.7702002396474,6.61127651203924
"2509",2022-03-20 00:09:00,2,338,100,48.47204178054,6.32425009931827
"2510",2022-03-20 00:09:05,2,338,100,50.3877378166284,6.18799951470915
"2511",2022-03-20 00:09:10,2,338,100,48.6025597511432,6.0673209909279
"2512",2022-03-20 00:09:15,2,338,100,48.6170698594212,6.42472704658262
"2513",2022-03-20 00:09:20,2,338,100,48.5445709132275,6.0815945828678
"2514",2022-03-20 00:09:25,2,338,100,46.78145304437,6.43365252708201
"2515",2022-03-20 00:09:30,2,338,100,47.6114754578122,6.32989656026099
"2516",2022-03-20 00:09:35,2,338,100,49.4244705664514,6.75726150492147
"2517",2022-03-20 00:09:40,2,338,100,47.0323784620592,6.20451883954074
"2518",2022-03-20 00:09:45,2,338,100,49.5129302858938,6.52617438879659
"2519",2022-03-20 00:09:50,2,338,100,48.8923795474798,6.32555780816512
"2520",2022-03-20 00:09:55,2,338,100,50.348411547652,6.62183498947692
"2521",2022-03-20 00:10:00,2,338,100,48.9886397836578,5.93317278793342
"2522",2022-03-20 00:10:05,2,338,100,48.7958642053131,5.96974002161441
"2523",2022-03-20 00:10:10,2,338,100,49.0525883190919,6.41874173166196
"2524",2022-03-20 00:10:15,2,338,100,47.5623235812034,6.84225850360587
"2525",2022-03-20 00:10:20,2,338,100,52.0544576695062,6.03884933022951
"2526",2022-03-20 00:10:25,2,338,100,47.9871055645508,6.16190667432848
"2527",2022-03-20 00:10:30,2,338,100,49.9699765236121,6.21860044736639
"2528",2022-03-20 00:10:35,2,338,100,48.4946126122646,6.2980608465798
"2529",2022-03-20 00:10:40,2,338,100,47.4676370253031,6.41566655857453
"2530",2022-03-20 00:10:45,2,338,100,48.3527343288259,6.45839756745433
"2531",2022-03-20 00:10:50,2,338,100,47.4911717000157,6.50125448346338
"2532",2022-03-20 00:10:55,2,338,100,50.1189117209069,6.11271181134305
"2533",2022-03-20 00:11:00,2,338,100,48.5590106951094,6.33076782359264
"2534",2022-03-20 00:11:05,2,338,100,50.3504343901199,6.62320923762485
"2535",2022-03-20 00:11:10,2,338,100,50.5991593417355,6.25242501372949
"2536",2022-03-20 00:11:15,2,338,100,48.4447009402114,6.56312014580768
"2537",2022-03-20 00:11:20,2,338,100,50.2603287768967,6.26320175900294
"2538",2022-03-20 00:11:25,2,338,100,49.2783086494066,6.20468992820499
"2539",2022-03-20 00:11:30,2,338,100,49.8708434792206,6.22695506659789
"2540",2022-03-20 00:11:35,2,338,100,49.055170170071,6.41745489581808
"2541",2022-03-20 00:11:40,2,338,100,47.587532459461,6.09359032594428
"2542",2022-03-20 00:11:45,2,338,100,50.5096248555108,6.18976604685007
"2543",2022-03-20 00:11:50,2,338,100,50.0759764382108,6.48300044822614
"2544",2022-03-20 00:11:55,2,338,100,49.9973545800033,6.44952564920369
"2545",2022-03-20 00:12:00,2,338,100,49.065464474942,6.44159305134349
"2546",2022-03-20 00:12:05,2,338,100,49.8922476269076,6.25736737316447
"2547",2022-03-20 00:12:10,2,338,100,51.1523435590763,6.12255241485394
"2548",2022-03-20 00:12:15,2,338,100,47.63831333305,6.42915999525443
"2549",2022-03-20 00:12:20,2,338,100,50.229700346527,6.41430680050813
"2550",2022-03-20 00:12:25,2,338,100,48.4241353854533,6.37117100596424
"2551",2022-03-20 00:12:30,2,338,100,50.1696880453416,6.22898598193668
"2552",2022-03-20 00:12:35,2,338,100,49.0396118724529,6.46925716895829
"2553",2022-03-20 00:12:40,2,338,100,48.3796931072949,6.31081086455404
"2554",2022-03-20 00:12:45,2,338,100,48.9571723101212,6.90985372168456
"2555",2022-03-20 00:12:50,2,338,100,50.3762827782484,6.1597860165158
"2556",2022-03-20 00:12:55,2,338,100,48.3017745342609,6.36698521781188
"2557",2022-03-20 00:13:00,2,338,100,48.726331124031,6.77289414822992
"2558",2022-03-20 00:13:05,2,338,100,49.1773037321512,6.38176288008454
"2559",2022-03-20 00:13:10,2,338,100,49.801713596782,6.44705829777837
"2560",2022-03-20 00:13:15,2,338,100,49.1856884758493,6.31085970500725
"2561",2022-03-20 00:13:20,2,338,100,49.5861976044273,6.40668688601117
"2562",2022-03-20 00:13:25,2,338,100,48.9985329918278,6.51505565347861
"2563",2022-03-20 00:13:30,2,338,100,48.7276896187775,6.32281282164058
"2564",2022-03-20 00:13:35,2,338,100,48.8224403715512,6.1930977904859
"2565",2022-03-20 00:13:40,2,338,100,48.297402151641,6.5675973977423
"2566",2022-03-20 00:13:45,2,338,100,50.3995516000806,6.11586407753931
"2567",2022-03-20 00:13:50,2,338,100,49.4685275906558,6.41026848565126
"2568",2022-03-20 00:13:55,2,338,100,50.6850598977752,6.51645339037916
"2569",2022-03-20 00:14:00,2,338,100,46.9911129574951,6.45866335751365
"2570",2022-03-20 00:14:05,2,338,100,49.8740537679795,6.44992351299175
"2571",2022-03-20 00:14:10,2,338,100,49.2701168301959,6.3008964232069
"2572",2022-03-20 00:14:15,2,338,100,49.4847349517726,6.54826700921
"2573",2022-03-20 00:14:20,2,338,100,48.1543198548578,6.19924347650946
"2574",2022-03-20 00:14:25,2,338,100,49.7119920794769,6.61779154964718
"2575",2022-03-20 00:14:30,2,338,100,48.010467184579,6.39340866166128
"2576",2022-03-20 00:14:35,2,338,100,49.3275207759168,6.39414606777813
"2577",2022-03-20 00:14:40,2,338,100,49.527601852418,6.55023257335476
"2578",2022-03-20 00:14:45,2,338,100,46.3780465981743,6.57369648901636
"2579",2022-03-20 00:14:50,2,338,100,49.7075103074925,6.26146851899539
"2580",2022-03-20 00:14:55,2,338,100,49.0085527607903,6.55430585401109
"2581",2022-03-20 00:15:00,2,338,100,49.7754928032435,6.1965017326916
"2582",2022-03-20 00:15:05,2,338,100,49.0197764304785,5.93964705006177
"2583",2022-03-20 00:15:10,2,338,100,49.2057556050471,6.45917469412381
"2584",2022-03-20 00:15:15,2,338,100,50.8327550609761,6.40310039727309
"2585",2022-03-20 00:15:20,2,338,100,50.5248032296309,6.74617883833214
"2586",2022-03-20 00:15:25,2,338,100,46.4459994579525,6.4474744714192
"2587",2022-03-20 00:15:30,2,338,100,48.5574626279294,6.26408037898624
"2588",2022-03-20 00:15:35,2,338,100,48.6662839630584,6.22038109426237
"2589",2022-03-20 00:15:40,2,338,100,46.9616888654964,6.25583293269345
"2590",2022-03-20 00:15:45,2,338,100,48.6691351932733,6.56004624389647
"2591",2022-03-20 00:15:50,2,338,100,47.8402205825532,6.4178589919972
"2592",2022-03-20 00:15:55,2,338,100,49.4557924899208,6.13179269644209
"2593",2022-03-20 00:16:00,2,338,100,49.169501669476,6.51008034133721
"2594",2022-03-20 00:16:05,2,338,100,49.0392010752876,6.95059993570539
"2595",2022-03-20 00:16:10,2,338,100,50.0640683418511,6.86679148891931
"2596",2022-03-20 00:16:15,2,338,100,48.1119622862739,6.21650387446964
"2597",2022-03-20 00:16:20,2,338,100,48.3848723710336,6.5078043535566
"2598",2022-03-20 00:16:25,2,338,100,48.5796105009629,6.30695897966351
"2599",2022-03-20 00:16:30,2,338,100,48.6199030311824,6.43256473812734
"2600",2022-03-20 00:16:35,2,338,100,49.3977877424776,6.25177946936843
"2601",2022-03-21 00:00:00,2,338,200,50.5315822189106,5.81953036101661
"2602",2022-03-21 00:00:05,2,338,200,51.8504750989661,5.78417737898061
"2603",2022-03-21 00:00:10,2,338,200,49.2965056063141,5.73328533704538
"2604",2022-03-21 00:00:15,2,338,200,50.9003136775777,5.92188189809114
"2605",2022-03-21 00:00:20,2,338,200,48.78798296123,5.75919774477555
"2606",2022-03-21 00:00:25,2,338,200,50.0505578764037,6.0219009938503
"2607",2022-03-21 00:00:30,2,338,200,51.732562889385,5.5159407716337
"2608",2022-03-21 00:00:35,2,338,200,50.1675448113876,5.41366242245379
"2609",2022-03-21 00:00:40,2,338,200,50.1657322592301,5.80013804076329
"2610",2022-03-21 00:00:45,2,338,200,48.4790263432912,6.04183633937515
"2611",2022-03-21 00:00:50,2,338,200,47.3680977920136,5.31946538349485
"2612",2022-03-21 00:00:55,2,338,200,47.7360023331309,5.49368651581348
"2613",2022-03-21 00:01:00,2,338,200,48.0993789355629,5.95785467444948
"2614",2022-03-21 00:01:05,2,338,200,49.7839655682605,5.66279867956002
"2615",2022-03-21 00:01:10,2,338,200,47.9713948231401,5.49493621823934
"2616",2022-03-21 00:01:15,2,338,200,50.1457540543405,5.85009395828406
"2617",2022-03-21 00:01:20,2,338,200,48.1171080166834,5.51470787508507
"2618",2022-03-21 00:01:25,2,338,200,48.5142413596423,5.51950641809492
"2619",2022-03-21 00:01:30,2,338,200,50.535670259822,5.89022288726562
"2620",2022-03-21 00:01:35,2,338,200,50.8215852377351,5.51346067363363
"2621",2022-03-21 00:01:40,2,338,200,48.4672316084424,5.21342779929446
"2622",2022-03-21 00:01:45,2,338,200,49.1044074360612,5.6470322465577
"2623",2022-03-21 00:01:50,2,338,200,51.2791804446982,5.76443298415308
"2624",2022-03-21 00:01:55,2,338,200,48.1517290574146,5.53490687024363
"2625",2022-03-21 00:02:00,2,338,200,49.7102548015362,5.49805311050757
"2626",2022-03-21 00:02:05,2,338,200,46.9296439450417,5.81871650254453
"2627",2022-03-21 00:02:10,2,338,200,49.5047085883772,5.52027431288691
"2628",2022-03-21 00:02:15,2,338,200,49.5097666345673,5.89143675541584
"2629",2022-03-21 00:02:20,2,338,200,48.1764970000069,5.52746675494977
"2630",2022-03-21 00:02:25,2,338,200,49.7328717553944,5.78272644630981
"2631",2022-03-21 00:02:30,2,338,200,45.8594219927221,5.95195483987087
"2632",2022-03-21 00:02:35,2,338,200,50.5907791876145,5.50960362978632
"2633",2022-03-21 00:02:40,2,338,200,48.9517410628938,5.85415844145018
"2634",2022-03-21 00:02:45,2,338,200,50.1666135106505,5.58458077499683
"2635",2022-03-21 00:02:50,2,338,200,48.2401830381965,5.48054657776806
"2636",2022-03-21 00:02:55,2,338,200,48.5141466428701,5.49389737511318
"2637",2022-03-21 00:03:00,2,338,200,49.0554313978814,5.40640581389645
"2638",2022-03-21 00:03:05,2,338,200,50.0109433592172,5.47638427351636
"2639",2022-03-21 00:03:10,2,338,200,49.150324676767,5.79981581708369
"2640",2022-03-21 00:03:15,2,338,200,49.2219565741699,5.38114308197526
"2641",2022-03-21 00:03:20,2,338,200,47.2090156735178,5.99374984889551
"2642",2022-03-21 00:03:25,2,338,200,51.4732997031962,5.34512513499506
"2643",2022-03-21 00:03:30,2,338,200,49.6283194186964,5.68606448406327
"2644",2022-03-21 00:03:35,2,338,200,48.3724031173921,5.22791169388196
"2645",2022-03-21 00:03:40,2,338,200,49.1543028835709,5.49668982489918
"2646",2022-03-21 00:03:45,2,338,200,49.8047634525728,5.94127617988681
"2647",2022-03-21 00:03:50,2,338,200,49.4151450069148,5.62222139938598
"2648",2022-03-21 00:03:55,2,338,200,48.8906732913818,5.94862403231013
"2649",2022-03-21 00:04:00,2,338,200,49.8423338189468,5.95566525511615
"2650",2022-03-21 00:04:05,2,338,200,47.9111308017925,5.78701125560082
"2651",2022-03-21 00:04:10,2,338,200,50.8263864449569,5.81265718605055
"2652",2022-03-21 00:04:15,2,338,200,48.2527974094361,5.63570542179841
"2653",2022-03-21 00:04:20,2,338,200,48.8046181588697,5.57713060959257
"2654",2022-03-21 00:04:25,2,338,200,48.7150497573347,5.36753624823392
"2655",2022-03-21 00:04:30,2,338,200,48.7285550182575,5.56602784246792
"2656",2022-03-21 00:04:35,2,338,200,49.7671618515492,5.3051318774724
"2657",2022-03-21 00:04:40,2,338,200,47.5562346570158,5.63855780709652
"2658",2022-03-21 00:04:45,2,338,200,46.122054416915,6.03330010870175
"2659",2022-03-21 00:04:50,2,338,200,47.9746674242214,5.62678082210923
"2660",2022-03-21 00:04:55,2,338,200,49.5393496579958,6.0697623217345
"2661",2022-03-21 00:05:00,2,338,200,47.009295836522,5.97662374285976
"2662",2022-03-21 00:05:05,2,338,200,47.140162070105,5.54406312034626
"2663",2022-03-21 00:05:10,2,338,200,49.8527346783902,5.71456487211574
"2664",2022-03-21 00:05:15,2,338,200,49.5093316176613,5.96189560171215
"2665",2022-03-21 00:05:20,2,338,200,46.7961355939066,5.56958699553766
"2666",2022-03-21 00:05:25,2,338,200,47.9427588316444,5.71942823765656
"2667",2022-03-21 00:05:30,2,338,200,50.3105783289846,5.79841355515007
"2668",2022-03-21 00:05:35,2,338,200,47.7742425027454,5.86425305084066
"2669",2022-03-21 00:05:40,2,338,200,48.5135047758215,5.82526047914739
"2670",2022-03-21 00:05:45,2,338,200,50.543948272951,5.72528198117617
"2671",2022-03-21 00:05:50,2,338,200,50.1281237423028,5.68500129358335
"2672",2022-03-21 00:05:55,2,338,200,49.2598631102079,5.80492313503114
"2673",2022-03-21 00:06:00,2,338,200,50.375842008684,5.64198432417578
"2674",2022-03-21 00:06:05,2,338,200,47.6989458274504,5.94921658795347
"2675",2022-03-21 00:06:10,2,338,200,47.4917437455049,5.72652906909856
"2676",2022-03-21 00:06:15,2,338,200,50.5260032200963,5.788198316487
"2677",2022-03-21 00:06:20,2,338,200,47.8926342918376,5.55095279393627
"2678",2022-03-21 00:06:25,2,338,200,49.1483593179217,5.89204888714595
"2679",2022-03-21 00:06:30,2,338,200,47.596560375401,5.53016461347494
"2680",2022-03-21 00:06:35,2,338,200,47.6525315459698,5.78010688491102
"2681",2022-03-21 00:06:40,2,338,200,47.6701784481183,5.87484187754698
"2682",2022-03-21 00:06:45,2,338,200,49.3774141442184,5.32183791556248
"2683",2022-03-21 00:06:50,2,338,200,49.2122608653991,6.35257740310636
"2684",2022-03-21 00:06:55,2,338,200,47.0296813516775,5.61263720998309
"2685",2022-03-21 00:07:00,2,338,200,49.6581982744497,5.28082987701243
"2686",2022-03-21 00:07:05,2,338,200,48.6954688183478,5.48076718210903
"2687",2022-03-21 00:07:10,2,338,200,50.3014221614033,5.62369477818507
"2688",2022-03-21 00:07:15,2,338,200,50.3746971483096,5.27008777519964
"2689",2022-03-21 00:07:20,2,338,200,47.2223091962006,5.81017569327042
"2690",2022-03-21 00:07:25,2,338,200,51.0460141109723,5.86208431602747
"2691",2022-03-21 00:07:30,2,338,200,48.2106086623167,5.50478530384919
"2692",2022-03-21 00:07:35,2,338,200,49.2922085542877,5.69583680807297
"2693",2022-03-21 00:07:40,2,338,200,48.7054658782561,5.37510446699698
"2694",2022-03-21 00:07:45,2,338,200,47.9637481505068,5.89139640883425
"2695",2022-03-21 00:07:50,2,338,200,47.7372878813391,5.76021944139745
"2696",2022-03-21 00:07:55,2,338,200,47.0368472447291,5.82038354346911
"2697",2022-03-21 00:08:00,2,338,200,52.0933492180005,5.7218333042081
"2698",2022-03-21 00:08:05,2,338,200,49.9742749221139,5.79536334876954
"2699",2022-03-21 00:08:10,2,338,200,48.3086614127446,5.54986418986068
"2700",2022-03-21 00:08:15,2,338,200,50.1402797378556,5.62894593492385
"2701",2022-03-21 00:08:20,2,338,200,49.7096750981577,5.69664850307436
"2702",2022-03-21 00:08:25,2,338,200,48.8583127423156,5.96592249508744
"2703",2022-03-21 00:08:30,2,338,200,49.8872764774702,5.63700719963028
"2704",2022-03-21 00:08:35,2,338,200,49.725809462124,5.98135343826401
"2705",2022-03-21 00:08:40,2,338,200,50.7376331209942,5.74998662007417
"2706",2022-03-21 00:08:45,2,338,200,50.1803536728614,5.65170550408284
"2707",2022-03-21 00:08:50,2,338,200,51.4688083743847,5.46909616918859
"2708",2022-03-21 00:08:55,2,338,200,49.9224832465256,5.59756512429928
"2709",2022-03-21 00:09:00,2,338,200,48.0248236564007,5.79621800099577
"2710",2022-03-21 00:09:05,2,338,200,49.0518711139793,5.60688540014256
"2711",2022-03-21 00:09:10,2,338,200,51.8824144588148,5.48412192760107
"2712",2022-03-21 00:09:15,2,338,200,49.6827448353109,5.61334584684221
"2713",2022-03-21 00:09:20,2,338,200,48.1199657189983,5.5061300622457
"2714",2022-03-21 00:09:25,2,338,200,51.7933472700264,5.4060156070908
"2715",2022-03-21 00:09:30,2,338,200,49.3495135398796,6.00446078355597
"2716",2022-03-21 00:09:35,2,338,200,49.5767555803536,5.93711971074626
"2717",2022-03-21 00:09:40,2,338,200,49.179784177837,5.76309863957911
"2718",2022-03-21 00:09:45,2,338,200,49.5392574275095,5.66169660143344
"2719",2022-03-21 00:09:50,2,338,200,46.393953333661,5.81836354531988
"2720",2022-03-21 00:09:55,2,338,200,48.3974849527695,5.75012959153333
"2721",2022-03-21 00:10:00,2,338,200,49.1034666151275,5.69422918206271
"2722",2022-03-21 00:10:05,2,338,200,47.5134214332224,5.2378393493719
"2723",2022-03-21 00:10:10,2,338,200,47.2821449012049,5.89801122776501
"2724",2022-03-21 00:10:15,2,338,200,48.2397615520825,5.84826050537381
"2725",2022-03-21 00:10:20,2,338,200,47.7509374391184,5.61340392011762
"2726",2022-03-21 00:10:25,2,338,200,48.9647968060522,5.79695422010932
"2727",2022-03-21 00:10:30,2,338,200,49.5754917724561,5.700607444285
"2728",2022-03-21 00:10:35,2,338,200,49.0327456377952,5.6951829775237
"2729",2022-03-21 00:10:40,2,338,200,49.4118292503104,5.62776269771721
"2730",2022-03-21 00:10:45,2,338,200,48.1459059784634,5.56820330371478
"2731",2022-03-21 00:10:50,2,338,200,48.4418081313019,5.5850343292994
"2732",2022-03-21 00:10:55,2,338,200,49.1190791241541,5.74453779581596
"2733",2022-03-21 00:11:00,2,338,200,49.037864449428,5.70422562929489
"2734",2022-03-21 00:11:05,2,338,200,50.3070709909413,5.94782641876754
"2735",2022-03-21 00:11:10,2,338,200,50.2179149467586,5.83188966494137
"2736",2022-03-21 00:11:15,2,338,200,50.9096991535686,5.45889357485088
"2737",2022-03-21 00:11:20,2,338,200,47.5632229339698,5.81184394274856
"2738",2022-03-21 00:11:25,2,338,200,47.9569464102726,5.40456811825806
"2739",2022-03-21 00:11:30,2,338,200,48.8508892785678,5.74061096144031
"2740",2022-03-21 00:11:35,2,338,200,49.3036722896941,6.09276524934433
"2741",2022-03-21 00:11:40,2,338,200,48.3067379531539,5.75219288902666
"2742",2022-03-21 00:11:45,2,338,200,50.9017697309952,6.01935294628456
"2743",2022-03-21 00:11:50,2,338,200,47.9273322481868,5.7418400934943
"2744",2022-03-21 00:11:55,2,338,200,46.7719912854918,5.37021381987913
"2745",2022-03-21 00:12:00,2,338,200,49.2478477028661,5.90918182238677
"2746",2022-03-21 00:12:05,2,338,200,49.6175773311649,5.52018278105942
"2747",2022-03-21 00:12:10,2,338,200,49.0088589717795,5.61749706831318
"2748",2022-03-21 00:12:15,2,338,200,48.423091734896,6.18259316462995
"2749",2022-03-21 00:12:20,2,338,200,49.5303450088179,5.73773801671886
"2750",2022-03-21 00:12:25,2,338,200,49.3190079461787,5.76815015145545
"2751",2022-03-21 00:12:30,2,338,200,48.838343260545,5.33258019350374
"2752",2022-03-21 00:12:35,2,338,200,49.320535637533,5.5914043379116
"2753",2022-03-21 00:12:40,2,338,200,47.2783636858892,5.53023028710963
"2754",2022-03-21 00:12:45,2,338,200,50.1241176757916,5.67215729415409
"2755",2022-03-21 00:12:50,2,338,200,48.8197810980294,5.68197248017103
"2756",2022-03-21 00:12:55,2,338,200,49.9262464988789,5.59334615480589
"2757",2022-03-21 00:13:00,2,338,200,49.490223015272,5.36977967366184
"2758",2022-03-21 00:13:05,2,338,200,47.151770479101,5.81481190647284
"2759",2022-03-21 00:13:10,2,338,200,48.8108824757714,5.71659703837376
"2760",2022-03-21 00:13:15,2,338,200,47.5850548664852,5.54258158517303
"2761",2022-03-21 00:13:20,2,338,200,47.9485304278039,5.57179552123313
"2762",2022-03-21 00:13:25,2,338,200,47.8892980820026,5.56940288331673
"2763",2022-03-21 00:13:30,2,338,200,48.4099988813959,6.06128331965605
"2764",2022-03-21 00:13:35,2,338,200,49.1384672050949,5.67638706144333
"2765",2022-03-21 00:13:40,2,338,200,48.4312426735357,5.7151959231262
"2766",2022-03-21 00:13:45,2,338,200,50.7951406910195,5.65171214477597
"2767",2022-03-21 00:13:50,2,338,200,46.7420091555448,5.75135843149625
"2768",2022-03-21 00:13:55,2,338,200,48.0199546736443,5.59241916797226
"2769",2022-03-21 00:14:00,2,338,200,48.702871799502,5.77890364318912
"2770",2022-03-21 00:14:05,2,338,200,48.5724376936919,5.67882824849129
"2771",2022-03-21 00:14:10,2,338,200,50.2352807271746,6.00534785481475
"2772",2022-03-21 00:14:15,2,338,200,51.0323821533327,5.77966246476677
"2773",2022-03-21 00:14:20,2,338,200,48.3243345575526,5.96775085599453
"2774",2022-03-21 00:14:25,2,338,200,47.7410498487991,5.64636576136253
"2775",2022-03-21 00:14:30,2,338,200,47.3572748545564,5.79056375223116
"2776",2022-03-21 00:14:35,2,338,200,52.2511871228949,5.21484542793634
"2777",2022-03-21 00:14:40,2,338,200,47.5981288192168,5.60346040558408
"2778",2022-03-21 00:14:45,2,338,200,48.47549854882,5.66085231011271
"2779",2022-03-21 00:14:50,2,338,200,48.5893671340862,6.14259221005509
"2780",2022-03-21 00:14:55,2,338,200,49.4013751349806,5.39407792755788
"2781",2022-03-21 00:15:00,2,338,200,49.7861321580178,5.966023484482
"2782",2022-03-21 00:15:05,2,338,200,49.8235538434541,5.84300739021595
"2783",2022-03-21 00:15:10,2,338,200,48.9500638983123,5.97160684197493
"2784",2022-03-21 00:15:15,2,338,200,49.3155425624193,5.78179237176116
"2785",2022-03-21 00:15:20,2,338,200,45.7067706995399,5.64907684633193
"2786",2022-03-21 00:15:25,2,338,200,51.6476679240023,5.77232650306526
"2787",2022-03-21 00:15:30,2,338,200,48.2669312992435,5.62377538545995
"2788",2022-03-21 00:15:35,2,338,200,50.6776999957896,5.7840027355917
"2789",2022-03-21 00:15:40,2,338,200,49.7240614336989,5.37924417901831
"2790",2022-03-21 00:15:45,2,338,200,49.3569661934505,5.68378284554683
"2791",2022-03-21 00:15:50,2,338,200,47.452576617704,5.43155979267431
"2792",2022-03-21 00:15:55,2,338,200,48.713149456486,5.87475673817688
"2793",2022-03-21 00:16:00,2,338,200,46.1043322272987,5.62832406990822
"2794",2022-03-21 00:16:05,2,338,200,48.3594229781161,5.78529509653843
"2795",2022-03-21 00:16:10,2,338,200,48.436974795966,5.50344294481988
"2796",2022-03-21 00:16:15,2,338,200,46.4864481837983,5.75574793571532
"2797",2022-03-21 00:16:20,2,338,200,49.9750746289011,5.69911892043155
"2798",2022-03-21 00:16:25,2,338,200,50.5548496962815,5.65050789717014
"2799",2022-03-21 00:16:30,2,338,200,49.0099020150849,5.46096561749549
"2800",2022-03-21 00:16:35,2,338,200,49.5609713602452,5.34772575818296
"2801",2022-03-22 00:00:00,2,338,300,48.877225422545,4.89863187393849
"2802",2022-03-22 00:00:05,2,338,300,50.9708939906776,5.00608257691665
"2803",2022-03-22 00:00:10,2,338,300,48.3725705918487,4.84032596988221
"2804",2022-03-22 00:00:15,2,338,300,49.5497824427222,5.44801225969263
"2805",2022-03-22 00:00:20,2,338,300,48.4200241014048,5.04464948790854
"2806",2022-03-22 00:00:25,2,338,300,49.9754522504942,5.27089386955085
"2807",2022-03-22 00:00:30,2,338,300,49.3089347393202,5.11435717789899
"2808",2022-03-22 00:00:35,2,338,300,48.2500985656867,4.72940537846579
"2809",2022-03-22 00:00:40,2,338,300,48.8084161661054,5.23651315153313
"2810",2022-03-22 00:00:45,2,338,300,50.2647127121974,5.04599221822865
"2811",2022-03-22 00:00:50,2,338,300,50.9284597014623,5.0723780105295
"2812",2022-03-22 00:00:55,2,338,300,49.8842937974628,5.03225107244811
"2813",2022-03-22 00:01:00,2,338,300,50.8495260070826,5.05548802784174
"2814",2022-03-22 00:01:05,2,338,300,48.1857074159793,4.50123330746256
"2815",2022-03-22 00:01:10,2,338,300,47.2850071118509,5.21148829240284
"2816",2022-03-22 00:01:15,2,338,300,50.7817827632483,5.04626721384178
"2817",2022-03-22 00:01:20,2,338,300,50.5426751960666,5.12088991735862
"2818",2022-03-22 00:01:25,2,338,300,47.6800463255863,5.08458791902688
"2819",2022-03-22 00:01:30,2,338,300,49.1838070153313,4.77273375387382
"2820",2022-03-22 00:01:35,2,338,300,47.3323963869104,5.2538070296958
"2821",2022-03-22 00:01:40,2,338,300,49.9832384437931,5.034850020861
"2822",2022-03-22 00:01:45,2,338,300,49.5085922088945,4.94264955014786
"2823",2022-03-22 00:01:50,2,338,300,47.9697197779802,5.45261928699941
"2824",2022-03-22 00:01:55,2,338,300,49.1925181405813,5.09383354384835
"2825",2022-03-22 00:02:00,2,338,300,47.8034459305144,4.71725354249858
"2826",2022-03-22 00:02:05,2,338,300,49.6035454089381,5.02267799929554
"2827",2022-03-22 00:02:10,2,338,300,48.4880988351985,5.24458730466631
"2828",2022-03-22 00:02:15,2,338,300,48.1125514546685,5.17853958868329
"2829",2022-03-22 00:02:20,2,338,300,49.8790720317814,5.16629618354459
"2830",2022-03-22 00:02:25,2,338,300,47.9692474938975,5.00242966625741
"2831",2022-03-22 00:02:30,2,338,300,51.8453449787107,5.33255898708814
"2832",2022-03-22 00:02:35,2,338,300,46.9881168225993,5.18038065991282
"2833",2022-03-22 00:02:40,2,338,300,48.431564701268,4.95978534859325
"2834",2022-03-22 00:02:45,2,338,300,48.7343355349836,5.0656020852327
"2835",2022-03-22 00:02:50,2,338,300,49.5483543950321,5.10270977079724
"2836",2022-03-22 00:02:55,2,338,300,48.6192338254015,4.62239082130697
"2837",2022-03-22 00:03:00,2,338,300,50.026147899381,4.71907049893844
"2838",2022-03-22 00:03:05,2,338,300,49.0454511837603,4.91421503146846
"2839",2022-03-22 00:03:10,2,338,300,51.6826774349351,4.75102519905733
"2840",2022-03-22 00:03:15,2,338,300,49.9057633331502,5.38723973184667
"2841",2022-03-22 00:03:20,2,338,300,48.9581288316546,4.87449978986237
"2842",2022-03-22 00:03:25,2,338,300,48.1487470847364,5.4805565244289
"2843",2022-03-22 00:03:30,2,338,300,50.1274937108576,5.12452202903201
"2844",2022-03-22 00:03:35,2,338,300,49.0826224045011,4.96444085304598
"2845",2022-03-22 00:03:40,2,338,300,50.5528529024024,4.79420107257199
"2846",2022-03-22 00:03:45,2,338,300,48.2045763126726,5.01292556478357
"2847",2022-03-22 00:03:50,2,338,300,48.0633820132447,4.90885832898802
"2848",2022-03-22 00:03:55,2,338,300,47.10846990917,4.67175160602294
"2849",2022-03-22 00:04:00,2,338,300,49.2011902536657,5.00045267404413
"2850",2022-03-22 00:04:05,2,338,300,50.5554989971763,4.72098038761594
"2851",2022-03-22 00:04:10,2,338,300,51.0993550325973,4.97990178885063
"2852",2022-03-22 00:04:15,2,338,300,51.010871785403,4.66782661513098
"2853",2022-03-22 00:04:20,2,338,300,48.8467536797683,4.65125822868669
"2854",2022-03-22 00:04:25,2,338,300,47.5332441158247,5.07601697412091
"2855",2022-03-22 00:04:30,2,338,300,47.861737352946,5.10460988750536
"2856",2022-03-22 00:04:35,2,338,300,49.0016576134457,5.42936912910244
"2857",2022-03-22 00:04:40,2,338,300,47.5168616235491,4.89228190976968
"2858",2022-03-22 00:04:45,2,338,300,48.8342152831002,4.9961273032804
"2859",2022-03-22 00:04:50,2,338,300,48.4683113040638,4.95904936336706
"2860",2022-03-22 00:04:55,2,338,300,48.6660354418109,5.08277072689263
"2861",2022-03-22 00:05:00,2,338,300,49.084459278648,5.09710535874295
"2862",2022-03-22 00:05:05,2,338,300,50.9765205491765,4.61366258248394
"2863",2022-03-22 00:05:10,2,338,300,49.4517080310602,4.98480158414911
"2864",2022-03-22 00:05:15,2,338,300,50.4037926562522,5.16325407295189
"2865",2022-03-22 00:05:20,2,338,300,49.4943006678475,5.37586152741489
"2866",2022-03-22 00:05:25,2,338,300,50.6640784265029,4.89994016485585
"2867",2022-03-22 00:05:30,2,338,300,47.170016985328,5.38399293263642
"2868",2022-03-22 00:05:35,2,338,300,47.3190544553254,4.89673811132434
"2869",2022-03-22 00:05:40,2,338,300,48.6758034108038,5.22598107536101
"2870",2022-03-22 00:05:45,2,338,300,45.9059199092738,4.948946023212
"2871",2022-03-22 00:05:50,2,338,300,51.4916324270628,5.24162204203657
"2872",2022-03-22 00:05:55,2,338,300,50.2155875412601,4.68667229855073
"2873",2022-03-22 00:06:00,2,338,300,46.1445126431819,4.71111275214933
"2874",2022-03-22 00:06:05,2,338,300,47.5964779655229,4.92214792383366
"2875",2022-03-22 00:06:10,2,338,300,49.9400232340517,4.78289515060162
"2876",2022-03-22 00:06:15,2,338,300,47.7548251653997,4.99965402866641
"2877",2022-03-22 00:06:20,2,338,300,48.7296062113354,4.75551981133584
"2878",2022-03-22 00:06:25,2,338,300,49.4179891703233,5.46644928525177
"2879",2022-03-22 00:06:30,2,338,300,51.1427454675575,5.12340720312209
"2880",2022-03-22 00:06:35,2,338,300,47.4854497290769,5.24639239056181
"2881",2022-03-22 00:06:40,2,338,300,49.0714065652974,5.05472106667746
"2882",2022-03-22 00:06:45,2,338,300,50.1181999750259,5.42778873527527
"2883",2022-03-22 00:06:50,2,338,300,48.7386196790232,4.93746421285832
"2884",2022-03-22 00:06:55,2,338,300,48.0893262314748,4.86033622155507
"2885",2022-03-22 00:07:00,2,338,300,52.3580398338729,4.88291065857774
"2886",2022-03-22 00:07:05,2,338,300,51.4054758661417,4.96809075070622
"2887",2022-03-22 00:07:10,2,338,300,48.4278004974421,5.015132603414
"2888",2022-03-22 00:07:15,2,338,300,48.1491695214654,4.75484646783717
"2889",2022-03-22 00:07:20,2,338,300,48.9740712645546,4.85008890239503
"2890",2022-03-22 00:07:25,2,338,300,48.7349353857509,4.93657173711172
"2891",2022-03-22 00:07:30,2,338,300,48.6522087848931,5.15832978567512
"2892",2022-03-22 00:07:35,2,338,300,49.1438182457823,4.80971023606038
"2893",2022-03-22 00:07:40,2,338,300,49.6760558248157,5.35555417240856
"2894",2022-03-22 00:07:45,2,338,300,50.8551250912363,5.28092226193913
"2895",2022-03-22 00:07:50,2,338,300,49.2528127752824,4.99608625389956
"2896",2022-03-22 00:07:55,2,338,300,49.0091673468672,4.91263711991411
"2897",2022-03-22 00:08:00,2,338,300,51.4942139816545,5.19958823399893
"2898",2022-03-22 00:08:05,2,338,300,50.7984382051086,4.90473934554067
"2899",2022-03-22 00:08:10,2,338,300,49.8410618500371,5.19431763333881
"2900",2022-03-22 00:08:15,2,338,300,51.1725909715152,5.22138023111888
"2901",2022-03-22 00:08:20,2,338,300,47.2420470387855,5.10693352194476
"2902",2022-03-22 00:08:25,2,338,300,48.461798234778,5.6449336693973
"2903",2022-03-22 00:08:30,2,338,300,49.8110907017378,4.89081393050362
"2904",2022-03-22 00:08:35,2,338,300,48.7649821473064,4.88462587726654
"2905",2022-03-22 00:08:40,2,338,300,49.4449994435846,4.95190511679362
"2906",2022-03-22 00:08:45,2,338,300,46.5662993786899,5.00134604430201
"2907",2022-03-22 00:08:50,2,338,300,50.6065550887214,5.4088241559038
"2908",2022-03-22 00:08:55,2,338,300,48.4896805075333,4.98954053001288
"2909",2022-03-22 00:09:00,2,338,300,48.78510314054,5.22131845456748
"2910",2022-03-22 00:09:05,2,338,300,50.7790878450115,5.2543720701386
"2911",2022-03-22 00:09:10,2,338,300,49.2297931988756,5.36734820883899
"2912",2022-03-22 00:09:15,2,338,300,49.6227265064798,5.08942533074624
"2913",2022-03-22 00:09:20,2,338,300,47.7755672936531,4.94695200454097
"2914",2022-03-22 00:09:25,2,338,300,46.288790885743,4.89853628244853
"2915",2022-03-22 00:09:30,2,338,300,48.0665438569257,4.87290336285656
"2916",2022-03-22 00:09:35,2,338,300,46.5933449435841,5.06465996577209
"2917",2022-03-22 00:09:40,2,338,300,49.4150611462125,5.28103676141601
"2918",2022-03-22 00:09:45,2,338,300,49.4799555989036,5.18813884772202
"2919",2022-03-22 00:09:50,2,338,300,47.9249288424323,5.0590140698248
"2920",2022-03-22 00:09:55,2,338,300,48.8150096134385,4.71891192521232
"2921",2022-03-22 00:10:00,2,338,300,48.2749023336138,5.04640209881793
"2922",2022-03-22 00:10:05,2,338,300,47.9485231746384,5.04016339029932
"2923",2022-03-22 00:10:10,2,338,300,47.4720112044713,4.990393676696
"2924",2022-03-22 00:10:15,2,338,300,49.15265893934,5.14901391072144
"2925",2022-03-22 00:10:20,2,338,300,49.8716198079702,5.18814995099425
"2926",2022-03-22 00:10:25,2,338,300,48.0512520010865,4.88434767783639
"2927",2022-03-22 00:10:30,2,338,300,48.3587525751812,4.93849297932083
"2928",2022-03-22 00:10:35,2,338,300,51.3153155914137,5.27909275687835
"2929",2022-03-22 00:10:40,2,338,300,51.2677977740266,4.94984914398605
"2930",2022-03-22 00:10:45,2,338,300,50.2168814947775,5.21134875575624
"2931",2022-03-22 00:10:50,2,338,300,49.7720820634069,4.93642248677198
"2932",2022-03-22 00:10:55,2,338,300,49.5876824608039,4.99881123030016
"2933",2022-03-22 00:11:00,2,338,300,47.4623931344368,4.98436340165127
"2934",2022-03-22 00:11:05,2,338,300,49.9185383717312,4.9582258524256
"2935",2022-03-22 00:11:10,2,338,300,45.4825875881176,5.06706763587071
"2936",2022-03-22 00:11:15,2,338,300,49.5692167407788,5.32369731693829
"2937",2022-03-22 00:11:20,2,338,300,47.1782371330947,4.62721500160823
"2938",2022-03-22 00:11:25,2,338,300,50.120838285356,5.29484371185787
"2939",2022-03-22 00:11:30,2,338,300,49.4865153408381,4.68523853729103
"2940",2022-03-22 00:11:35,2,338,300,49.6891845654778,4.72280787272467
"2941",2022-03-22 00:11:40,2,338,300,48.4567800781254,4.80449309620247
"2942",2022-03-22 00:11:45,2,338,300,49.3129658709548,5.26542772104444
"2943",2022-03-22 00:11:50,2,338,300,48.7687044811903,4.88956691329657
"2944",2022-03-22 00:11:55,2,338,300,47.1713394843324,5.41363102492831
"2945",2022-03-22 00:12:00,2,338,300,50.2420724579959,4.99693818047472
"2946",2022-03-22 00:12:05,2,338,300,49.7020734600162,5.04381977892824
"2947",2022-03-22 00:12:10,2,338,300,46.9039799682307,4.99827657389658
"2948",2022-03-22 00:12:15,2,338,300,48.2839481477849,5.04515506467325
"2949",2022-03-22 00:12:20,2,338,300,49.5492562456384,5.08179829795979
"2950",2022-03-22 00:12:25,2,338,300,47.8037743073416,5.50043580349516
"2951",2022-03-22 00:12:30,2,338,300,47.6313403448427,5.00055574967859
"2952",2022-03-22 00:12:35,2,338,300,49.3213827447952,5.33465425743859
"2953",2022-03-22 00:12:40,2,338,300,49.5262586464304,4.75630266885771
"2954",2022-03-22 00:12:45,2,338,300,50.1442581117919,4.90592673920284
"2955",2022-03-22 00:12:50,2,338,300,47.3569727996577,4.8325788903991
"2956",2022-03-22 00:12:55,2,338,300,46.7890109741305,5.07894318943249
"2957",2022-03-22 00:13:00,2,338,300,46.1530294504212,4.63898299031383
"2958",2022-03-22 00:13:05,2,338,300,49.3871099701746,5.46445344833679
"2959",2022-03-22 00:13:10,2,338,300,49.1044529999026,5.10871503767896
"2960",2022-03-22 00:13:15,2,338,300,48.9699791875999,5.00605575781469
"2961",2022-03-22 00:13:20,2,338,300,48.9027902182957,5.19823315378386
"2962",2022-03-22 00:13:25,2,338,300,47.2527493331903,4.87159207182166
"2963",2022-03-22 00:13:30,2,338,300,46.4140205437385,5.24879769349841
"2964",2022-03-22 00:13:35,2,338,300,48.4155205290874,5.18921380913875
"2965",2022-03-22 00:13:40,2,338,300,51.8185346005389,6.0514344067884
"2966",2022-03-22 00:13:45,2,338,300,50.3377259654026,5.29971065829943
"2967",2022-03-22 00:13:50,2,338,300,51.0542541848828,4.93126200402507
"2968",2022-03-22 00:13:55,2,338,300,47.294934887899,5.00317980040444
"2969",2022-03-22 00:14:00,2,338,300,49.1696238123047,4.90642166201223
"2970",2022-03-22 00:14:05,2,338,300,47.7995516214676,5.51057803461604
"2971",2022-03-22 00:14:10,2,338,300,49.4917266446445,5.14450152612297
"2972",2022-03-22 00:14:15,2,338,300,48.6628309415526,5.4486303775665
"2973",2022-03-22 00:14:20,2,338,300,48.6446515293703,4.87157237081713
"2974",2022-03-22 00:14:25,2,338,300,47.9059893604085,5.26327811134076
"2975",2022-03-22 00:14:30,2,338,300,50.258559861897,4.71431893777225
"2976",2022-03-22 00:14:35,2,338,300,48.1270405087215,5.41828726798911
"2977",2022-03-22 00:14:40,2,338,300,49.5779977152185,5.15388392728747
"2978",2022-03-22 00:14:45,2,338,300,50.5481431986457,4.77387605552839
"2979",2022-03-22 00:14:50,2,338,300,49.1604774533154,5.0059095848338
"2980",2022-03-22 00:14:55,2,338,300,48.4740295635833,5.10088213574479
"2981",2022-03-22 00:15:00,2,338,300,50.6069103082544,4.67332530301733
"2982",2022-03-22 00:15:05,2,338,300,48.8619827814683,5.7472560163791
"2983",2022-03-22 00:15:10,2,338,300,48.4674396971557,4.91479532636479
"2984",2022-03-22 00:15:15,2,338,300,49.7104534762312,4.94828760524975
"2985",2022-03-22 00:15:20,2,338,300,47.608063897046,4.88173720378787
"2986",2022-03-22 00:15:25,2,338,300,48.9451724472552,5.03571605477599
"2987",2022-03-22 00:15:30,2,338,300,48.9659131794623,4.80618519364485
"2988",2022-03-22 00:15:35,2,338,300,48.8009573762352,5.08037358731652
"2989",2022-03-22 00:15:40,2,338,300,46.891997395335,5.19635518173694
"2990",2022-03-22 00:15:45,2,338,300,49.6695794875706,5.24685324176571
"2991",2022-03-22 00:15:50,2,338,300,46.6801935238164,5.08219192667976
"2992",2022-03-22 00:15:55,2,338,300,50.9846289271377,4.94051573787877
"2993",2022-03-22 00:16:00,2,338,300,48.8277277238089,4.97534713381652
"2994",2022-03-22 00:16:05,2,338,300,48.9694955174522,5.28785276234235
"2995",2022-03-22 00:16:10,2,338,300,48.8108548605601,4.87781106519926
"2996",2022-03-22 00:16:15,2,338,300,47.4616410969559,5.1882334590037
"2997",2022-03-22 00:16:20,2,338,300,47.4423213393139,5.13410807422268
"2998",2022-03-22 00:16:25,2,338,300,48.1622112619744,5.06602441392273
"2999",2022-03-22 00:16:30,2,338,300,49.5657801761542,5.21552579986923
"3000",2022-03-22 00:16:35,2,338,300,50.4458550929782,4.75736458406801
"3001",2022-03-23 00:00:00,2,373,100,51.9593537772085,6.52897452474238
"3002",2022-03-23 00:00:05,2,373,100,46.2869075226961,6.54970558159892
"3003",2022-03-23 00:00:10,2,373,100,48.1641740014311,6.42907927206467
"3004",2022-03-23 00:00:15,2,373,100,48.4769986688016,6.25143643518058
"3005",2022-03-23 00:00:20,2,373,100,48.7059577081475,6.36873498188144
"3006",2022-03-23 00:00:25,2,373,100,46.7218251807071,6.68521835740736
"3007",2022-03-23 00:00:30,2,373,100,49.9243821025153,5.94971519483917
"3008",2022-03-23 00:00:35,2,373,100,50.9904966377501,6.61300238088688
"3009",2022-03-23 00:00:40,2,373,100,49.0583613938019,6.27576855107989
"3010",2022-03-23 00:00:45,2,373,100,47.3237988537029,6.57928958422566
"3011",2022-03-23 00:00:50,2,373,100,47.2133297155478,6.49160772005695
"3012",2022-03-23 00:00:55,2,373,100,48.0814474635462,6.49510177915545
"3013",2022-03-23 00:01:00,2,373,100,49.9706125184059,6.08296736352564
"3014",2022-03-23 00:01:05,2,373,100,47.2034250445609,6.2667258349193
"3015",2022-03-23 00:01:10,2,373,100,48.8853809199664,6.41003975717001
"3016",2022-03-23 00:01:15,2,373,100,49.9342666187673,6.58073840877717
"3017",2022-03-23 00:01:20,2,373,100,48.7837739686069,6.32201010963045
"3018",2022-03-23 00:01:25,2,373,100,48.5953544576574,6.4161507654716
"3019",2022-03-23 00:01:30,2,373,100,49.8291531806048,6.24504673665871
"3020",2022-03-23 00:01:35,2,373,100,51.9779032283078,6.65356021896941
"3021",2022-03-23 00:01:40,2,373,100,46.0432239980435,6.66469526796038
"3022",2022-03-23 00:01:45,2,373,100,49.1841017437891,6.33890414707426
"3023",2022-03-23 00:01:50,2,373,100,49.9315354682226,6.75333217935608
"3024",2022-03-23 00:01:55,2,373,100,48.4423010615766,6.23911123727722
"3025",2022-03-23 00:02:00,2,373,100,49.0641052817253,6.13370225375985
"3026",2022-03-23 00:02:05,2,373,100,51.0701658646127,6.54214100234836
"3027",2022-03-23 00:02:10,2,373,100,48.0400797303616,6.40709039856916
"3028",2022-03-23 00:02:15,2,373,100,49.9660335702134,6.42105742436814
"3029",2022-03-23 00:02:20,2,373,100,47.9903749191676,6.55471671935783
"3030",2022-03-23 00:02:25,2,373,100,50.1351133495956,6.3287302761908
"3031",2022-03-23 00:02:30,2,373,100,48.3433051786259,6.64134082473807
"3032",2022-03-23 00:02:35,2,373,100,50.0582065417214,6.52607909695916
"3033",2022-03-23 00:02:40,2,373,100,48.4471436561613,6.30820466179128
"3034",2022-03-23 00:02:45,2,373,100,47.2834736674454,6.44475959777967
"3035",2022-03-23 00:02:50,2,373,100,46.1641283859501,6.63003981070613
"3036",2022-03-23 00:02:55,2,373,100,50.5612140687757,6.3399793922151
"3037",2022-03-23 00:03:00,2,373,100,48.9107691395266,6.65330158812028
"3038",2022-03-23 00:03:05,2,373,100,49.1770136144643,6.21108668526662
"3039",2022-03-23 00:03:10,2,373,100,49.3196360491712,6.25924468197457
"3040",2022-03-23 00:03:15,2,373,100,46.5980363306049,6.20546354829918
"3041",2022-03-23 00:03:20,2,373,100,47.3296581634062,6.14636030497958
"3042",2022-03-23 00:03:25,2,373,100,45.6663420101933,6.57198045086314
"3043",2022-03-23 00:03:30,2,373,100,50.0702561571907,6.67483483403513
"3044",2022-03-23 00:03:35,2,373,100,47.9797897904333,6.24453783919056
"3045",2022-03-23 00:03:40,2,373,100,47.5936723477722,6.25321779018639
"3046",2022-03-23 00:03:45,2,373,100,47.1062155759639,5.93632609812443
"3047",2022-03-23 00:03:50,2,373,100,46.4158016764177,6.1989641806975
"3048",2022-03-23 00:03:55,2,373,100,49.1022569075357,6.62019311381661
"3049",2022-03-23 00:04:00,2,373,100,51.2270285791075,6.59742688623867
"3050",2022-03-23 00:04:05,2,373,100,50.1506839495972,6.57000319415785
"3051",2022-03-23 00:04:10,2,373,100,48.7050152425145,6.35517660924256
"3052",2022-03-23 00:04:15,2,373,100,48.7392954263942,6.40366653800397
"3053",2022-03-23 00:04:20,2,373,100,47.5151391860811,6.00370346797588
"3054",2022-03-23 00:04:25,2,373,100,49.3468681402339,6.23719299402769
"3055",2022-03-23 00:04:30,2,373,100,51.4331550736318,6.49322305974022
"3056",2022-03-23 00:04:35,2,373,100,49.4105507999288,6.21307811169811
"3057",2022-03-23 00:04:40,2,373,100,46.8545905396059,6.31507267677865
"3058",2022-03-23 00:04:45,2,373,100,50.0176096600488,6.16157475131718
"3059",2022-03-23 00:04:50,2,373,100,47.9835977696412,6.35441552177038
"3060",2022-03-23 00:04:55,2,373,100,50.1507351558509,6.77617696646474
"3061",2022-03-23 00:05:00,2,373,100,47.760970999797,6.65484911579253
"3062",2022-03-23 00:05:05,2,373,100,49.1771321736808,6.69327978369506
"3063",2022-03-23 00:05:10,2,373,100,49.9723885490167,6.18571729798678
"3064",2022-03-23 00:05:15,2,373,100,46.1898811876868,6.69997147773077
"3065",2022-03-23 00:05:20,2,373,100,50.6085209693172,6.51941549353133
"3066",2022-03-23 00:05:25,2,373,100,48.4254735073726,6.64810855800318
"3067",2022-03-23 00:05:30,2,373,100,49.0392103226543,6.64886799458384
"3068",2022-03-23 00:05:35,2,373,100,49.221534536504,6.08404328847891
"3069",2022-03-23 00:05:40,2,373,100,49.529534669214,6.5385499984509
"3070",2022-03-23 00:05:45,2,373,100,47.5003509240466,6.43551888151235
"3071",2022-03-23 00:05:50,2,373,100,48.2671166389368,6.73422168177531
"3072",2022-03-23 00:05:55,2,373,100,49.025880901776,6.36500351154855
"3073",2022-03-23 00:06:00,2,373,100,48.4260535805876,6.16315785097851
"3074",2022-03-23 00:06:05,2,373,100,50.2554842324272,6.46305341000926
"3075",2022-03-23 00:06:10,2,373,100,49.0512566412371,6.51512275170595
"3076",2022-03-23 00:06:15,2,373,100,47.3763820742437,6.4523332622866
"3077",2022-03-23 00:06:20,2,373,100,49.2898607353671,6.31416784472852
"3078",2022-03-23 00:06:25,2,373,100,45.96135747562,6.38497418745445
"3079",2022-03-23 00:06:30,2,373,100,49.8983990070372,6.57401767261793
"3080",2022-03-23 00:06:35,2,373,100,48.0914518494644,5.79812538376994
"3081",2022-03-23 00:06:40,2,373,100,47.984638766204,6.00179618618485
"3082",2022-03-23 00:06:45,2,373,100,50.3776728684128,6.72899278109752
"3083",2022-03-23 00:06:50,2,373,100,48.7877643433555,6.41144573951415
"3084",2022-03-23 00:06:55,2,373,100,49.8547237178478,5.89907573800604
"3085",2022-03-23 00:07:00,2,373,100,49.1602968134091,6.51430533975839
"3086",2022-03-23 00:07:05,2,373,100,47.9528382665011,6.13198912676895
"3087",2022-03-23 00:07:10,2,373,100,45.4553323209657,6.86573943924555
"3088",2022-03-23 00:07:15,2,373,100,48.7880910317371,6.38013626286763
"3089",2022-03-23 00:07:20,2,373,100,45.5167700465731,6.23264366646894
"3090",2022-03-23 00:07:25,2,373,100,47.1620619538101,6.23327444698254
"3091",2022-03-23 00:07:30,2,373,100,49.197621253465,6.16639258466624
"3092",2022-03-23 00:07:35,2,373,100,48.9167935978526,6.62645483681417
"3093",2022-03-23 00:07:40,2,373,100,47.1527739264798,6.46561202793035
"3094",2022-03-23 00:07:45,2,373,100,48.6973747242486,6.65522649703967
"3095",2022-03-23 00:07:50,2,373,100,49.0509409421109,6.41437612261888
"3096",2022-03-23 00:07:55,2,373,100,47.5802983343427,6.0332978563481
"3097",2022-03-23 00:08:00,2,373,100,49.9316364637584,6.16374072170698
"3098",2022-03-23 00:08:05,2,373,100,48.8853907496593,6.4500023268791
"3099",2022-03-23 00:08:10,2,373,100,52.1726420002953,6.20063066896141
"3100",2022-03-23 00:08:15,2,373,100,49.062226484224,6.42569207062967
"3101",2022-03-23 00:08:20,2,373,100,50.2884857711402,6.36904798193328
"3102",2022-03-23 00:08:25,2,373,100,50.5301934389634,6.22486620391489
"3103",2022-03-23 00:08:30,2,373,100,49.6820759631703,6.14157848160449
"3104",2022-03-23 00:08:35,2,373,100,47.8045248389892,6.46532671340293
"3105",2022-03-23 00:08:40,2,373,100,49.8919217251359,6.58702413109444
"3106",2022-03-23 00:08:45,2,373,100,48.983846502818,6.09482283822592
"3107",2022-03-23 00:08:50,2,373,100,49.522716046409,6.32567005177075
"3108",2022-03-23 00:08:55,2,373,100,48.5532455938682,6.09878336807923
"3109",2022-03-23 00:09:00,2,373,100,47.5748994608284,6.52987202127655
"3110",2022-03-23 00:09:05,2,373,100,48.4995545415786,6.4403315107653
"3111",2022-03-23 00:09:10,2,373,100,49.4849930620748,6.44808668891501
"3112",2022-03-23 00:09:15,2,373,100,49.7374901429742,6.94510154532263
"3113",2022-03-23 00:09:20,2,373,100,47.2832399794066,6.49249118563713
"3114",2022-03-23 00:09:25,2,373,100,50.8859735828255,6.66944375834946
"3115",2022-03-23 00:09:30,2,373,100,49.5001846625821,6.27017890804847
"3116",2022-03-23 00:09:35,2,373,100,48.2383037048698,6.58893452169874
"3117",2022-03-23 00:09:40,2,373,100,47.5609843153508,6.47410178987397
"3118",2022-03-23 00:09:45,2,373,100,49.6526327196828,6.33812697215157
"3119",2022-03-23 00:09:50,2,373,100,48.6091333656081,6.41419292124385
"3120",2022-03-23 00:09:55,2,373,100,48.4394951603675,6.40606236224192
"3121",2022-03-23 00:10:00,2,373,100,48.0243448655316,6.71301101104958
"3122",2022-03-23 00:10:05,2,373,100,46.4684066419441,6.36622702544982
"3123",2022-03-23 00:10:10,2,373,100,48.8550567250062,6.2553670249373
"3124",2022-03-23 00:10:15,2,373,100,49.3713048257287,6.26873089688437
"3125",2022-03-23 00:10:20,2,373,100,48.1707338009183,6.29317346856704
"3126",2022-03-23 00:10:25,2,373,100,49.2937054901994,6.23870396402593
"3127",2022-03-23 00:10:30,2,373,100,49.0597449796672,6.50266095916225
"3128",2022-03-23 00:10:35,2,373,100,48.0061661132847,6.40694703543712
"3129",2022-03-23 00:10:40,2,373,100,48.0063465013028,6.39063677677818
"3130",2022-03-23 00:10:45,2,373,100,46.9311386068137,6.39871433461363
"3131",2022-03-23 00:10:50,2,373,100,47.9104927318621,6.46411167963321
"3132",2022-03-23 00:10:55,2,373,100,49.8939876138166,6.47752452115695
"3133",2022-03-23 00:11:00,2,373,100,49.6583115687631,6.04246904701536
"3134",2022-03-23 00:11:05,2,373,100,48.9248959700281,6.26071280867383
"3135",2022-03-23 00:11:10,2,373,100,46.4530199386354,6.47888884397248
"3136",2022-03-23 00:11:15,2,373,100,47.5499916142858,6.57818025396903
"3137",2022-03-23 00:11:20,2,373,100,48.43767203442,6.38430034123684
"3138",2022-03-23 00:11:25,2,373,100,49.5519293388229,6.39879952125271
"3139",2022-03-23 00:11:30,2,373,100,49.5007204572491,6.44192397306673
"3140",2022-03-23 00:11:35,2,373,100,48.2599119920089,6.41144160056103
"3141",2022-03-23 00:11:40,2,373,100,48.0237806039019,6.61280885292765
"3142",2022-03-23 00:11:45,2,373,100,46.7178413928572,6.21202205945566
"3143",2022-03-23 00:11:50,2,373,100,49.7317797145629,6.16939630909094
"3144",2022-03-23 00:11:55,2,373,100,50.1071394933225,6.11073899712158
"3145",2022-03-23 00:12:00,2,373,100,48.8955176272838,6.58031681693452
"3146",2022-03-23 00:12:05,2,373,100,48.8225079161657,6.33735902304124
"3147",2022-03-23 00:12:10,2,373,100,47.4105905896558,6.58186180652138
"3148",2022-03-23 00:12:15,2,373,100,48.5495838046012,6.44858895309965
"3149",2022-03-23 00:12:20,2,373,100,48.0281788828293,6.12340816738276
"3150",2022-03-23 00:12:25,2,373,100,48.8653492177128,6.1711142130052
"3151",2022-03-23 00:12:30,2,373,100,48.6509481019919,6.40198395261223
"3152",2022-03-23 00:12:35,2,373,100,48.2237100139022,6.20366082730176
"3153",2022-03-23 00:12:40,2,373,100,51.2673196547664,6.41922095710574
"3154",2022-03-23 00:12:45,2,373,100,48.4679542954388,6.56053078612495
"3155",2022-03-23 00:12:50,2,373,100,47.6796620396557,6.36698098769815
"3156",2022-03-23 00:12:55,2,373,100,49.1204434710668,6.24247682496764
"3157",2022-03-23 00:13:00,2,373,100,46.7929207781002,6.42793969098148
"3158",2022-03-23 00:13:05,2,373,100,48.3813637569014,6.52043501464586
"3159",2022-03-23 00:13:10,2,373,100,47.725041382478,6.74663679136561
"3160",2022-03-23 00:13:15,2,373,100,47.0130864648858,6.1221539400823
"3161",2022-03-23 00:13:20,2,373,100,50.7612182743485,6.38478880567012
"3162",2022-03-23 00:13:25,2,373,100,50.2205961931344,6.61113556956215
"3163",2022-03-23 00:13:30,2,373,100,48.7923636152415,6.05452805763528
"3164",2022-03-23 00:13:35,2,373,100,49.766902181924,6.44254312983892
"3165",2022-03-23 00:13:40,2,373,100,49.8074030817048,6.57391060963087
"3166",2022-03-23 00:13:45,2,373,100,47.9294680715758,6.31953700136666
"3167",2022-03-23 00:13:50,2,373,100,49.4775202754536,6.31941916653274
"3168",2022-03-23 00:13:55,2,373,100,47.3978240163743,6.09568503435468
"3169",2022-03-23 00:14:00,2,373,100,48.9212582466125,6.45536415128564
"3170",2022-03-23 00:14:05,2,373,100,49.3093448111285,6.29072886266443
"3171",2022-03-23 00:14:10,2,373,100,47.8864299694232,6.74418579480248
"3172",2022-03-23 00:14:15,2,373,100,49.6442575508962,6.55633931857938
"3173",2022-03-23 00:14:20,2,373,100,48.6691078468016,6.44263425954351
"3174",2022-03-23 00:14:25,2,373,100,47.2163149961032,6.33118866551966
"3175",2022-03-23 00:14:30,2,373,100,48.5505261749983,6.26470513089335
"3176",2022-03-23 00:14:35,2,373,100,49.0619334670156,6.21759805136549
"3177",2022-03-23 00:14:40,2,373,100,49.0258115533123,6.14957781580316
"3178",2022-03-23 00:14:45,2,373,100,46.5613126788689,6.60096088133724
"3179",2022-03-23 00:14:50,2,373,100,46.864736832274,6.07236182743972
"3180",2022-03-23 00:14:55,2,373,100,49.4863706239336,6.33090272762627
"3181",2022-03-23 00:15:00,2,373,100,48.8278871055821,6.10572225532658
"3182",2022-03-23 00:15:05,2,373,100,47.4879299457172,6.68934933873067
"3183",2022-03-23 00:15:10,2,373,100,50.1501530946898,6.42291571318024
"3184",2022-03-23 00:15:15,2,373,100,48.5585185463943,6.33100086608917
"3185",2022-03-23 00:15:20,2,373,100,48.9275122377908,6.36791292238969
"3186",2022-03-23 00:15:25,2,373,100,48.7883708990139,6.14724045553201
"3187",2022-03-23 00:15:30,2,373,100,49.2713410795092,6.32309263782445
"3188",2022-03-23 00:15:35,2,373,100,50.3115033372093,6.20290222935284
"3189",2022-03-23 00:15:40,2,373,100,48.9240405108745,6.6512633409682
"3190",2022-03-23 00:15:45,2,373,100,48.6613418902511,6.06267690711678
"3191",2022-03-23 00:15:50,2,373,100,49.1182889852576,6.40904549216221
"3192",2022-03-23 00:15:55,2,373,100,49.8320551191084,6.50617991889349
"3193",2022-03-23 00:16:00,2,373,100,48.8315889198293,6.4153452898776
"3194",2022-03-23 00:16:05,2,373,100,48.6957218132965,6.53229976647221
"3195",2022-03-23 00:16:10,2,373,100,50.2219348062154,6.35712319709863
"3196",2022-03-23 00:16:15,2,373,100,49.9152715757215,6.36796306470685
"3197",2022-03-23 00:16:20,2,373,100,48.3765832355891,6.492049573914
"3198",2022-03-23 00:16:25,2,373,100,50.5146067712694,6.24931817120846
"3199",2022-03-23 00:16:30,2,373,100,48.311802599175,5.76733974973278
"3200",2022-03-23 00:16:35,2,373,100,49.7688408990096,6.57978318762815
"3201",2022-03-24 00:00:00,2,373,200,49.0083739295337,5.51786724044437
"3202",2022-03-24 00:00:05,2,373,200,49.1077973165454,5.91053268625255
"3203",2022-03-24 00:00:10,2,373,200,49.372596716166,6.03146848363306
"3204",2022-03-24 00:00:15,2,373,200,49.3158361396265,5.97560898870466
"3205",2022-03-24 00:00:20,2,373,200,50.7181721311267,5.45467510107359
"3206",2022-03-24 00:00:25,2,373,200,48.7487334861296,5.73031360238677
"3207",2022-03-24 00:00:30,2,373,200,49.6202168941437,5.61231548401953
"3208",2022-03-24 00:00:35,2,373,200,49.3422802047648,5.63275515201842
"3209",2022-03-24 00:00:40,2,373,200,49.686700956159,5.62853280387359
"3210",2022-03-24 00:00:45,2,373,200,48.9644243410308,5.68767665102598
"3211",2022-03-24 00:00:50,2,373,200,50.215724527282,5.87185080996113
"3212",2022-03-24 00:00:55,2,373,200,50.8177936830943,5.68928874919944
"3213",2022-03-24 00:01:00,2,373,200,48.9026922698274,5.86062523271988
"3214",2022-03-24 00:01:05,2,373,200,49.3933796276613,5.61756214757623
"3215",2022-03-24 00:01:10,2,373,200,48.362782007854,5.5915158077935
"3216",2022-03-24 00:01:15,2,373,200,49.0842508059917,5.77647869326581
"3217",2022-03-24 00:01:20,2,373,200,48.1303861492745,5.62258692538419
"3218",2022-03-24 00:01:25,2,373,200,48.4729976790876,5.77712442658735
"3219",2022-03-24 00:01:30,2,373,200,48.4535381061115,5.5217779536445
"3220",2022-03-24 00:01:35,2,373,200,49.8468470369663,5.38990147730836
"3221",2022-03-24 00:01:40,2,373,200,47.7575361711547,6.06564706402777
"3222",2022-03-24 00:01:45,2,373,200,47.9408964749581,6.11122058357143
"3223",2022-03-24 00:01:50,2,373,200,47.1087762116149,5.79499340669691
"3224",2022-03-24 00:01:55,2,373,200,50.9643989132021,5.57364004657477
"3225",2022-03-24 00:02:00,2,373,200,46.1417509555586,5.75178243415923
"3226",2022-03-24 00:02:05,2,373,200,48.4469713838008,5.70192208878791
"3227",2022-03-24 00:02:10,2,373,200,49.3567835272167,5.51802143896533
"3228",2022-03-24 00:02:15,2,373,200,49.2810724587505,5.6285549899225
"3229",2022-03-24 00:02:20,2,373,200,50.4065785126481,5.51560087126464
"3230",2022-03-24 00:02:25,2,373,200,47.1081792624256,5.83562070941709
"3231",2022-03-24 00:02:30,2,373,200,48.8049589761308,5.55566975469439
"3232",2022-03-24 00:02:35,2,373,200,51.8685308252383,5.73453153213745
"3233",2022-03-24 00:02:40,2,373,200,51.6885511675048,5.99793856226811
"3234",2022-03-24 00:02:45,2,373,200,49.3089873101663,6.16271390497914
"3235",2022-03-24 00:02:50,2,373,200,51.9278034432857,5.21892355637014
"3236",2022-03-24 00:02:55,2,373,200,49.3286884245899,5.45208385953612
"3237",2022-03-24 00:03:00,2,373,200,49.9089701141722,5.86785743567553
"3238",2022-03-24 00:03:05,2,373,200,50.401473776952,5.81743988357081
"3239",2022-03-24 00:03:10,2,373,200,49.1120996354704,5.34213763512777
"3240",2022-03-24 00:03:15,2,373,200,47.0891205685914,5.66645756364037
"3241",2022-03-24 00:03:20,2,373,200,47.1653467834389,5.94421197479535
"3242",2022-03-24 00:03:25,2,373,200,47.573403256244,5.90023575541825
"3243",2022-03-24 00:03:30,2,373,200,49.3006940302553,6.00846435947509
"3244",2022-03-24 00:03:35,2,373,200,48.867144093666,5.82097479967857
"3245",2022-03-24 00:03:40,2,373,200,47.9612359063433,6.04481318926698
"3246",2022-03-24 00:03:45,2,373,200,50.8950447742832,5.52756553101376
"3247",2022-03-24 00:03:50,2,373,200,51.1137302685784,5.67214416952599
"3248",2022-03-24 00:03:55,2,373,200,48.6577785737623,6.07061840674421
"3249",2022-03-24 00:04:00,2,373,200,45.7703367197809,5.60475195956128
"3250",2022-03-24 00:04:05,2,373,200,48.4750298638101,5.79653267351085
"3251",2022-03-24 00:04:10,2,373,200,47.4188041095876,6.23299383296048
"3252",2022-03-24 00:04:15,2,373,200,46.5939847770763,5.70630430440244
"3253",2022-03-24 00:04:20,2,373,200,50.9356014147191,5.62970182363808
"3254",2022-03-24 00:04:25,2,373,200,48.3047698265545,5.57378177824234
"3255",2022-03-24 00:04:30,2,373,200,48.8504255931331,5.65066202432726
"3256",2022-03-24 00:04:35,2,373,200,49.2971478069275,5.71718577327894
"3257",2022-03-24 00:04:40,2,373,200,50.1507233994362,5.93452346876922
"3258",2022-03-24 00:04:45,2,373,200,50.3338901603145,5.41278162177196
"3259",2022-03-24 00:04:50,2,373,200,48.9032266797277,5.67713997299622
"3260",2022-03-24 00:04:55,2,373,200,48.2021379270522,5.44063008142326
"3261",2022-03-24 00:05:00,2,373,200,48.720473191305,5.65743567916405
"3262",2022-03-24 00:05:05,2,373,200,50.5565158050222,5.97690124711129
"3263",2022-03-24 00:05:10,2,373,200,49.2654973122705,5.39290033300285
"3264",2022-03-24 00:05:15,2,373,200,49.4197393669057,5.81825921516604
"3265",2022-03-24 00:05:20,2,373,200,49.0564477154591,5.46048495005785
"3266",2022-03-24 00:05:25,2,373,200,48.0121101109372,5.7713899862592
"3267",2022-03-24 00:05:30,2,373,200,48.2143895854968,5.77986932663564
"3268",2022-03-24 00:05:35,2,373,200,48.9182734747949,5.22979915948132
"3269",2022-03-24 00:05:40,2,373,200,48.5942533293045,5.43118027395284
"3270",2022-03-24 00:05:45,2,373,200,49.2888906107023,5.68976802081576
"3271",2022-03-24 00:05:50,2,373,200,48.1617399907412,5.80373841922116
"3272",2022-03-24 00:05:55,2,373,200,48.4975770269834,5.59301956001375
"3273",2022-03-24 00:06:00,2,373,200,50.2925576898947,5.48905885072176
"3274",2022-03-24 00:06:05,2,373,200,49.9214907897422,5.82642639778324
"3275",2022-03-24 00:06:10,2,373,200,47.1987919849866,5.52248430762456
"3276",2022-03-24 00:06:15,2,373,200,47.5125904795449,5.7070119763758
"3277",2022-03-24 00:06:20,2,373,200,48.6208879329902,5.68377058125877
"3278",2022-03-24 00:06:25,2,373,200,49.1675666775516,5.59646295387529
"3279",2022-03-24 00:06:30,2,373,200,49.4732641883082,5.87339133444726
"3280",2022-03-24 00:06:35,2,373,200,50.6481927724611,5.64811539529284
"3281",2022-03-24 00:06:40,2,373,200,48.3714533574716,5.77932022778513
"3282",2022-03-24 00:06:45,2,373,200,50.3531813626121,5.56398541300073
"3283",2022-03-24 00:06:50,2,373,200,50.0034725891677,5.56206745410795
"3284",2022-03-24 00:06:55,2,373,200,48.5968461963702,5.48039475139403
"3285",2022-03-24 00:07:00,2,373,200,48.8649620036173,5.68415224181952
"3286",2022-03-24 00:07:05,2,373,200,48.2575147588245,5.74296189930381
"3287",2022-03-24 00:07:10,2,373,200,48.4004799121303,5.71575489294843
"3288",2022-03-24 00:07:15,2,373,200,48.9949482514954,5.73788261395007
"3289",2022-03-24 00:07:20,2,373,200,49.2805468398667,5.77393193190388
"3290",2022-03-24 00:07:25,2,373,200,48.8836436622597,5.46569841141911
"3291",2022-03-24 00:07:30,2,373,200,50.8248656961892,5.71234207456009
"3292",2022-03-24 00:07:35,2,373,200,45.6652829868313,5.39583557142893
"3293",2022-03-24 00:07:40,2,373,200,49.8218662904999,5.78183951460959
"3294",2022-03-24 00:07:45,2,373,200,48.6480405239514,5.76770435722275
"3295",2022-03-24 00:07:50,2,373,200,47.1534969422119,5.21908608777233
"3296",2022-03-24 00:07:55,2,373,200,50.2403580838034,5.85435155301158
"3297",2022-03-24 00:08:00,2,373,200,49.6283407876206,5.70269821120772
"3298",2022-03-24 00:08:05,2,373,200,46.9588803607139,6.04322496201179
"3299",2022-03-24 00:08:10,2,373,200,49.4193343287868,5.9914805235281
"3300",2022-03-24 00:08:15,2,373,200,48.765834406356,6.20896750128289
"3301",2022-03-24 00:08:20,2,373,200,48.8705861858869,5.36041456163101
"3302",2022-03-24 00:08:25,2,373,200,49.1196809859858,5.60044022700161
"3303",2022-03-24 00:08:30,2,373,200,50.7502598940133,6.1505885861099
"3304",2022-03-24 00:08:35,2,373,200,49.0595684427422,5.82676098669782
"3305",2022-03-24 00:08:40,2,373,200,50.4696907847887,5.72377449627783
"3306",2022-03-24 00:08:45,2,373,200,49.5661604824904,5.38575420457266
"3307",2022-03-24 00:08:50,2,373,200,49.0637872458325,5.55720983680828
"3308",2022-03-24 00:08:55,2,373,200,50.173784363511,5.55347804845694
"3309",2022-03-24 00:09:00,2,373,200,52.1561746057757,5.79561965925837
"3310",2022-03-24 00:09:05,2,373,200,50.9132008839195,5.78747576870772
"3311",2022-03-24 00:09:10,2,373,200,46.1198891467607,5.3876796276281
"3312",2022-03-24 00:09:15,2,373,200,47.731105602496,5.84744378036289
"3313",2022-03-24 00:09:20,2,373,200,49.1686546961877,5.30549474716485
"3314",2022-03-24 00:09:25,2,373,200,47.1853598752467,5.48375920218868
"3315",2022-03-24 00:09:30,2,373,200,49.558561144318,6.08698247128812
"3316",2022-03-24 00:09:35,2,373,200,49.3965801854005,5.9098056817062
"3317",2022-03-24 00:09:40,2,373,200,49.5926212357305,5.84919887502943
"3318",2022-03-24 00:09:45,2,373,200,49.3362191429458,5.59083491443879
"3319",2022-03-24 00:09:50,2,373,200,50.1444200400214,5.29105825971225
"3320",2022-03-24 00:09:55,2,373,200,47.2963957295631,5.510505318143
"3321",2022-03-24 00:10:00,2,373,200,50.6724571080252,5.98381510220932
"3322",2022-03-24 00:10:05,2,373,200,48.5927467505141,5.65238597911129
"3323",2022-03-24 00:10:10,2,373,200,49.6025432773771,5.4177366955198
"3324",2022-03-24 00:10:15,2,373,200,49.4353014722867,5.77634737083015
"3325",2022-03-24 00:10:20,2,373,200,48.5024647501372,5.73769238805755
"3326",2022-03-24 00:10:25,2,373,200,50.7871705018004,5.47720183692705
"3327",2022-03-24 00:10:30,2,373,200,47.2897088504243,5.77018746828232
"3328",2022-03-24 00:10:35,2,373,200,50.1760913890619,5.95842981301652
"3329",2022-03-24 00:10:40,2,373,200,50.4695379243146,5.75792593284393
"3330",2022-03-24 00:10:45,2,373,200,47.1213743198622,5.6034130410043
"3331",2022-03-24 00:10:50,2,373,200,48.5773733358728,5.7882067382637
"3332",2022-03-24 00:10:55,2,373,200,48.5790087241588,5.75090732679851
"3333",2022-03-24 00:11:00,2,373,200,51.8308428935709,5.74443167230852
"3334",2022-03-24 00:11:05,2,373,200,49.432290280163,6.04994469457328
"3335",2022-03-24 00:11:10,2,373,200,49.6721466581217,5.64957450648985
"3336",2022-03-24 00:11:15,2,373,200,50.8103862341239,5.69260764743039
"3337",2022-03-24 00:11:20,2,373,200,50.815424776814,6.13765801742146
"3338",2022-03-24 00:11:25,2,373,200,47.3590704043349,5.74543245968692
"3339",2022-03-24 00:11:30,2,373,200,48.8845650938219,5.63536234380041
"3340",2022-03-24 00:11:35,2,373,200,48.2480378021393,5.50343270518365
"3341",2022-03-24 00:11:40,2,373,200,51.0715930683257,6.10048853009604
"3342",2022-03-24 00:11:45,2,373,200,48.377606312324,5.68980440460881
"3343",2022-03-24 00:11:50,2,373,200,50.7875392633353,5.69498773969356
"3344",2022-03-24 00:11:55,2,373,200,50.1995301693982,5.72829521920275
"3345",2022-03-24 00:12:00,2,373,200,49.4857514164968,5.51674902187843
"3346",2022-03-24 00:12:05,2,373,200,48.8753154660307,5.48357850912133
"3347",2022-03-24 00:12:10,2,373,200,50.0086741715151,5.52998797500796
"3348",2022-03-24 00:12:15,2,373,200,50.1601089672406,5.71484807883339
"3349",2022-03-24 00:12:20,2,373,200,48.4106209124626,5.27388276506279
"3350",2022-03-24 00:12:25,2,373,200,48.9207971224259,5.53831684261837
"3351",2022-03-24 00:12:30,2,373,200,49.5732121764661,5.94205176516279
"3352",2022-03-24 00:12:35,2,373,200,47.7966811024116,5.78701976522377
"3353",2022-03-24 00:12:40,2,373,200,48.8216481553594,5.92934804887936
"3354",2022-03-24 00:12:45,2,373,200,49.5821730766783,5.71850012075876
"3355",2022-03-24 00:12:50,2,373,200,48.3720201607499,5.62247191959547
"3356",2022-03-24 00:12:55,2,373,200,48.7455222415373,5.79104766912581
"3357",2022-03-24 00:13:00,2,373,200,46.6114500671127,5.82417960967397
"3358",2022-03-24 00:13:05,2,373,200,49.0147572469323,5.45180694550398
"3359",2022-03-24 00:13:10,2,373,200,48.2037662900698,5.9519015588683
"3360",2022-03-24 00:13:15,2,373,200,48.98040142481,5.59291431648798
"3361",2022-03-24 00:13:20,2,373,200,46.4635269167633,5.77748582048599
"3362",2022-03-24 00:13:25,2,373,200,52.0722086123598,5.78576444922484
"3363",2022-03-24 00:13:30,2,373,200,49.1122357501008,5.78389584054106
"3364",2022-03-24 00:13:35,2,373,200,46.3485064907589,5.41100165900836
"3365",2022-03-24 00:13:40,2,373,200,48.1735824315583,5.51619676035958
"3366",2022-03-24 00:13:45,2,373,200,48.5274470186174,5.68588706581466
"3367",2022-03-24 00:13:50,2,373,200,48.4561487491073,5.78601359787094
"3368",2022-03-24 00:13:55,2,373,200,49.4644440722541,5.32263005314892
"3369",2022-03-24 00:14:00,2,373,200,49.4445932360914,6.05095822225159
"3370",2022-03-24 00:14:05,2,373,200,49.4915164093448,6.06464200889269
"3371",2022-03-24 00:14:10,2,373,200,48.9709071990797,5.57731383806453
"3372",2022-03-24 00:14:15,2,373,200,49.8091521133146,5.61179000514775
"3373",2022-03-24 00:14:20,2,373,200,49.1937926577361,5.90734464725105
"3374",2022-03-24 00:14:25,2,373,200,49.5320137353589,5.90906272845809
"3375",2022-03-24 00:14:30,2,373,200,47.8199060988262,5.7834711418074
"3376",2022-03-24 00:14:35,2,373,200,50.9878249031605,5.67091143918979
"3377",2022-03-24 00:14:40,2,373,200,48.5439160815771,5.58269275376776
"3378",2022-03-24 00:14:45,2,373,200,48.6657303362246,5.34244340907182
"3379",2022-03-24 00:14:50,2,373,200,48.2334794535084,5.87153475499048
"3380",2022-03-24 00:14:55,2,373,200,51.1680487179808,5.51250644390052
"3381",2022-03-24 00:15:00,2,373,200,48.3339837105528,5.32468004291479
"3382",2022-03-24 00:15:05,2,373,200,51.4362322453564,5.70702988538813
"3383",2022-03-24 00:15:10,2,373,200,47.881052839093,5.93459655440515
"3384",2022-03-24 00:15:15,2,373,200,50.0556797783645,5.45846448342265
"3385",2022-03-24 00:15:20,2,373,200,49.5117063196636,5.43382395221101
"3386",2022-03-24 00:15:25,2,373,200,50.0730383220843,5.13271165125575
"3387",2022-03-24 00:15:30,2,373,200,49.9518920345947,5.81081229785145
"3388",2022-03-24 00:15:35,2,373,200,48.8553184314969,5.96303307661647
"3389",2022-03-24 00:15:40,2,373,200,48.3637907659362,5.7235364816279
"3390",2022-03-24 00:15:45,2,373,200,48.4990129752255,5.45875541654523
"3391",2022-03-24 00:15:50,2,373,200,49.250799825958,5.95244221460156
"3392",2022-03-24 00:15:55,2,373,200,47.9180160099587,5.77950903364148
"3393",2022-03-24 00:16:00,2,373,200,49.6056121007656,5.55799350348645
"3394",2022-03-24 00:16:05,2,373,200,47.3893210594212,5.65052769317238
"3395",2022-03-24 00:16:10,2,373,200,49.0563451046057,5.55867235872778
"3396",2022-03-24 00:16:15,2,373,200,46.6214450564608,5.64438179902699
"3397",2022-03-24 00:16:20,2,373,200,49.8492106555225,6.24537986349644
"3398",2022-03-24 00:16:25,2,373,200,49.3582024848995,5.64057885971787
"3399",2022-03-24 00:16:30,2,373,200,50.5794332862565,5.43652047609114
"3400",2022-03-24 00:16:35,2,373,200,48.2504140198157,6.06901834584624
"3401",2022-03-25 00:00:00,2,373,300,48.4825267974518,5.09150628729349
"3402",2022-03-25 00:00:05,2,373,300,47.8664222893936,4.85322521176714
"3403",2022-03-25 00:00:10,2,373,300,49.2527580255401,5.07922900207013
"3404",2022-03-25 00:00:15,2,373,300,48.0623534963534,4.82540984491837
"3405",2022-03-25 00:00:20,2,373,300,46.3902410125046,4.74120669568219
"3406",2022-03-25 00:00:25,2,373,300,47.9768098222081,5.39389259721409
"3407",2022-03-25 00:00:30,2,373,300,47.7508777968609,4.91961359117124
"3408",2022-03-25 00:00:35,2,373,300,47.9910337537313,5.14002840633227
"3409",2022-03-25 00:00:40,2,373,300,48.2673386697692,4.88954220609432
"3410",2022-03-25 00:00:45,2,373,300,47.6983529029691,5.02136495887683
"3411",2022-03-25 00:00:50,2,373,300,51.0919618047815,5.00719082410583
"3412",2022-03-25 00:00:55,2,373,300,48.1803616794518,4.99680166465407
"3413",2022-03-25 00:01:00,2,373,300,49.8916139373021,4.67239944093851
"3414",2022-03-25 00:01:05,2,373,300,47.7908733913703,4.98184106627449
"3415",2022-03-25 00:01:10,2,373,300,47.8690702773121,4.62297787081808
"3416",2022-03-25 00:01:15,2,373,300,50.4542213507727,5.25156501917582
"3417",2022-03-25 00:01:20,2,373,300,47.8113339053247,4.79667656081483
"3418",2022-03-25 00:01:25,2,373,300,47.5976667290274,4.84390524343316
"3419",2022-03-25 00:01:30,2,373,300,49.3066703738375,4.90335584852097
"3420",2022-03-25 00:01:35,2,373,300,49.3960580483134,4.88917286016335
"3421",2022-03-25 00:01:40,2,373,300,50.438186323532,4.87556769364494
"3422",2022-03-25 00:01:45,2,373,300,49.1960216532038,5.07850605838133
"3423",2022-03-25 00:01:50,2,373,300,49.716528066013,5.40993496224019
"3424",2022-03-25 00:01:55,2,373,300,49.2931278900252,5.18105240389426
"3425",2022-03-25 00:02:00,2,373,300,48.4751313299549,4.99234637240566
"3426",2022-03-25 00:02:05,2,373,300,48.847426168508,4.87722201350106
"3427",2022-03-25 00:02:10,2,373,300,47.5216271375276,5.04436681553821
"3428",2022-03-25 00:02:15,2,373,300,46.9460071642431,4.99132092673206
"3429",2022-03-25 00:02:20,2,373,300,47.8697585873909,5.2744380218156
"3430",2022-03-25 00:02:25,2,373,300,47.7254929073066,4.9987385187991
"3431",2022-03-25 00:02:30,2,373,300,47.3987003779551,5.09701355355079
"3432",2022-03-25 00:02:35,2,373,300,48.6496025045443,5.04749370124025
"3433",2022-03-25 00:02:40,2,373,300,50.2422118017537,4.96141744952788
"3434",2022-03-25 00:02:45,2,373,300,49.7999377959,4.97652411740456
"3435",2022-03-25 00:02:50,2,373,300,46.5937892178736,4.69043262417143
"3436",2022-03-25 00:02:55,2,373,300,49.2995130574099,5.06049287953124
"3437",2022-03-25 00:03:00,2,373,300,49.9897948687462,4.68546004801639
"3438",2022-03-25 00:03:05,2,373,300,48.6603833306833,5.18161244545215
"3439",2022-03-25 00:03:10,2,373,300,49.005346948327,5.59479913977354
"3440",2022-03-25 00:03:15,2,373,300,50.477480886604,5.12883465892932
"3441",2022-03-25 00:03:20,2,373,300,48.7371750511774,5.04829090667293
"3442",2022-03-25 00:03:25,2,373,300,50.9683050130816,5.17976212572411
"3443",2022-03-25 00:03:30,2,373,300,50.5508882294787,4.96845532458503
"3444",2022-03-25 00:03:35,2,373,300,49.2054811764671,4.94510616001212
"3445",2022-03-25 00:03:40,2,373,300,47.3016168820273,5.30939087581875
"3446",2022-03-25 00:03:45,2,373,300,46.269832904052,5.02591365432392
"3447",2022-03-25 00:03:50,2,373,300,48.8354857981597,5.01373538004763
"3448",2022-03-25 00:03:55,2,373,300,48.196847964409,5.22254578340454
"3449",2022-03-25 00:04:00,2,373,300,48.8608336070311,5.24211819506256
"3450",2022-03-25 00:04:05,2,373,300,51.255115848992,4.72760318197622
"3451",2022-03-25 00:04:10,2,373,300,52.2075984588656,4.70383287725246
"3452",2022-03-25 00:04:15,2,373,300,48.0458517397337,5.23988915000093
"3453",2022-03-25 00:04:20,2,373,300,50.5979229572802,5.18442589932271
"3454",2022-03-25 00:04:25,2,373,300,47.556063528439,4.75997094299854
"3455",2022-03-25 00:04:30,2,373,300,49.1711515246014,5.24010105938807
"3456",2022-03-25 00:04:35,2,373,300,47.7812982745648,5.28360774709662
"3457",2022-03-25 00:04:40,2,373,300,50.2095406845993,4.58607949603308
"3458",2022-03-25 00:04:45,2,373,300,50.028065930439,5.04826296712721
"3459",2022-03-25 00:04:50,2,373,300,46.8166237931513,4.87436819555829
"3460",2022-03-25 00:04:55,2,373,300,49.9784391173159,5.1637727295039
"3461",2022-03-25 00:05:00,2,373,300,50.241421014728,4.87179164921695
"3462",2022-03-25 00:05:05,2,373,300,47.732540673202,5.0687746194322
"3463",2022-03-25 00:05:10,2,373,300,51.938805702418,4.82311059902681
"3464",2022-03-25 00:05:15,2,373,300,49.4572479331451,5.0244483146983
"3465",2022-03-25 00:05:20,2,373,300,49.2642100108991,5.28188803804148
"3466",2022-03-25 00:05:25,2,373,300,47.3633057525364,4.85919171765995
"3467",2022-03-25 00:05:30,2,373,300,47.2519575863699,4.90310195064883
"3468",2022-03-25 00:05:35,2,373,300,48.6769762806233,5.47180791413815
"3469",2022-03-25 00:05:40,2,373,300,49.7666888374421,5.12510970729465
"3470",2022-03-25 00:05:45,2,373,300,49.3622985470017,5.10699375321199
"3471",2022-03-25 00:05:50,2,373,300,48.0757196836662,5.06566870072868
"3472",2022-03-25 00:05:55,2,373,300,49.637060169373,5.01171383375257
"3473",2022-03-25 00:06:00,2,373,300,48.2347270840525,5.1742542639977
"3474",2022-03-25 00:06:05,2,373,300,50.3593871629102,4.81065962993629
"3475",2022-03-25 00:06:10,2,373,300,48.8424207170559,5.05267144434657
"3476",2022-03-25 00:06:15,2,373,300,49.1085036657188,4.93562836910396
"3477",2022-03-25 00:06:20,2,373,300,48.8859388832647,5.30746294541392
"3478",2022-03-25 00:06:25,2,373,300,49.1706624198486,5.36799838446889
"3479",2022-03-25 00:06:30,2,373,300,50.5892369661266,4.77093025834507
"3480",2022-03-25 00:06:35,2,373,300,47.5945666672113,5.02899090950332
"3481",2022-03-25 00:06:40,2,373,300,48.4701630010223,4.61595244438619
"3482",2022-03-25 00:06:45,2,373,300,47.8033130581198,5.00054773445951
"3483",2022-03-25 00:06:50,2,373,300,48.5440762498881,4.79057231161746
"3484",2022-03-25 00:06:55,2,373,300,48.5736256855913,4.83453062816036
"3485",2022-03-25 00:07:00,2,373,300,47.4676482867938,5.19455421476631
"3486",2022-03-25 00:07:05,2,373,300,50.3028582426815,5.13347823641571
"3487",2022-03-25 00:07:10,2,373,300,47.6614709059182,5.14323526359176
"3488",2022-03-25 00:07:15,2,373,300,49.5051577796928,4.7265090975391
"3489",2022-03-25 00:07:20,2,373,300,49.0467391835867,4.75282327925153
"3490",2022-03-25 00:07:25,2,373,300,46.7092692552948,5.21137883684122
"3491",2022-03-25 00:07:30,2,373,300,48.3802788631807,4.85546864474838
"3492",2022-03-25 00:07:35,2,373,300,49.1459705839369,5.05872989511594
"3493",2022-03-25 00:07:40,2,373,300,48.9515752689796,5.16085366557095
"3494",2022-03-25 00:07:45,2,373,300,51.0595084485533,5.15471498817918
"3495",2022-03-25 00:07:50,2,373,300,50.0645242657381,5.11116009328271
"3496",2022-03-25 00:07:55,2,373,300,48.9213150665518,5.34491463984323
"3497",2022-03-25 00:08:00,2,373,300,47.278130084752,5.26349310468251
"3498",2022-03-25 00:08:05,2,373,300,49.2050014478078,5.13376470597729
"3499",2022-03-25 00:08:10,2,373,300,49.1220252539732,4.84615377866979
"3500",2022-03-25 00:08:15,2,373,300,48.3888532202231,5.39203801630423
"3501",2022-03-25 00:08:20,2,373,300,48.7943812276612,5.18721415686998
"3502",2022-03-25 00:08:25,2,373,300,47.1009711485312,4.89674435205417
"3503",2022-03-25 00:08:30,2,373,300,48.3765245494444,5.05667871925579
"3504",2022-03-25 00:08:35,2,373,300,49.9871906861819,5.091833263746
"3505",2022-03-25 00:08:40,2,373,300,48.190532867262,5.18462236202541
"3506",2022-03-25 00:08:45,2,373,300,48.9982769355473,4.76038001759151
"3507",2022-03-25 00:08:50,2,373,300,47.1809725675636,5.05768381618951
"3508",2022-03-25 00:08:55,2,373,300,47.9399193027167,4.78897210423953
"3509",2022-03-25 00:09:00,2,373,300,47.3752002626424,5.39554087961502
"3510",2022-03-25 00:09:05,2,373,300,48.9256341425045,4.84771367686329
"3511",2022-03-25 00:09:10,2,373,300,50.9423754941853,4.82540197662238
"3512",2022-03-25 00:09:15,2,373,300,48.0720696647173,5.15704123539778
"3513",2022-03-25 00:09:20,2,373,300,47.7220291891233,5.14613012922398
"3514",2022-03-25 00:09:25,2,373,300,49.8787686011286,5.11208190614599
"3515",2022-03-25 00:09:30,2,373,300,49.3761594832597,5.52139850980334
"3516",2022-03-25 00:09:35,2,373,300,49.7468730388546,5.12396024353985
"3517",2022-03-25 00:09:40,2,373,300,49.0496878538086,5.02342296560437
"3518",2022-03-25 00:09:45,2,373,300,49.0234549227666,4.93832088294149
"3519",2022-03-25 00:09:50,2,373,300,50.717135917609,5.12978919557347
"3520",2022-03-25 00:09:55,2,373,300,46.8818255776339,4.63929556727707
"3521",2022-03-25 00:10:00,2,373,300,49.9897455609791,4.74941642060392
"3522",2022-03-25 00:10:05,2,373,300,47.5205908243136,5.36203993172294
"3523",2022-03-25 00:10:10,2,373,300,48.7746301203268,4.72323907333733
"3524",2022-03-25 00:10:15,2,373,300,50.242127132459,5.16081890282891
"3525",2022-03-25 00:10:20,2,373,300,48.3148509061757,5.15992183943255
"3526",2022-03-25 00:10:25,2,373,300,48.3057851867799,4.62055289008943
"3527",2022-03-25 00:10:30,2,373,300,49.5433826367415,4.49059657367499
"3528",2022-03-25 00:10:35,2,373,300,49.8193860815268,4.84213610509958
"3529",2022-03-25 00:10:40,2,373,300,47.865546750233,4.95861743886674
"3530",2022-03-25 00:10:45,2,373,300,49.3462794379999,4.8185939281466
"3531",2022-03-25 00:10:50,2,373,300,49.3812267607055,4.94095387197154
"3532",2022-03-25 00:10:55,2,373,300,49.9779891702063,4.8255204782094
"3533",2022-03-25 00:11:00,2,373,300,48.0108775333266,5.02207968099827
"3534",2022-03-25 00:11:05,2,373,300,49.6861535061387,5.12073169027702
"3535",2022-03-25 00:11:10,2,373,300,49.2870624205751,4.88775982123971
"3536",2022-03-25 00:11:15,2,373,300,49.8402167060295,5.34023457164035
"3537",2022-03-25 00:11:20,2,373,300,49.1381911552017,4.40630740742792
"3538",2022-03-25 00:11:25,2,373,300,47.8106000714456,4.73738245185801
"3539",2022-03-25 00:11:30,2,373,300,48.7897797186833,4.75658562506417
"3540",2022-03-25 00:11:35,2,373,300,50.3463448332041,4.98069509423232
"3541",2022-03-25 00:11:40,2,373,300,46.2049816794816,5.34480842967518
"3542",2022-03-25 00:11:45,2,373,300,47.5666347063207,5.07053851062377
"3543",2022-03-25 00:11:50,2,373,300,49.8762270438323,5.0044953794068
"3544",2022-03-25 00:11:55,2,373,300,48.2017740030069,4.78066760170936
"3545",2022-03-25 00:12:00,2,373,300,48.8676263477611,5.03705966804256
"3546",2022-03-25 00:12:05,2,373,300,49.3941106516105,5.42866260314423
"3547",2022-03-25 00:12:10,2,373,300,49.4553926895236,5.21440625181165
"3548",2022-03-25 00:12:15,2,373,300,49.9728121034836,5.02802344782171
"3549",2022-03-25 00:12:20,2,373,300,48.7777065595294,4.88914883854357
"3550",2022-03-25 00:12:25,2,373,300,49.1250848269441,4.922003330701
"3551",2022-03-25 00:12:30,2,373,300,49.5052571168742,5.08815035718151
"3552",2022-03-25 00:12:35,2,373,300,46.8868282182247,4.91657849515805
"3553",2022-03-25 00:12:40,2,373,300,50.7706076023458,5.2305906135437
"3554",2022-03-25 00:12:45,2,373,300,51.8114722032957,4.92229882871582
"3555",2022-03-25 00:12:50,2,373,300,49.2141038175527,5.0086818573888
"3556",2022-03-25 00:12:55,2,373,300,49.7197077227723,5.17016314245111
"3557",2022-03-25 00:13:00,2,373,300,48.4139237723623,4.76967474806721
"3558",2022-03-25 00:13:05,2,373,300,50.7235399582217,4.85253650525572
"3559",2022-03-25 00:13:10,2,373,300,49.9760279649325,5.04559734016004
"3560",2022-03-25 00:13:15,2,373,300,49.4068145123978,4.96239634745286
"3561",2022-03-25 00:13:20,2,373,300,48.3347799075989,4.5898961273051
"3562",2022-03-25 00:13:25,2,373,300,45.3790267065389,5.22587419064693
"3563",2022-03-25 00:13:30,2,373,300,50.9225194180135,5.22054703798047
"3564",2022-03-25 00:13:35,2,373,300,47.8575411855976,4.85715666323201
"3565",2022-03-25 00:13:40,2,373,300,50.9058776298761,4.95891724485271
"3566",2022-03-25 00:13:45,2,373,300,47.8591595507359,4.73654837781334
"3567",2022-03-25 00:13:50,2,373,300,49.1768427926651,5.04353728721644
"3568",2022-03-25 00:13:55,2,373,300,50.5568956770649,4.98341833180881
"3569",2022-03-25 00:14:00,2,373,300,46.9971422217129,5.12374534273513
"3570",2022-03-25 00:14:05,2,373,300,47.3923473232835,5.32275948420316
"3571",2022-03-25 00:14:10,2,373,300,51.4933577844741,5.21173599391647
"3572",2022-03-25 00:14:15,2,373,300,47.87769378462,4.94613843316629
"3573",2022-03-25 00:14:20,2,373,300,48.1765207154175,4.87863771047313
"3574",2022-03-25 00:14:25,2,373,300,51.2958887374452,5.5153370359762
"3575",2022-03-25 00:14:30,2,373,300,49.6171191497593,5.06920260087734
"3576",2022-03-25 00:14:35,2,373,300,51.0224241025241,4.97268393523169
"3577",2022-03-25 00:14:40,2,373,300,48.2721510862781,4.98739251779675
"3578",2022-03-25 00:14:45,2,373,300,49.5400191192795,4.86249527492355
"3579",2022-03-25 00:14:50,2,373,300,49.8564826057312,4.95405533970502
"3580",2022-03-25 00:14:55,2,373,300,50.0183543681956,5.226942687088
"3581",2022-03-25 00:15:00,2,373,300,49.0742282002844,5.03101301957099
"3582",2022-03-25 00:15:05,2,373,300,47.6256493992294,5.17402642180173
"3583",2022-03-25 00:15:10,2,373,300,50.5248429929643,5.20117639308998
"3584",2022-03-25 00:15:15,2,373,300,49.2190739040131,5.06126390074227
"3585",2022-03-25 00:15:20,2,373,300,47.6123262188153,4.93839414622744
"3586",2022-03-25 00:15:25,2,373,300,47.7074727231816,4.91051807906404
"3587",2022-03-25 00:15:30,2,373,300,47.5800707247682,5.21541447809292
"3588",2022-03-25 00:15:35,2,373,300,48.1678991425678,5.06286042746516
"3589",2022-03-25 00:15:40,2,373,300,49.9238194928719,5.1808419793907
"3590",2022-03-25 00:15:45,2,373,300,49.0624850245375,5.0632769945314
"3591",2022-03-25 00:15:50,2,373,300,48.463519394131,5.13974112064329
"3592",2022-03-25 00:15:55,2,373,300,51.6754520667474,5.39507903286131
"3593",2022-03-25 00:16:00,2,373,300,48.4153159351864,4.73346596025134
"3594",2022-03-25 00:16:05,2,373,300,48.4607635301178,5.36206252583732
"3595",2022-03-25 00:16:10,2,373,300,48.4626651873932,4.81650777251615
"3596",2022-03-25 00:16:15,2,373,300,50.7735846773042,4.73039446422276
"3597",2022-03-25 00:16:20,2,373,300,49.2299438054804,4.96567521760935
"3598",2022-03-25 00:16:25,2,373,300,48.4903800981642,5.21393127749205
"3599",2022-03-25 00:16:30,2,373,300,48.5412749502542,4.95607977115841
"3600",2022-03-25 00:16:35,2,373,300,48.705909796565,4.61017831414586
"3601",2022-03-26 00:00:00,3,303,100,48.6734152277295,5.83729577228864
"3602",2022-03-26 00:00:05,3,303,100,48.2036422334167,6.25905727478776
"3603",2022-03-26 00:00:10,3,303,100,49.0836987722319,6.535431874093
"3604",2022-03-26 00:00:15,3,303,100,48.2613021020457,6.11520329550994
"3605",2022-03-26 00:00:20,3,303,100,46.7179230182419,6.18345068283812
"3606",2022-03-26 00:00:25,3,303,100,49.3683631039094,6.51216236180687
"3607",2022-03-26 00:00:30,3,303,100,48.6572697576951,5.92670419651946
"3608",2022-03-26 00:00:35,3,303,100,49.4015413981118,6.17359112528799
"3609",2022-03-26 00:00:40,3,303,100,49.981927892261,6.02665258649388
"3610",2022-03-26 00:00:45,3,303,100,48.9136565437184,6.3402820208987
"3611",2022-03-26 00:00:50,3,303,100,48.9042454489659,5.86543776942331
"3612",2022-03-26 00:00:55,3,303,100,47.4360651381724,5.61845860689452
"3613",2022-03-26 00:01:00,3,303,100,48.3012420209521,6.21357571234815
"3614",2022-03-26 00:01:05,3,303,100,48.8295357378496,6.34550268357464
"3615",2022-03-26 00:01:10,3,303,100,49.1819517972846,6.05344128154031
"3616",2022-03-26 00:01:15,3,303,100,49.0435141203565,6.00014488748457
"3617",2022-03-26 00:01:20,3,303,100,47.8757657779167,5.67684114071726
"3618",2022-03-26 00:01:25,3,303,100,48.8892647126362,6.00016944979785
"3619",2022-03-26 00:01:30,3,303,100,47.3215803674844,6.14093387885594
"3620",2022-03-26 00:01:35,3,303,100,47.0481158049337,6.31525640168088
"3621",2022-03-26 00:01:40,3,303,100,49.1847307205618,6.2669302825374
"3622",2022-03-26 00:01:45,3,303,100,48.5181650458087,6.09397470621931
"3623",2022-03-26 00:01:50,3,303,100,48.5269789331902,6.56695559667405
"3624",2022-03-26 00:01:55,3,303,100,48.9510841631985,5.9594666744875
"3625",2022-03-26 00:02:00,3,303,100,49.006546464067,6.45359121958442
"3626",2022-03-26 00:02:05,3,303,100,49.1333250220346,6.3128547251218
"3627",2022-03-26 00:02:10,3,303,100,48.2972760026466,6.28038588025982
"3628",2022-03-26 00:02:15,3,303,100,48.0941504084325,5.99171700744328
"3629",2022-03-26 00:02:20,3,303,100,48.2010526239861,6.0820773208927
"3630",2022-03-26 00:02:25,3,303,100,49.1080113329455,6.12972319734097
"3631",2022-03-26 00:02:30,3,303,100,47.967377206685,5.88483197481877
"3632",2022-03-26 00:02:35,3,303,100,49.1365118381033,6.32673136356726
"3633",2022-03-26 00:02:40,3,303,100,47.7796954365124,5.93210687489234
"3634",2022-03-26 00:02:45,3,303,100,48.6164464106331,6.33572437934789
"3635",2022-03-26 00:02:50,3,303,100,47.8258294476458,5.63709730311442
"3636",2022-03-26 00:02:55,3,303,100,48.0478764699998,6.21892995533659
"3637",2022-03-26 00:03:00,3,303,100,48.6490287082456,6.07868834003485
"3638",2022-03-26 00:03:05,3,303,100,48.3090506422334,6.50454418846385
"3639",2022-03-26 00:03:10,3,303,100,48.4598013355163,6.52304113432802
"3640",2022-03-26 00:03:15,3,303,100,48.1463286877691,6.10008060667217
"3641",2022-03-26 00:03:20,3,303,100,48.9499172411777,6.3167887757913
"3642",2022-03-26 00:03:25,3,303,100,48.6605281084707,5.96405764950172
"3643",2022-03-26 00:03:30,3,303,100,48.7670047832025,5.9830507995753
"3644",2022-03-26 00:03:35,3,303,100,50.3914192808244,6.37966184762463
"3645",2022-03-26 00:03:40,3,303,100,48.9603847377309,6.27192742651832
"3646",2022-03-26 00:03:45,3,303,100,48.1846521577149,5.58692946184392
"3647",2022-03-26 00:03:50,3,303,100,49.9680159040223,6.45505344999192
"3648",2022-03-26 00:03:55,3,303,100,48.4473325117208,5.78580517904165
"3649",2022-03-26 00:04:00,3,303,100,48.4978179645834,6.23970506483353
"3650",2022-03-26 00:04:05,3,303,100,48.1804701541335,6.15159353489152
"3651",2022-03-26 00:04:10,3,303,100,48.3412905486198,6.08479128232069
"3652",2022-03-26 00:04:15,3,303,100,48.4735424421385,6.47261038683213
"3653",2022-03-26 00:04:20,3,303,100,48.5633590706777,6.00282467609115
"3654",2022-03-26 00:04:25,3,303,100,48.8995557688919,6.32562986720166
"3655",2022-03-26 00:04:30,3,303,100,48.3614796275588,6.56406256007322
"3656",2022-03-26 00:04:35,3,303,100,48.1333851689104,6.48417771114897
"3657",2022-03-26 00:04:40,3,303,100,49.7610059725716,6.16501543034102
"3658",2022-03-26 00:04:45,3,303,100,48.9453338892538,5.67037998470695
"3659",2022-03-26 00:04:50,3,303,100,48.5817925456468,5.82505670966588
"3660",2022-03-26 00:04:55,3,303,100,48.7413889226352,6.42503486056951
"3661",2022-03-26 00:05:00,3,303,100,50.1947116525219,5.91905550007583
"3662",2022-03-26 00:05:05,3,303,100,49.0350054636015,6.46447412776868
"3663",2022-03-26 00:05:10,3,303,100,50.2984325319357,5.81703024798435
"3664",2022-03-26 00:05:15,3,303,100,47.8300976364118,6.01558261998949
"3665",2022-03-26 00:05:20,3,303,100,48.9883974669708,5.90808561901596
"3666",2022-03-26 00:05:25,3,303,100,49.2760522038889,6.16385086427872
"3667",2022-03-26 00:05:30,3,303,100,48.2862124756319,6.35910971644041
"3668",2022-03-26 00:05:35,3,303,100,49.207079093526,6.53465793028087
"3669",2022-03-26 00:05:40,3,303,100,49.7324443635466,5.98909670719026
"3670",2022-03-26 00:05:45,3,303,100,49.1506865820622,6.21678574165227
"3671",2022-03-26 00:05:50,3,303,100,49.0340276720492,6.18315481241311
"3672",2022-03-26 00:05:55,3,303,100,47.5427131822344,5.95950542436553
"3673",2022-03-26 00:06:00,3,303,100,49.1316160029015,6.20377560639874
"3674",2022-03-26 00:06:05,3,303,100,48.9207828114187,5.95010220341463
"3675",2022-03-26 00:06:10,3,303,100,49.0829128768548,6.08038169922885
"3676",2022-03-26 00:06:15,3,303,100,49.2110265620473,6.26378258176375
"3677",2022-03-26 00:06:20,3,303,100,49.1739892210851,6.18566843996329
"3678",2022-03-26 00:06:25,3,303,100,50.3242739021316,6.56996982856509
"3679",2022-03-26 00:06:30,3,303,100,48.9424614759812,6.27658713309092
"3680",2022-03-26 00:06:35,3,303,100,48.4768309944525,6.82287968179248
"3681",2022-03-26 00:06:40,3,303,100,49.416875251416,5.90728542701419
"3682",2022-03-26 00:06:45,3,303,100,48.4366126012487,6.37280811398004
"3683",2022-03-26 00:06:50,3,303,100,48.6722536157979,6.13215609717553
"3684",2022-03-26 00:06:55,3,303,100,48.2000665525654,6.07229724493522
"3685",2022-03-26 00:07:00,3,303,100,47.8646860646309,5.94858448696435
"3686",2022-03-26 00:07:05,3,303,100,48.5256957456921,6.20284723185383
"3687",2022-03-26 00:07:10,3,303,100,49.4336864755957,6.03158836119847
"3688",2022-03-26 00:07:15,3,303,100,48.2610418828795,6.63678417000057
"3689",2022-03-26 00:07:20,3,303,100,47.1996118779882,6.14047528144357
"3690",2022-03-26 00:07:25,3,303,100,48.9919254248972,6.10055238957826
"3691",2022-03-26 00:07:30,3,303,100,49.1113270076847,6.42834959397396
"3692",2022-03-26 00:07:35,3,303,100,48.2360558493709,5.92705987453789
"3693",2022-03-26 00:07:40,3,303,100,49.1241989373365,5.86805798359507
"3694",2022-03-26 00:07:45,3,303,100,48.4904099528929,5.9141652983388
"3695",2022-03-26 00:07:50,3,303,100,48.6289037010842,5.83228300603901
"3696",2022-03-26 00:07:55,3,303,100,48.3773280236901,6.02294008229644
"3697",2022-03-26 00:08:00,3,303,100,48.0451656920614,6.30380269980989
"3698",2022-03-26 00:08:05,3,303,100,49.1553072356271,6.20410095568624
"3699",2022-03-26 00:08:10,3,303,100,48.577126556817,5.87249527151207
"3700",2022-03-26 00:08:15,3,303,100,49.0618541908624,5.95713670674577
"3701",2022-03-26 00:08:20,3,303,100,48.8671909912164,6.18195242649183
"3702",2022-03-26 00:08:25,3,303,100,48.1831869387971,6.01333182867364
"3703",2022-03-26 00:08:30,3,303,100,49.2331199749721,5.9681393098182
"3704",2022-03-26 00:08:35,3,303,100,47.8294930939162,6.42403520631192
"3705",2022-03-26 00:08:40,3,303,100,47.8264634945297,6.00503530478753
"3706",2022-03-26 00:08:45,3,303,100,48.6844860991053,6.42725765040712
"3707",2022-03-26 00:08:50,3,303,100,49.0938148982237,6.4059213494728
"3708",2022-03-26 00:08:55,3,303,100,48.3597727050087,5.96234557885836
"3709",2022-03-26 00:09:00,3,303,100,48.4369133844431,6.23737312633546
"3710",2022-03-26 00:09:05,3,303,100,49.0169549550773,6.11537811547225
"3711",2022-03-26 00:09:10,3,303,100,48.1410592456235,6.05097793881632
"3712",2022-03-26 00:09:15,3,303,100,48.7353943127433,5.92295235306
"3713",2022-03-26 00:09:20,3,303,100,48.0550928093568,6.03328187997077
"3714",2022-03-26 00:09:25,3,303,100,48.7398242822489,6.33728217832904
"3715",2022-03-26 00:09:30,3,303,100,48.1114582579154,6.63227538597473
"3716",2022-03-26 00:09:35,3,303,100,48.5687810094686,6.36461666056475
"3717",2022-03-26 00:09:40,3,303,100,48.1678206072918,6.2732362354532
"3718",2022-03-26 00:09:45,3,303,100,48.3600854800421,6.31582338913462
"3719",2022-03-26 00:09:50,3,303,100,48.363805025453,6.50007855868355
"3720",2022-03-26 00:09:55,3,303,100,48.9481025697452,6.14857428521429
"3721",2022-03-26 00:10:00,3,303,100,48.0229033991515,6.05242003104753
"3722",2022-03-26 00:10:05,3,303,100,48.7008303408493,5.88822630815328
"3723",2022-03-26 00:10:10,3,303,100,47.1866449915011,6.19420497574138
"3724",2022-03-26 00:10:15,3,303,100,47.9967116686512,6.49056850320669
"3725",2022-03-26 00:10:20,3,303,100,50.5830198624667,6.14512554001767
"3726",2022-03-26 00:10:25,3,303,100,47.8576783927373,6.0575669801962
"3727",2022-03-26 00:10:30,3,303,100,48.8815426507921,5.94823424430353
"3728",2022-03-26 00:10:35,3,303,100,48.55987836949,6.56980721410739
"3729",2022-03-26 00:10:40,3,303,100,47.307083018523,6.02164340667804
"3730",2022-03-26 00:10:45,3,303,100,49.0457640354206,6.25833791620988
"3731",2022-03-26 00:10:50,3,303,100,48.1287518397056,5.93423449405884
"3732",2022-03-26 00:10:55,3,303,100,50.5961315586414,5.87708391160818
"3733",2022-03-26 00:11:00,3,303,100,48.4051058969591,6.03233122968585
"3734",2022-03-26 00:11:05,3,303,100,49.5881383635246,6.0990697963024
"3735",2022-03-26 00:11:10,3,303,100,48.4372646030595,5.88038696160358
"3736",2022-03-26 00:11:15,3,303,100,49.8914278454261,5.91134318666169
"3737",2022-03-26 00:11:20,3,303,100,47.7162310428469,5.89051171838441
"3738",2022-03-26 00:11:25,3,303,100,48.0404444359485,6.20423301685931
"3739",2022-03-26 00:11:30,3,303,100,49.7593583223448,6.32878567736502
"3740",2022-03-26 00:11:35,3,303,100,48.944875441466,6.54906448892323
"3741",2022-03-26 00:11:40,3,303,100,49.2063483806499,5.65497893796372
"3742",2022-03-26 00:11:45,3,303,100,48.3734291452989,5.8971770457319
"3743",2022-03-26 00:11:50,3,303,100,48.5581264013427,6.41501210122704
"3744",2022-03-26 00:11:55,3,303,100,48.7865073840096,6.30682844581008
"3745",2022-03-26 00:12:00,3,303,100,47.7048836873272,6.57617205995697
"3746",2022-03-26 00:12:05,3,303,100,47.9010237580664,6.66784967817219
"3747",2022-03-26 00:12:10,3,303,100,48.0807708693407,6.42385314954523
"3748",2022-03-26 00:12:15,3,303,100,48.9283792602482,5.89799269234376
"3749",2022-03-26 00:12:20,3,303,100,47.8313605915997,6.08750353407263
"3750",2022-03-26 00:12:25,3,303,100,49.9910334725117,6.1736085443953
"3751",2022-03-26 00:12:30,3,303,100,47.6531338242811,6.43743489169939
"3752",2022-03-26 00:12:35,3,303,100,48.8241940574584,6.15288141304674
"3753",2022-03-26 00:12:40,3,303,100,49.0968710977235,6.25768961401123
"3754",2022-03-26 00:12:45,3,303,100,49.4151332349759,6.12971545989354
"3755",2022-03-26 00:12:50,3,303,100,48.844333484717,5.99787402947231
"3756",2022-03-26 00:12:55,3,303,100,48.8751447368733,6.11128642086715
"3757",2022-03-26 00:13:00,3,303,100,48.2770547603643,6.03797165046879
"3758",2022-03-26 00:13:05,3,303,100,48.8922427844834,5.88978764687836
"3759",2022-03-26 00:13:10,3,303,100,48.5165920918062,6.42296973795425
"3760",2022-03-26 00:13:15,3,303,100,49.1838867721086,5.94085981499674
"3761",2022-03-26 00:13:20,3,303,100,48.6102935157977,6.08790807790345
"3762",2022-03-26 00:13:25,3,303,100,48.9311445732985,6.03823761361385
"3763",2022-03-26 00:13:30,3,303,100,49.8742898515428,6.28001977369832
"3764",2022-03-26 00:13:35,3,303,100,48.6244963697392,6.20203910664803
"3765",2022-03-26 00:13:40,3,303,100,48.2112985574799,6.07554507702349
"3766",2022-03-26 00:13:45,3,303,100,47.8712054386818,6.63513540680413
"3767",2022-03-26 00:13:50,3,303,100,47.4633562482469,6.00507062535504
"3768",2022-03-26 00:13:55,3,303,100,49.742140863392,6.2444841711801
"3769",2022-03-26 00:14:00,3,303,100,48.855012448905,6.11334616832445
"3770",2022-03-26 00:14:05,3,303,100,49.7573274368729,6.20875174579254
"3771",2022-03-26 00:14:10,3,303,100,48.6790682350004,6.31477584537497
"3772",2022-03-26 00:14:15,3,303,100,47.7874412651081,6.22522523843553
"3773",2022-03-26 00:14:20,3,303,100,48.4791489094136,6.19460528236439
"3774",2022-03-26 00:14:25,3,303,100,48.417817999622,6.36569774547926
"3775",2022-03-26 00:14:30,3,303,100,49.4658756220039,5.89105764018011
"3776",2022-03-26 00:14:35,3,303,100,47.6585628446315,6.22599525118209
"3777",2022-03-26 00:14:40,3,303,100,48.354721250548,5.93825891412655
"3778",2022-03-26 00:14:45,3,303,100,49.094254520309,6.31803630997337
"3779",2022-03-26 00:14:50,3,303,100,48.1635882787703,5.84224836111498
"3780",2022-03-26 00:14:55,3,303,100,48.2925020588568,6.33961012489155
"3781",2022-03-26 00:15:00,3,303,100,49.3181676012551,6.09245797017947
"3782",2022-03-26 00:15:05,3,303,100,48.7591860281546,6.25681211399714
"3783",2022-03-26 00:15:10,3,303,100,48.9784320250047,6.00173382939033
"3784",2022-03-26 00:15:15,3,303,100,48.8196283945731,6.1496991914377
"3785",2022-03-26 00:15:20,3,303,100,49.3223097070899,6.27853196187364
"3786",2022-03-26 00:15:25,3,303,100,47.4387762376031,6.37630229249676
"3787",2022-03-26 00:15:30,3,303,100,48.4536681792018,6.29818095329536
"3788",2022-03-26 00:15:35,3,303,100,49.0839232109058,5.89987646545105
"3789",2022-03-26 00:15:40,3,303,100,48.8876159575029,6.05729945539233
"3790",2022-03-26 00:15:45,3,303,100,47.2494611568924,5.97689308892334
"3791",2022-03-26 00:15:50,3,303,100,48.5354950686414,6.10284836639174
"3792",2022-03-26 00:15:55,3,303,100,48.3557471523208,6.15247858504769
"3793",2022-03-26 00:16:00,3,303,100,49.0822016975739,6.4625978694813
"3794",2022-03-26 00:16:05,3,303,100,48.7061380375356,6.11593406160516
"3795",2022-03-26 00:16:10,3,303,100,49.1086428629483,6.00598716619871
"3796",2022-03-26 00:16:15,3,303,100,48.0399308955767,5.97410651398096
"3797",2022-03-26 00:16:20,3,303,100,48.7285147654646,5.74329005832828
"3798",2022-03-26 00:16:25,3,303,100,48.3329040649444,6.48467470118068
"3799",2022-03-26 00:16:30,3,303,100,47.8495224388483,6.09609408636331
"3800",2022-03-26 00:16:35,3,303,100,48.4010184729047,5.92156323622162
"3801",2022-03-27 00:00:00,3,303,200,49.1965497251452,5.93844661527219
"3802",2022-03-27 00:00:05,3,303,200,48.9552132612134,5.64624224975869
"3803",2022-03-27 00:00:10,3,303,200,47.4197758759306,5.48511179620534
"3804",2022-03-27 00:00:15,3,303,200,49.6604764865323,5.18282429403889
"3805",2022-03-27 00:00:20,3,303,200,48.0994875346413,5.72874707182904
"3806",2022-03-27 00:00:25,3,303,200,49.4327895100792,5.08515331306097
"3807",2022-03-27 00:00:30,3,303,200,50.1520339198667,5.47747517105983
"3808",2022-03-27 00:00:35,3,303,200,48.5472397205853,5.45557424797318
"3809",2022-03-27 00:00:40,3,303,200,48.1226001445991,5.52045693827802
"3810",2022-03-27 00:00:45,3,303,200,49.8636025451778,5.68895735526944
"3811",2022-03-27 00:00:50,3,303,200,49.6947888645272,5.40391816935068
"3812",2022-03-27 00:00:55,3,303,200,49.0617404425679,5.42182315441587
"3813",2022-03-27 00:01:00,3,303,200,48.0862544168001,4.95427223301406
"3814",2022-03-27 00:01:05,3,303,200,48.7150822030439,5.30181115091206
"3815",2022-03-27 00:01:10,3,303,200,49.1976455343263,5.52066987184145
"3816",2022-03-27 00:01:15,3,303,200,48.0478822793177,5.91237118305863
"3817",2022-03-27 00:01:20,3,303,200,48.1165201176222,5.18059566891306
"3818",2022-03-27 00:01:25,3,303,200,49.4990175964789,6.09800832168599
"3819",2022-03-27 00:01:30,3,303,200,48.8079751590693,5.18471259736694
"3820",2022-03-27 00:01:35,3,303,200,49.049268010191,5.25816213967601
"3821",2022-03-27 00:01:40,3,303,200,47.5224628742766,5.72494860808572
"3822",2022-03-27 00:01:45,3,303,200,48.5450593067909,5.67489077818977
"3823",2022-03-27 00:01:50,3,303,200,48.5760449909926,5.80725807690597
"3824",2022-03-27 00:01:55,3,303,200,47.0283424148713,5.26803666648172
"3825",2022-03-27 00:02:00,3,303,200,48.4505069788433,5.54919303863716
"3826",2022-03-27 00:02:05,3,303,200,48.3692284066664,5.4296102790709
"3827",2022-03-27 00:02:10,3,303,200,49.5065449487329,5.55192037178122
"3828",2022-03-27 00:02:15,3,303,200,48.6337926547535,5.81997200878454
"3829",2022-03-27 00:02:20,3,303,200,48.6383864337816,5.63251237906393
"3830",2022-03-27 00:02:25,3,303,200,49.7021281480627,5.50374853899493
"3831",2022-03-27 00:02:30,3,303,200,48.6151300790221,5.66935674594387
"3832",2022-03-27 00:02:35,3,303,200,48.3033195675787,5.94328736264029
"3833",2022-03-27 00:02:40,3,303,200,48.8625172856563,5.62051105496235
"3834",2022-03-27 00:02:45,3,303,200,49.4056906200516,5.64914688138666
"3835",2022-03-27 00:02:50,3,303,200,48.4464897050997,5.33046170593657
"3836",2022-03-27 00:02:55,3,303,200,48.7005393838321,5.22935267569612
"3837",2022-03-27 00:03:00,3,303,200,49.0427554116351,5.05015555032879
"3838",2022-03-27 00:03:05,3,303,200,47.8312355474027,5.44545666032204
"3839",2022-03-27 00:03:10,3,303,200,48.9174353256863,5.30336946403863
"3840",2022-03-27 00:03:15,3,303,200,47.7273438236824,5.17832497583217
"3841",2022-03-27 00:03:20,3,303,200,49.5851334213426,6.14723393385922
"3842",2022-03-27 00:03:25,3,303,200,47.9473819265547,5.73814294646787
"3843",2022-03-27 00:03:30,3,303,200,47.4748732098953,5.776504814011
"3844",2022-03-27 00:03:35,3,303,200,48.716201001902,5.08516272987337
"3845",2022-03-27 00:03:40,3,303,200,48.2782604796582,5.57895042698529
"3846",2022-03-27 00:03:45,3,303,200,49.128945896349,5.38184049074152
"3847",2022-03-27 00:03:50,3,303,200,49.0539215302646,5.95369644329161
"3848",2022-03-27 00:03:55,3,303,200,47.9953476406928,5.54719993969354
"3849",2022-03-27 00:04:00,3,303,200,47.6992049501052,5.94853150008958
"3850",2022-03-27 00:04:05,3,303,200,50.135640009989,5.00341573128063
"3851",2022-03-27 00:04:10,3,303,200,47.6984504689846,5.88897015649338
"3852",2022-03-27 00:04:15,3,303,200,48.37270626485,5.39413482787409
"3853",2022-03-27 00:04:20,3,303,200,49.2532327014314,5.85686015601934
"3854",2022-03-27 00:04:25,3,303,200,47.9541093154451,4.7891145276689
"3855",2022-03-27 00:04:30,3,303,200,48.9091752700089,5.85999200564666
"3856",2022-03-27 00:04:35,3,303,200,47.5678737544937,5.67344080494848
"3857",2022-03-27 00:04:40,3,303,200,48.9239459032469,5.33898937519778
"3858",2022-03-27 00:04:45,3,303,200,48.4214272438875,5.00110123888965
"3859",2022-03-27 00:04:50,3,303,200,49.1639084214498,5.41410176199285
"3860",2022-03-27 00:04:55,3,303,200,47.3403841475599,5.9251601571826
"3861",2022-03-27 00:05:00,3,303,200,46.7525409867821,5.55220341179363
"3862",2022-03-27 00:05:05,3,303,200,49.1496427070694,5.36710726745816
"3863",2022-03-27 00:05:10,3,303,200,48.5071042520022,5.73834657550259
"3864",2022-03-27 00:05:15,3,303,200,50.0494574970121,5.35823966425683
"3865",2022-03-27 00:05:20,3,303,200,48.9515460669318,5.67612480255121
"3866",2022-03-27 00:05:25,3,303,200,47.098918295645,5.3995826024226
"3867",2022-03-27 00:05:30,3,303,200,47.6701458110465,5.55862218457226
"3868",2022-03-27 00:05:35,3,303,200,48.5738469190001,5.69049692887809
"3869",2022-03-27 00:05:40,3,303,200,49.2495806663119,5.41711815160722
"3870",2022-03-27 00:05:45,3,303,200,48.6667458212977,4.55236556477025
"3871",2022-03-27 00:05:50,3,303,200,49.1873309555205,5.93619671210555
"3872",2022-03-27 00:05:55,3,303,200,48.5499605318214,5.49076641898843
"3873",2022-03-27 00:06:00,3,303,200,49.247897370632,5.16377130660399
"3874",2022-03-27 00:06:05,3,303,200,48.927493055454,5.63627783749512
"3875",2022-03-27 00:06:10,3,303,200,48.4618817992706,5.60251330948074
"3876",2022-03-27 00:06:15,3,303,200,49.1373655282945,5.33995799139076
"3877",2022-03-27 00:06:20,3,303,200,49.1461849833007,5.40823941983513
"3878",2022-03-27 00:06:25,3,303,200,48.314111811124,5.40243607402028
"3879",2022-03-27 00:06:30,3,303,200,48.3136574633223,5.280447552119
"3880",2022-03-27 00:06:35,3,303,200,48.1492418260225,5.30770687543737
"3881",2022-03-27 00:06:40,3,303,200,48.4309686871531,5.81881122710956
"3882",2022-03-27 00:06:45,3,303,200,47.6308388945366,5.26610775993287
"3883",2022-03-27 00:06:50,3,303,200,47.9969690777264,5.22217362536025
"3884",2022-03-27 00:06:55,3,303,200,49.0603011986646,5.31624463366542
"3885",2022-03-27 00:07:00,3,303,200,47.8354085067589,5.50423017801517
"3886",2022-03-27 00:07:05,3,303,200,49.4361423894025,5.74334381854441
"3887",2022-03-27 00:07:10,3,303,200,48.1305570346479,5.49082090881932
"3888",2022-03-27 00:07:15,3,303,200,48.2411540760421,5.61161811526259
"3889",2022-03-27 00:07:20,3,303,200,48.6728150250999,5.70237074612983
"3890",2022-03-27 00:07:25,3,303,200,48.0594107701866,5.63310332868657
"3891",2022-03-27 00:07:30,3,303,200,48.8733795903422,5.42646880269958
"3892",2022-03-27 00:07:35,3,303,200,48.9753228644332,5.20289451611419
"3893",2022-03-27 00:07:40,3,303,200,47.7268916492335,5.550626881637
"3894",2022-03-27 00:07:45,3,303,200,47.4843187741009,5.17791604319422
"3895",2022-03-27 00:07:50,3,303,200,48.6275472234304,5.31788721386474
"3896",2022-03-27 00:07:55,3,303,200,48.7702597345056,5.19671211308353
"3897",2022-03-27 00:08:00,3,303,200,48.3270743515108,5.58735278954969
"3898",2022-03-27 00:08:05,3,303,200,48.1404980459462,5.29058874310938
"3899",2022-03-27 00:08:10,3,303,200,48.7980644637744,5.42517543541643
"3900",2022-03-27 00:08:15,3,303,200,47.7713939515595,5.46156998020105
"3901",2022-03-27 00:08:20,3,303,200,49.1938952282158,5.65637345372458
"3902",2022-03-27 00:08:25,3,303,200,48.989149122725,5.4499168832274
"3903",2022-03-27 00:08:30,3,303,200,49.4007553644922,5.3198838393463
"3904",2022-03-27 00:08:35,3,303,200,48.5423080709965,5.51957969479631
"3905",2022-03-27 00:08:40,3,303,200,48.4862979869513,5.47296999930785
"3906",2022-03-27 00:08:45,3,303,200,48.1586431625511,5.80164059865375
"3907",2022-03-27 00:08:50,3,303,200,47.4304883623467,5.80698230274584
"3908",2022-03-27 00:08:55,3,303,200,48.6446332279487,5.55164138421462
"3909",2022-03-27 00:09:00,3,303,200,49.0845274994563,5.1649990214686
"3910",2022-03-27 00:09:05,3,303,200,49.0540033158927,5.21392024563298
"3911",2022-03-27 00:09:10,3,303,200,47.7697343821971,5.72118508368954
"3912",2022-03-27 00:09:15,3,303,200,47.9915290784828,5.41584762346791
"3913",2022-03-27 00:09:20,3,303,200,48.805203937775,5.7388247444291
"3914",2022-03-27 00:09:25,3,303,200,49.649522935057,5.88780562386635
"3915",2022-03-27 00:09:30,3,303,200,48.9665130668349,5.11353801000532
"3916",2022-03-27 00:09:35,3,303,200,49.178133160343,5.77013069807132
"3917",2022-03-27 00:09:40,3,303,200,49.1863820394164,5.21290414708237
"3918",2022-03-27 00:09:45,3,303,200,49.1727234525988,5.86073652099386
"3919",2022-03-27 00:09:50,3,303,200,47.7002833469255,5.17104167711118
"3920",2022-03-27 00:09:55,3,303,200,48.3623343584263,5.38401775990584
"3921",2022-03-27 00:10:00,3,303,200,48.9956625854572,5.47146121689344
"3922",2022-03-27 00:10:05,3,303,200,48.3335563623985,5.63535602216419
"3923",2022-03-27 00:10:10,3,303,200,48.6872943896878,5.2599837759419
"3924",2022-03-27 00:10:15,3,303,200,48.622498390817,5.46222519082161
"3925",2022-03-27 00:10:20,3,303,200,48.9992443196496,5.23477465252346
"3926",2022-03-27 00:10:25,3,303,200,48.3055636872146,5.29380588391241
"3927",2022-03-27 00:10:30,3,303,200,49.757361924311,5.58065863118796
"3928",2022-03-27 00:10:35,3,303,200,47.7309356128203,5.52574085944194
"3929",2022-03-27 00:10:40,3,303,200,48.3926530069579,5.77301345842986
"3930",2022-03-27 00:10:45,3,303,200,48.4245539386022,5.88024547307787
"3931",2022-03-27 00:10:50,3,303,200,47.8265302603593,5.63451351059467
"3932",2022-03-27 00:10:55,3,303,200,48.7330943560666,5.19138351253305
"3933",2022-03-27 00:11:00,3,303,200,48.472107694102,5.77345011578298
"3934",2022-03-27 00:11:05,3,303,200,49.2421406980009,5.30424115615835
"3935",2022-03-27 00:11:10,3,303,200,47.1045175152502,5.67111493030394
"3936",2022-03-27 00:11:15,3,303,200,48.6494067892865,5.84114791394075
"3937",2022-03-27 00:11:20,3,303,200,47.8675281371174,5.66415623710059
"3938",2022-03-27 00:11:25,3,303,200,47.9008820100802,5.48322467599281
"3939",2022-03-27 00:11:30,3,303,200,48.2291724943917,5.70890392789614
"3940",2022-03-27 00:11:35,3,303,200,48.662989978553,5.5288409694735
"3941",2022-03-27 00:11:40,3,303,200,48.7643298452403,5.33520862796538
"3942",2022-03-27 00:11:45,3,303,200,49.6722353928728,5.78290237728779
"3943",2022-03-27 00:11:50,3,303,200,48.2241736134122,5.05130006335241
"3944",2022-03-27 00:11:55,3,303,200,49.5723769118094,5.73799296170638
"3945",2022-03-27 00:12:00,3,303,200,48.9668723965303,5.50202992682869
"3946",2022-03-27 00:12:05,3,303,200,48.6876981983023,5.18471455953395
"3947",2022-03-27 00:12:10,3,303,200,48.3561307205158,5.47538215319257
"3948",2022-03-27 00:12:32,3,303,200,47.8738301773149,12.9977033900114
"3949",2022-03-27 00:12:20,3,303,200,49.4293319403493,5.7450732840433
"3950",2022-03-27 00:12:25,3,303,200,48.991531238405,5.59787979546022
"3951",2022-03-27 00:12:30,3,303,200,47.5074412060534,5.23537671164823
"3952",2022-03-27 00:12:35,3,303,200,47.8339421596523,5.7043431407912
"3953",2022-03-27 00:12:40,3,303,200,47.7488251865443,5.61379771107086
"3954",2022-03-27 00:12:45,3,303,200,48.446892138,5.40132750474891
"3955",2022-03-27 00:12:50,3,303,200,50.0236655806677,5.38399037728175
"3956",2022-03-27 00:12:55,3,303,200,49.8915668764447,5.39969411974228
"3957",2022-03-27 00:13:00,3,303,200,48.3758022427514,6.00006614496986
"3958",2022-03-27 00:13:05,3,303,200,48.6627765030313,5.33623859732971
"3959",2022-03-27 00:13:10,3,303,200,49.2029564673929,5.3651188212106
"3960",2022-03-27 00:13:15,3,303,200,48.5797181527824,6.00461741763544
"3961",2022-03-27 00:13:20,3,303,200,48.5163340088199,5.42490867985857
"3962",2022-03-27 00:13:25,3,303,200,47.5414417657523,5.07206978821872
"3963",2022-03-27 00:13:30,3,303,200,48.9801798016237,5.38330068052292
"3964",2022-03-27 00:13:35,3,303,200,47.1499753107809,5.70513510934589
"3965",2022-03-27 00:13:40,3,303,200,48.5687167939886,5.65948658202218
"3966",2022-03-27 00:13:45,3,303,200,48.9987431164575,5.50782035977618
"3967",2022-03-27 00:13:50,3,303,200,48.5940428909258,5.58886579341463
"3968",2022-03-27 00:13:55,3,303,200,48.7621182487065,5.22317760592511
"3969",2022-03-27 00:14:00,3,303,200,48.5220663881878,5.63344741409312
"3970",2022-03-27 00:14:05,3,303,200,49.1001267118096,5.7373426575212
"3971",2022-03-27 00:14:10,3,303,200,48.9689863889436,5.76268193997873
"3972",2022-03-27 00:14:15,3,303,200,49.5346796929159,5.71322343114716
"3973",2022-03-27 00:14:20,3,303,200,48.325816634499,5.36020881517008
"3974",2022-03-27 00:14:25,3,303,200,48.5702599087227,5.72733044307108
"3975",2022-03-27 00:14:30,3,303,200,48.400133059851,5.46778570472889
"3976",2022-03-27 00:14:35,3,303,200,48.9050671193223,5.44095899045261
"3977",2022-03-27 00:14:40,3,303,200,48.829603412698,6.05704669349636
"3978",2022-03-27 00:14:45,3,303,200,49.6049683191479,5.52657224203083
"3979",2022-03-27 00:14:50,3,303,200,47.6516346098126,5.60129036224143
"3980",2022-03-27 00:14:55,3,303,200,48.9326374298171,5.06476871826145
"3981",2022-03-27 00:15:00,3,303,200,49.2370931168732,5.7744245371663
"3982",2022-03-27 00:15:05,3,303,200,49.0802440157004,5.59695988092703
"3983",2022-03-27 00:15:10,3,303,200,48.643528025377,5.49784460729475
"3984",2022-03-27 00:15:15,3,303,200,48.5942460167843,5.53425307389592
"3985",2022-03-27 00:15:20,3,303,200,48.5762642702924,5.43319641787271
"3986",2022-03-27 00:15:25,3,303,200,47.8303225405393,5.28466752124781
"3987",2022-03-27 00:15:30,3,303,200,48.326470085805,5.58357928608965
"3988",2022-03-27 00:15:35,3,303,200,48.9175118278519,5.1940748790405
"3989",2022-03-27 00:15:40,3,303,200,49.9052397044623,5.62114701503198
"3990",2022-03-27 00:15:45,3,303,200,48.0384431488067,5.42368784356852
"3991",2022-03-27 00:15:50,3,303,200,48.6241391898857,5.11447751497136
"3992",2022-03-27 00:15:55,3,303,200,48.9925249499302,5.55495337927024
"3993",2022-03-27 00:16:00,3,303,200,48.3737614477725,5.36846614577391
"3994",2022-03-27 00:16:05,3,303,200,47.2967789458011,5.65719991670932
"3995",2022-03-27 00:16:10,3,303,200,49.0387246668488,5.76525212440652
"3996",2022-03-27 00:16:15,3,303,200,47.7847889394759,5.75535222394669
"3997",2022-03-27 00:16:20,3,303,200,49.3084601632333,5.95454947079422
"3998",2022-03-27 00:16:25,3,303,200,48.0478971893141,5.26164742255375
"3999",2022-03-27 00:16:30,3,303,200,48.7333461372399,5.50216196851366
"4000",2022-03-27 00:16:35,3,303,200,48.1475063167329,5.57907909026105
"4001",2022-03-28 00:00:00,3,303,300,49.4366617551628,4.80421642840696
"4002",2022-03-28 00:00:05,3,303,300,47.8834833042936,4.45881927415348
"4003",2022-03-28 00:00:10,3,303,300,48.904974935246,4.38470918293751
"4004",2022-03-28 00:00:15,3,303,300,48.5334412815447,4.87631366167439
"4005",2022-03-28 00:00:20,3,303,300,47.7778756889199,4.6843828336048
"4006",2022-03-28 00:00:25,3,303,300,48.7236167523202,4.80036721469491
"4007",2022-03-28 00:00:30,3,303,300,47.9235044982193,4.7129586903836
"4008",2022-03-28 00:00:35,3,303,300,48.8074112432086,4.8061911448803
"4009",2022-03-28 00:00:40,3,303,300,47.0870434275224,4.59539039874314
"4010",2022-03-28 00:00:45,3,303,300,48.7931875501626,4.72951718512393
"4011",2022-03-28 00:00:50,3,303,300,49.2491672867618,5.17794478032458
"4012",2022-03-28 00:00:55,3,303,300,47.558453664937,5.02790596373939
"4013",2022-03-28 00:01:00,3,303,300,48.2409887227989,4.80670193790568
"4014",2022-03-28 00:01:05,3,303,300,49.6087143610733,4.83484980686165
"4015",2022-03-28 00:01:10,3,303,300,49.1631249330748,5.02500079500704
"4016",2022-03-28 00:01:15,3,303,300,48.9377711670681,4.84313625010539
"4017",2022-03-28 00:01:20,3,303,300,48.5155141841818,5.18250858580593
"4018",2022-03-28 00:01:25,3,303,300,48.2169333185389,4.54113855279865
"4019",2022-03-28 00:01:30,3,303,300,48.0700989226394,5.12687040830278
"4020",2022-03-28 00:01:35,3,303,300,47.8413370623036,4.46007675266677
"4021",2022-03-28 00:01:40,3,303,300,48.1783122987166,4.93028187052534
"4022",2022-03-28 00:01:45,3,303,300,49.8150654064583,5.2574000688756
"4023",2022-03-28 00:01:50,3,303,300,49.2176937649124,4.53057588019875
"4024",2022-03-28 00:01:55,3,303,300,48.4856104341133,4.42108462910948
"4025",2022-03-28 00:02:00,3,303,300,48.7913137821872,4.87246013496792
"4026",2022-03-28 00:02:05,3,303,300,49.2162090197988,4.77460121180458
"4027",2022-03-28 00:02:10,3,303,300,49.0568345198396,4.68407868180691
"4028",2022-03-28 00:02:15,3,303,300,50.2567849498853,5.19148874570641
"4029",2022-03-28 00:02:20,3,303,300,48.1054086263479,4.74621313002836
"4030",2022-03-28 00:02:25,3,303,300,48.8431445416806,4.89541965882621
"4031",2022-03-28 00:02:30,3,303,300,48.320083441154,4.46820748712514
"4032",2022-03-28 00:02:35,3,303,300,48.3813796860963,4.61523128401787
"4033",2022-03-28 00:02:40,3,303,300,49.5326296322968,4.80223380254648
"4034",2022-03-28 00:02:45,3,303,300,48.7568348214288,4.2183382797455
"4035",2022-03-28 00:02:50,3,303,300,49.3820975076283,5.07927459438985
"4036",2022-03-28 00:02:55,3,303,300,48.2795675541979,4.61145975278147
"4037",2022-03-28 00:03:00,3,303,300,49.3632060373374,4.83304040897049
"4038",2022-03-28 00:03:05,3,303,300,47.6173591643257,4.62753778047928
"4039",2022-03-28 00:03:10,3,303,300,48.8775691022215,5.18082702870568
"4040",2022-03-28 00:03:15,3,303,300,47.8919797874755,5.00676756243348
"4041",2022-03-28 00:03:20,3,303,300,48.1324601177009,4.5167067117997
"4042",2022-03-28 00:03:25,3,303,300,48.4727663762214,5.06592269451548
"4043",2022-03-28 00:03:30,3,303,300,49.0845482300579,4.80272795759879
"4044",2022-03-28 00:03:35,3,303,300,49.0214483438288,4.79345925700544
"4045",2022-03-28 00:03:40,3,303,300,49.3439341444144,4.88396217196614
"4046",2022-03-28 00:03:45,3,303,300,47.0796344267654,4.63790022111024
"4047",2022-03-28 00:03:50,3,303,300,48.5213681829755,4.2208988105033
"4048",2022-03-28 00:03:55,3,303,300,47.801632980934,4.55092014196109
"4049",2022-03-28 00:04:00,3,303,300,49.9908553580546,5.05283048547753
"4050",2022-03-28 00:04:05,3,303,300,48.4907937429686,4.40383239070675
"4051",2022-03-28 00:04:10,3,303,300,48.68305552709,4.94019024535325
"4052",2022-03-28 00:04:15,3,303,300,48.6045704216768,5.28135345796113
"4053",2022-03-28 00:04:20,3,303,300,48.5159933458125,4.45699870603326
"4054",2022-03-28 00:04:25,3,303,300,47.7251765694248,4.89599655364761
"4055",2022-03-28 00:04:30,3,303,300,49.2503386357208,4.03281553139677
"4056",2022-03-28 00:04:35,3,303,300,49.1699222274164,4.79930468924596
"4057",2022-03-28 00:04:40,3,303,300,47.9040576321184,4.68930253495115
"4058",2022-03-28 00:04:45,3,303,300,49.3526841014633,4.71654350849407
"4059",2022-03-28 00:04:50,3,303,300,48.8461375073528,4.67762367492028
"4060",2022-03-28 00:04:55,3,303,300,48.6771094775635,4.64844439731742
"4061",2022-03-28 00:05:00,3,303,300,48.0430902415352,4.56021261270851
"4062",2022-03-28 00:05:05,3,303,300,48.3283405296976,4.63210913033786
"4063",2022-03-28 00:05:10,3,303,300,49.3289075523145,4.85547613988769
"4064",2022-03-28 00:05:15,3,303,300,50.9256248924835,4.88085757988123
"4065",2022-03-28 00:05:20,3,303,300,47.9594793085502,4.52500901791087
"4066",2022-03-28 00:05:25,3,303,300,49.068657562248,5.05068032239897
"4067",2022-03-28 00:05:30,3,303,300,47.5966166219512,5.20788911910737
"4068",2022-03-28 00:05:35,3,303,300,50.0709501371857,5.33336374657928
"4069",2022-03-28 00:05:40,3,303,300,49.7925474523821,4.67114961430928
"4070",2022-03-28 00:05:45,3,303,300,48.7345275445063,4.89616747027827
"4071",2022-03-28 00:05:50,3,303,300,49.2456376694652,4.8579145336052
"4072",2022-03-28 00:05:55,3,303,300,48.8848624426679,4.82367306056332
"4073",2022-03-28 00:06:00,3,303,300,49.8086137400634,4.65863202446751
"4074",2022-03-28 00:06:05,3,303,300,48.8251098381469,4.76439699117895
"4075",2022-03-28 00:06:10,3,303,300,48.9303444665774,4.36925967468273
"4076",2022-03-28 00:06:15,3,303,300,49.7560856236193,4.68270858748086
"4077",2022-03-28 00:06:20,3,303,300,48.2689157828379,4.89215769336847
"4078",2022-03-28 00:06:25,3,303,300,49.2091286333084,4.66629510283364
"4079",2022-03-28 00:06:30,3,303,300,48.6692906614523,4.50459597248801
"4080",2022-03-28 00:06:35,3,303,300,48.0315318362213,4.86012459063607
"4081",2022-03-28 00:06:40,3,303,300,48.8851728879983,4.79742235108446
"4082",2022-03-28 00:06:45,3,303,300,49.1460330744802,4.81056596709378
"4083",2022-03-28 00:06:50,3,303,300,48.8696786788234,4.51770068897971
"4084",2022-03-28 00:06:55,3,303,300,48.478654503771,4.51199140458441
"4085",2022-03-28 00:07:00,3,303,300,48.1129325790297,4.30523991006323
"4086",2022-03-28 00:07:05,3,303,300,48.5323889719639,4.38712619234005
"4087",2022-03-28 00:07:10,3,303,300,47.5223416403713,4.78886699338387
"4088",2022-03-28 00:07:15,3,303,300,48.9975389744916,4.79505094569232
"4089",2022-03-28 00:07:20,3,303,300,48.9671846569211,5.17817408785732
"4090",2022-03-28 00:07:25,3,303,300,49.7497437192397,5.17991548552641
"4091",2022-03-28 00:07:30,3,303,300,50.2995213140077,4.70994447829709
"4092",2022-03-28 00:07:35,3,303,300,48.9249776089201,4.98866522451787
"4093",2022-03-28 00:07:40,3,303,300,47.7315107888269,4.67793424092151
"4094",2022-03-28 00:07:45,3,303,300,48.9384992246588,5.10374198115145
"4095",2022-03-28 00:07:50,3,303,300,49.9300136238368,4.8171574316965
"4096",2022-03-28 00:07:55,3,303,300,48.30332184837,5.05222121175498
"4097",2022-03-28 00:08:00,3,303,300,47.7275647489297,4.14128607438528
"4098",2022-03-28 00:08:05,3,303,300,48.408066209971,5.16289565224794
"4099",2022-03-28 00:08:10,3,303,300,48.9998448453135,4.75288220045151
"4100",2022-03-28 00:08:15,3,303,300,50.0963325981972,4.83069114284781
"4101",2022-03-28 00:08:20,3,303,300,47.9490951883865,4.64443563757098
"4102",2022-03-28 00:08:25,3,303,300,48.7089781141052,5.01250853892905
"4103",2022-03-28 00:08:30,3,303,300,48.1879131801316,4.76583100935634
"4104",2022-03-28 00:08:35,3,303,300,48.7225100388871,4.89744718022364
"4105",2022-03-28 00:08:40,3,303,300,48.566664370269,4.81709290737809
"4106",2022-03-28 00:08:45,3,303,300,48.821375832757,4.312974475424
"4107",2022-03-28 00:08:50,3,303,300,48.4324397390104,5.15656459514877
"4108",2022-03-28 00:08:55,3,303,300,48.5962256572353,4.76248459785407
"4109",2022-03-28 00:09:00,3,303,300,49.2056725461671,4.78464491375735
"4110",2022-03-28 00:09:05,3,303,300,47.0152589620524,4.92200395440441
"4111",2022-03-28 00:09:10,3,303,300,48.2681670483833,5.17503470450866
"4112",2022-03-28 00:09:15,3,303,300,48.9312036167719,4.56804959070187
"4113",2022-03-28 00:09:20,3,303,300,49.1957676091908,5.11273796188089
"4114",2022-03-28 00:09:25,3,303,300,47.4349042483959,4.33936184492746
"4115",2022-03-28 00:09:30,3,303,300,48.4245090251506,4.76740007789777
"4116",2022-03-28 00:09:35,3,303,300,49.9953736307389,4.55101581312579
"4117",2022-03-28 00:09:40,3,303,300,48.3223579630018,4.64485526970416
"4118",2022-03-28 00:09:45,3,303,300,47.7429826645458,4.81422168717776
"4119",2022-03-28 00:09:50,3,303,300,48.0983685896604,4.82931692768279
"4120",2022-03-28 00:09:55,3,303,300,47.61257191976,5.03506293426579
"4121",2022-03-28 00:10:00,3,303,300,49.0867211686505,4.97592717566266
"4122",2022-03-28 00:10:05,3,303,300,47.7274821631679,4.86259376526643
"4123",2022-03-28 00:10:10,3,303,300,49.3115924887163,4.70964161296439
"4124",2022-03-28 00:10:15,3,303,300,47.9962610346467,4.88216577632018
"4125",2022-03-28 00:10:20,3,303,300,47.4309231362081,4.87477209365941
"4126",2022-03-28 00:10:25,3,303,300,47.5121879130853,4.39111766881307
"4127",2022-03-28 00:10:30,3,303,300,47.8326092518714,4.38494068139772
"4128",2022-03-28 00:10:35,3,303,300,48.2924791612618,5.02898498634243
"4129",2022-03-28 00:10:40,3,303,300,48.4954175936725,5.12441809016949
"4130",2022-03-28 00:10:45,3,303,300,49.0246304485444,5.03439595872904
"4131",2022-03-28 00:10:50,3,303,300,48.7925177866913,4.65365586635343
"4132",2022-03-28 00:10:55,3,303,300,49.124407683852,4.81133420486466
"4133",2022-03-28 00:11:00,3,303,300,48.3736483968651,4.87969156962671
"4134",2022-03-28 00:11:05,3,303,300,48.4748687250035,4.92551679675593
"4135",2022-03-28 00:11:10,3,303,300,49.4051558359032,5.17910204437459
"4136",2022-03-28 00:11:15,3,303,300,48.5300644916285,4.72547930622773
"4137",2022-03-28 00:11:20,3,303,300,47.9228137709596,4.34150064597077
"4138",2022-03-28 00:11:25,3,303,300,49.3408155205137,4.85265016161104
"4139",2022-03-28 00:11:30,3,303,300,47.3979979219049,4.70029128499982
"4140",2022-03-28 00:11:35,3,303,300,48.6930782939218,5.16461220196273
"4141",2022-03-28 00:11:40,3,303,300,47.3786628926904,5.33624916512545
"4142",2022-03-28 00:11:45,3,303,300,48.5914938589312,4.72240726955354
"4143",2022-03-28 00:11:50,3,303,300,47.7727516061132,4.77538021729724
"4144",2022-03-28 00:11:55,3,303,300,48.7338367825273,4.89196120578277
"4145",2022-03-28 00:12:00,3,303,300,47.9428190155997,4.62269718660676
"4146",2022-03-28 00:12:05,3,303,300,48.5797049813769,4.95133687730999
"4147",2022-03-28 00:12:10,3,303,300,49.2373203685298,4.9978665144732
"4148",2022-03-28 00:12:15,3,303,300,47.5971572359739,4.84093618197715
"4149",2022-03-28 00:12:20,3,303,300,48.6103009015087,4.58282513618055
"4150",2022-03-28 00:12:25,3,303,300,48.3239574277911,4.48337784188916
"4151",2022-03-28 00:12:30,3,303,300,47.9569881400466,4.68750802488358
"4152",2022-03-28 00:12:35,3,303,300,49.7418603943442,4.54414821201612
"4153",2022-03-28 00:12:40,3,303,300,49.5492511304387,4.50916320350103
"4154",2022-03-28 00:12:45,3,303,300,47.8829581263906,4.86668386044801
"4155",2022-03-28 00:12:50,3,303,300,50.0341047588786,4.89096873388159
"4156",2022-03-28 00:12:55,3,303,300,48.469174310581,5.11401891660075
"4157",2022-03-28 00:13:00,3,303,300,48.1462642356869,4.91213931660214
"4158",2022-03-28 00:13:05,3,303,300,47.4815089497454,4.61609323586373
"4159",2022-03-28 00:13:10,3,303,300,48.0577538324209,4.94217564506181
"4160",2022-03-28 00:13:15,3,303,300,48.4772759980186,4.806296153255
"4161",2022-03-28 00:13:20,3,303,300,48.7144335055204,4.92022372608566
"4162",2022-03-28 00:13:25,3,303,300,49.1482123700616,4.8884968787293
"4163",2022-03-28 00:13:30,3,303,300,49.1714656634104,5.2082698829926
"4164",2022-03-28 00:13:35,3,303,300,48.9626479386262,4.7039516127459
"4165",2022-03-28 00:13:40,3,303,300,48.8113052129845,4.783449344997
"4166",2022-03-28 00:13:45,3,303,300,48.6047944088257,5.3173494635396
"4167",2022-03-28 00:13:50,3,303,300,48.4913687313583,4.85662816889561
"4168",2022-03-28 00:13:55,3,303,300,48.9270316118519,4.68953806192238
"4169",2022-03-28 00:14:00,3,303,300,49.4407290489126,4.4465118386202
"4170",2022-03-28 00:14:05,3,303,300,48.6875955611336,4.55838191037271
"4171",2022-03-28 00:14:10,3,303,300,49.0902115120184,4.86492185201912
"4172",2022-03-28 00:14:15,3,303,300,48.4008886543338,5.01942997915361
"4173",2022-03-28 00:14:20,3,303,300,48.8665392071551,4.96220193353995
"4174",2022-03-28 00:14:25,3,303,300,49.0685841241434,4.68962759665228
"4175",2022-03-28 00:14:30,3,303,300,48.7459694811695,4.69048785444542
"4176",2022-03-28 00:14:35,3,303,300,49.6123834729659,4.83364111075336
"4177",2022-03-28 00:14:40,3,303,300,48.1087637400562,4.43219465665237
"4178",2022-03-28 00:14:45,3,303,300,48.4138906086038,4.93183981957624
"4179",2022-03-28 00:14:50,3,303,300,49.4169572052869,4.40252362628399
"4180",2022-03-28 00:14:55,3,303,300,48.5108904989862,4.9050788486871
"4181",2022-03-28 00:15:00,3,303,300,49.277459667095,5.0368619411581
"4182",2022-03-28 00:15:05,3,303,300,48.1773326379357,5.3405029401292
"4183",2022-03-28 00:15:10,3,303,300,48.6472636811873,5.10931712191664
"4184",2022-03-28 00:15:15,3,303,300,49.0265427270364,5.02953600205795
"4185",2022-03-28 00:15:20,3,303,300,48.7351590153705,5.00918962318633
"4186",2022-03-28 00:15:25,3,303,300,49.3316174669549,5.11000528038892
"4187",2022-03-28 00:15:30,3,303,300,47.1641678486419,4.79919694360617
"4188",2022-03-28 00:15:35,3,303,300,49.7105652968231,4.61216473479003
"4189",2022-03-28 00:15:40,3,303,300,49.2741158684848,4.68379482858703
"4190",2022-03-28 00:15:45,3,303,300,48.9572922961306,5.29649326059765
"4191",2022-03-28 00:15:50,3,303,300,48.2297513017047,4.23427797196548
"4192",2022-03-28 00:15:55,3,303,300,48.2118807464561,4.43072329223285
"4193",2022-03-28 00:16:00,3,303,300,47.5031199786426,4.91886758670396
"4194",2022-03-28 00:16:05,3,303,300,47.3467433742103,4.71870073396467
"4195",2022-03-28 00:16:10,3,303,300,49.0140412480127,4.42069615926799
"4196",2022-03-28 00:16:15,3,303,300,48.661628851037,5.04511329620288
"4197",2022-03-28 00:16:20,3,303,300,49.0529650506739,4.649693235235
"4198",2022-03-28 00:16:25,3,303,300,48.8553294820212,4.8633531210517
"4199",2022-03-28 00:16:30,3,303,300,48.2667836675618,5.29453973585152
"4200",2022-03-28 00:16:35,3,303,300,48.0321625447029,4.29610393753985
"4201",2022-03-29 00:00:00,3,338,100,48.1862068520413,6.42257577635012
"4202",2022-03-29 00:00:05,3,338,100,48.2617302738769,6.3468761128508
"4203",2022-03-29 00:00:10,3,338,100,49.1276004749313,6.29420710239607
"4204",2022-03-29 00:00:15,3,338,100,50.5990929673731,6.04602956663824
"4205",2022-03-29 00:00:20,3,338,100,50.1847708649763,6.0681438423892
"4206",2022-03-29 00:00:25,3,338,100,47.97721387326,5.91593544294054
"4207",2022-03-29 00:00:30,3,338,100,48.8089284650287,5.64096751888358
"4208",2022-03-29 00:00:35,3,338,100,48.1075475002577,5.63512013069467
"4209",2022-03-29 00:00:40,3,338,100,49.3674138078727,6.1158299806004
"4210",2022-03-29 00:00:45,3,338,100,49.0030566085027,5.97402456056091
"4211",2022-03-29 00:00:50,3,338,100,48.6453858794786,6.02214980266138
"4212",2022-03-29 00:00:55,3,338,100,49.0582138672288,6.27582781243709
"4213",2022-03-29 00:01:00,3,338,100,48.5524635543365,6.10548567309298
"4214",2022-03-29 00:01:05,3,338,100,48.3774561577552,6.38024881499585
"4215",2022-03-29 00:01:10,3,338,100,46.8605298569975,6.01918568525062
"4216",2022-03-29 00:01:15,3,338,100,48.9284726532542,6.37120897767925
"4217",2022-03-29 00:01:20,3,338,100,48.0370940628362,5.96324070178991
"4218",2022-03-29 00:01:25,3,338,100,47.7234990588082,6.07454893756197
"4219",2022-03-29 00:01:30,3,338,100,49.2593466593794,5.82578337088832
"4220",2022-03-29 00:01:35,3,338,100,48.4184796745686,6.09181433708374
"4221",2022-03-29 00:01:40,3,338,100,48.3516457916124,5.92235315285488
"4222",2022-03-29 00:01:45,3,338,100,49.0890111257925,6.42928751170969
"4223",2022-03-29 00:01:50,3,338,100,48.8341720042693,6.13896174526023
"4224",2022-03-29 00:01:55,3,338,100,50.225413857012,6.21083705981525
"4225",2022-03-29 00:02:00,3,338,100,48.7811879928621,6.52928121582872
"4226",2022-03-29 00:02:05,3,338,100,48.5993766886065,6.32749700141847
"4227",2022-03-29 00:02:10,3,338,100,48.8115185211598,6.27615020707707
"4228",2022-03-29 00:02:15,3,338,100,50.0189929906008,6.04457766107518
"4229",2022-03-29 00:02:20,3,338,100,47.0267491383072,6.14145541023074
"4230",2022-03-29 00:02:25,3,338,100,47.8812225411804,6.11708877128265
"4231",2022-03-29 00:02:30,3,338,100,49.2299916229237,5.59569664310423
"4232",2022-03-29 00:02:35,3,338,100,47.8885993793569,5.5608641202389
"4233",2022-03-29 00:02:40,3,338,100,48.1965381759355,6.17618153951696
"4234",2022-03-29 00:02:45,3,338,100,48.518088475469,6.0753547111621
"4235",2022-03-29 00:02:50,3,338,100,49.1583400372311,6.15102899912089
"4236",2022-03-29 00:02:55,3,338,100,50.1464657453092,6.05493396725509
"4237",2022-03-29 00:03:00,3,338,100,47.8164927274991,6.0258997377415
"4238",2022-03-29 00:03:05,3,338,100,48.9113739130976,6.32337132510549
"4239",2022-03-29 00:03:10,3,338,100,50.072185656822,6.32611950104125
"4240",2022-03-29 00:03:15,3,338,100,47.7818364768652,6.22355279154152
"4241",2022-03-29 00:03:20,3,338,100,49.1218608563649,6.43995089219799
"4242",2022-03-29 00:03:25,3,338,100,47.8987176151655,6.41176351092052
"4243",2022-03-29 00:03:30,3,338,100,48.2813100574595,6.19642173093104
"4244",2022-03-29 00:03:35,3,338,100,48.0880124266615,6.24620374962179
"4245",2022-03-29 00:03:40,3,338,100,48.0270471659643,6.57251085322771
"4246",2022-03-29 00:03:45,3,338,100,49.636431190719,6.08103838099627
"4247",2022-03-29 00:03:50,3,338,100,47.9713626900316,5.9417877636295
"4248",2022-03-29 00:03:55,3,338,100,49.4079229369497,6.22734625819777
"4249",2022-03-29 00:04:00,3,338,100,48.872003824488,6.15041391816864
"4250",2022-03-29 00:04:05,3,338,100,49.2095639468873,6.4826687716375
"4251",2022-03-29 00:04:10,3,338,100,48.4455307052981,5.96968786419288
"4252",2022-03-29 00:04:15,3,338,100,49.5500591177655,6.00380205823226
"4253",2022-03-29 00:04:20,3,338,100,47.2845485289395,6.4399442715308
"4254",2022-03-29 00:04:25,3,338,100,49.2017284795424,6.27739891382575
"4255",2022-03-29 00:04:30,3,338,100,49.5712270193114,6.59617329570396
"4256",2022-03-29 00:04:35,3,338,100,50.0162111816538,6.53969551239886
"4257",2022-03-29 00:04:40,3,338,100,49.3818565760313,5.90982747797436
"4258",2022-03-29 00:04:45,3,338,100,47.6451467579733,6.65606727591023
"4259",2022-03-29 00:04:50,3,338,100,49.0021327722261,6.24417121006994
"4260",2022-03-29 00:04:55,3,338,100,49.8942647333246,6.13339416236748
"4261",2022-03-29 00:05:00,3,338,100,47.9984341407334,5.97605850361873
"4262",2022-03-29 00:05:05,3,338,100,48.5744532167492,6.35192105417149
"4263",2022-03-29 00:05:10,3,338,100,48.8868710423688,6.38895563596538
"4264",2022-03-29 00:05:15,3,338,100,48.7141048993716,6.5265813733664
"4265",2022-03-29 00:05:20,3,338,100,47.98912552732,5.88941471150084
"4266",2022-03-29 00:05:25,3,338,100,49.1543008597742,6.34695106772031
"4267",2022-03-29 00:05:30,3,338,100,48.956758925743,5.99649814500577
"4268",2022-03-29 00:05:35,3,338,100,48.745856270071,6.04182206574313
"4269",2022-03-29 00:05:40,3,338,100,48.1538253626963,6.31559486052164
"4270",2022-03-29 00:05:45,3,338,100,48.9782850235197,6.73440102273502
"4271",2022-03-29 00:05:50,3,338,100,49.7569612581554,6.39140943375838
"4272",2022-03-29 00:05:55,3,338,100,49.3529055689579,5.59856786579039
"4273",2022-03-29 00:06:00,3,338,100,48.8984256961075,6.56093226221428
"4274",2022-03-29 00:06:05,3,338,100,50.204327056193,6.30476004798435
"4275",2022-03-29 00:06:10,3,338,100,48.4144753028565,6.31846772658255
"4276",2022-03-29 00:06:15,3,338,100,50.0548465431988,6.23448304023705
"4277",2022-03-29 00:06:20,3,338,100,48.5560623243114,5.76981704466435
"4278",2022-03-29 00:06:25,3,338,100,48.6899360569923,6.27562918149746
"4279",2022-03-29 00:06:30,3,338,100,48.8923826530588,5.87001812596325
"4280",2022-03-29 00:06:35,3,338,100,50.8366636585987,6.57380109471367
"4281",2022-03-29 00:06:40,3,338,100,49.4933666928032,6.36671820461587
"4282",2022-03-29 00:06:45,3,338,100,48.9464148355417,6.21941426526808
"4283",2022-03-29 00:06:50,3,338,100,48.3426816797371,6.22396772939967
"4284",2022-03-29 00:06:55,3,338,100,48.8323160432371,6.17666835475219
"4285",2022-03-29 00:07:00,3,338,100,49.0383139988233,6.17250880498054
"4286",2022-03-29 00:07:05,3,338,100,48.541190466362,6.62891143419401
"4287",2022-03-29 00:07:10,3,338,100,49.8641528839931,5.88086673624663
"4288",2022-03-29 00:07:15,3,338,100,48.7476849695862,6.56319297058673
"4289",2022-03-29 00:07:20,3,338,100,48.7444341238036,6.13598749660193
"4290",2022-03-29 00:07:25,3,338,100,49.5558549673081,6.02689579831611
"4291",2022-03-29 00:07:30,3,338,100,48.4997960969243,6.26897459517563
"4292",2022-03-29 00:07:35,3,338,100,47.8681599336394,6.13019824941988
"4293",2022-03-29 00:07:40,3,338,100,48.0021700340371,6.29521156451176
"4294",2022-03-29 00:07:45,3,338,100,48.3688859639517,6.48656929059633
"4295",2022-03-29 00:07:50,3,338,100,48.7393087368733,6.44650199021091
"4296",2022-03-29 00:07:55,3,338,100,49.4799830667115,6.37721395831235
"4297",2022-03-29 00:08:00,3,338,100,47.7820376517243,6.38503170140472
"4298",2022-03-29 00:08:05,3,338,100,48.5046876957291,5.89343463628106
"4299",2022-03-29 00:08:10,3,338,100,49.1633252066916,5.99867610623835
"4300",2022-03-29 00:08:15,3,338,100,48.6549639277278,6.04694055135368
"4301",2022-03-29 00:08:20,3,338,100,47.9095773966237,6.15989168991833
"4302",2022-03-29 00:08:25,3,338,100,48.9377626801072,6.3094465558107
"4303",2022-03-29 00:08:30,3,338,100,49.0205516935243,5.90896254584433
"4304",2022-03-29 00:08:35,3,338,100,48.562181185578,6.23308060068768
"4305",2022-03-29 00:08:40,3,338,100,48.7437483168709,6.30434037611263
"4306",2022-03-29 00:08:45,3,338,100,47.7851990118883,6.04800730957533
"4307",2022-03-29 00:08:50,3,338,100,48.0961091857692,6.22350281958881
"4308",2022-03-29 00:08:55,3,338,100,47.885525713314,5.89029128622866
"4309",2022-03-29 00:09:00,3,338,100,48.8887184606509,6.01746399907608
"4310",2022-03-29 00:09:05,3,338,100,48.8638967213579,6.20716531172581
"4311",2022-03-29 00:09:10,3,338,100,48.7535992846749,6.72560265644466
"4312",2022-03-29 00:09:15,3,338,100,48.6435983676666,5.75445422744323
"4313",2022-03-29 00:09:20,3,338,100,48.4717216677365,6.29002976819951
"4314",2022-03-29 00:09:25,3,338,100,47.9674432324032,5.56740522882904
"4315",2022-03-29 00:09:30,3,338,100,50.288208006513,6.61366495956259
"4316",2022-03-29 00:09:35,3,338,100,48.1682364728534,5.88427331452231
"4317",2022-03-29 00:09:40,3,338,100,48.3204523216577,5.76909851922404
"4318",2022-03-29 00:09:45,3,338,100,49.670891685342,6.30028021808153
"4319",2022-03-29 00:09:50,3,338,100,48.4280713045885,5.65774961958114
"4320",2022-03-29 00:09:55,3,338,100,48.7898499340739,6.07240966908567
"4321",2022-03-29 00:10:00,3,338,100,47.7709925954579,6.44402956426478
"4322",2022-03-29 00:10:05,3,338,100,48.75712520069,5.89261094899406
"4323",2022-03-29 00:10:10,3,338,100,48.43657203098,6.14779685128799
"4324",2022-03-29 00:10:15,3,338,100,47.9565112452578,6.20917913498899
"4325",2022-03-29 00:10:20,3,338,100,50.0310973600602,6.21232734233376
"4326",2022-03-29 00:10:25,3,338,100,47.9582704886819,6.47568756144113
"4327",2022-03-29 00:10:30,3,338,100,48.0560312635361,6.15819748264378
"4328",2022-03-29 00:10:35,3,338,100,48.6661098349401,6.2187644714439
"4329",2022-03-29 00:10:40,3,338,100,48.2345053033039,6.18285994735873
"4330",2022-03-29 00:10:45,3,338,100,49.3477057287602,6.39431549451219
"4331",2022-03-29 00:10:50,3,338,100,48.4886139161275,6.29454117102293
"4332",2022-03-29 00:10:55,3,338,100,48.6674809773017,6.14469821114394
"4333",2022-03-29 00:11:00,3,338,100,48.2896264192048,6.75719280400996
"4334",2022-03-29 00:11:05,3,338,100,48.9809825264316,6.26191611522493
"4335",2022-03-29 00:11:10,3,338,100,48.4095616563772,5.60071585396234
"4336",2022-03-29 00:11:15,3,338,100,48.9219820339906,6.08894803895288
"4337",2022-03-29 00:11:20,3,338,100,49.1798749527052,6.42163980215987
"4338",2022-03-29 00:11:25,3,338,100,49.9676782355189,5.63452653939605
"4339",2022-03-29 00:11:30,3,338,100,47.9227030832479,6.35396713489297
"4340",2022-03-29 00:11:35,3,338,100,48.8993926825526,6.31214297844661
"4341",2022-03-29 00:11:40,3,338,100,47.8415266096086,5.958445492186
"4342",2022-03-29 00:11:45,3,338,100,48.6433594667532,6.67479645621752
"4343",2022-03-29 00:11:50,3,338,100,48.0144992279717,5.99201206018182
"4344",2022-03-29 00:11:55,3,338,100,48.1321204157592,6.06159485266232
"4345",2022-03-29 00:12:00,3,338,100,49.5552576610269,6.38617327269542
"4346",2022-03-29 00:12:05,3,338,100,48.2696011892275,6.20505210284537
"4347",2022-03-29 00:12:10,3,338,100,49.8225283687765,6.20283925170156
"4348",2022-03-29 00:12:15,3,338,100,48.3974958964942,5.80562303095012
"4349",2022-03-29 00:12:20,3,338,100,48.2104782393639,5.83278723918599
"4350",2022-03-29 00:12:25,3,338,100,48.9512924381816,6.64275585646922
"4351",2022-03-29 00:12:30,3,338,100,48.5504901228492,6.43503835196591
"4352",2022-03-29 00:12:35,3,338,100,48.9439274486853,6.09832173883854
"4353",2022-03-29 00:12:40,3,338,100,48.5136616665388,6.47994102905948
"4354",2022-03-29 00:12:45,3,338,100,49.3479109003892,5.90680068543817
"4355",2022-03-29 00:12:50,3,338,100,47.556991360797,6.32457184807481
"4356",2022-03-29 00:12:55,3,338,100,47.6480058174995,5.98282532198508
"4357",2022-03-29 00:13:00,3,338,100,49.3752112401489,6.05559949663061
"4358",2022-03-29 00:13:05,3,338,100,48.1062248304149,5.90508935200228
"4359",2022-03-29 00:13:10,3,338,100,49.4781606618579,6.04078827059186
"4360",2022-03-29 00:13:15,3,338,100,49.3857681807487,6.47846131174719
"4361",2022-03-29 00:13:20,3,338,100,49.0979777654749,5.78147438050923
"4362",2022-03-29 00:13:25,3,338,100,50.5992095357273,6.6823758386989
"4363",2022-03-29 00:13:30,3,338,100,49.0721038463153,6.46394571329652
"4364",2022-03-29 00:13:35,3,338,100,48.009649477604,6.4674338196885
"4365",2022-03-29 00:13:40,3,338,100,47.965475149786,5.29632370325555
"4366",2022-03-29 00:13:45,3,338,100,49.0639550973831,6.1396083364661
"4367",2022-03-29 00:13:50,3,338,100,49.6951604214219,6.34259782709523
"4368",2022-03-29 00:13:55,3,338,100,48.200630164646,6.66062216621824
"4369",2022-03-29 00:14:00,3,338,100,48.7065338512284,5.82177967740923
"4370",2022-03-29 00:14:05,3,338,100,49.4581700285556,6.34628084958423
"4371",2022-03-29 00:14:10,3,338,100,48.8806287504601,6.41640452879217
"4372",2022-03-29 00:14:15,3,338,100,49.1688614803646,6.31131081935704
"4373",2022-03-29 00:14:20,3,338,100,49.070701905743,6.30494347220595
"4374",2022-03-29 00:14:25,3,338,100,50.3771452574839,6.70567195269104
"4375",2022-03-29 00:14:30,3,338,100,48.5953193910363,6.26803854606933
"4376",2022-03-29 00:14:35,3,338,100,48.5306120609294,6.03720054021518
"4377",2022-03-29 00:14:40,3,338,100,48.598975280468,6.4248441124997
"4378",2022-03-29 00:14:45,3,338,100,47.0360266218927,6.33418007117126
"4379",2022-03-29 00:14:50,3,338,100,47.7611550302384,5.9354792431566
"4380",2022-03-29 00:14:55,3,338,100,49.2104768266514,6.80542270711598
"4381",2022-03-29 00:15:00,3,338,100,48.0786308194548,6.04796240374602
"4382",2022-03-29 00:15:05,3,338,100,48.3110749712588,5.99214304615822
"4383",2022-03-29 00:15:10,3,338,100,49.5330741358825,6.38464372005503
"4384",2022-03-29 00:15:15,3,338,100,49.9162889903818,6.32215491522717
"4385",2022-03-29 00:15:20,3,338,100,49.1371097272522,6.01983195324017
"4386",2022-03-29 00:15:25,3,338,100,49.0321000483764,6.21717467661869
"4387",2022-03-29 00:15:30,3,338,100,48.3004578893116,6.0280271860274
"4388",2022-03-29 00:15:35,3,338,100,48.9920691489692,6.04665943642916
"4389",2022-03-29 00:15:40,3,338,100,47.633678569945,6.65593937068487
"4390",2022-03-29 00:15:45,3,338,100,48.7869062680167,5.84473550922862
"4391",2022-03-29 00:15:50,3,338,100,47.9024435304137,6.85996244682237
"4392",2022-03-29 00:15:55,3,338,100,48.7651423674015,5.78961967470119
"4393",2022-03-29 00:16:00,3,338,100,48.703176381269,6.65811666854426
"4394",2022-03-29 00:16:05,3,338,100,49.485714968087,6.11923547762455
"4395",2022-03-29 00:16:10,3,338,100,47.8186805238357,6.32488548732177
"4396",2022-03-29 00:16:15,3,338,100,48.7348955026496,5.95654166045706
"4397",2022-03-29 00:16:20,3,338,100,48.126793511476,6.24363621098683
"4398",2022-03-29 00:16:25,3,338,100,48.3293855806953,6.06585268875138
"4399",2022-03-29 00:16:30,3,338,100,48.2586691670856,6.63535189274546
"4400",2022-03-29 00:16:35,3,338,100,48.4097604319546,6.33577495412527
"4401",2022-03-30 00:00:00,3,338,200,47.6656490950018,5.37968575906401
"4402",2022-03-30 00:00:05,3,338,200,49.2310458597799,5.48042437074283
"4403",2022-03-30 00:00:10,3,338,200,48.8647230257576,5.40395049034785
"4404",2022-03-30 00:00:15,3,338,200,48.2311368014905,5.37601239675005
"4405",2022-03-30 00:00:20,3,338,200,49.0178487734225,5.36672957320399
"4406",2022-03-30 00:00:25,3,338,200,48.6580158714012,5.08729144687563
"4407",2022-03-30 00:00:30,3,338,200,47.8085648335804,5.57457659680708
"4408",2022-03-30 00:00:35,3,338,200,48.1933370629653,6.05535238487876
"4409",2022-03-30 00:00:40,3,338,200,48.4554666215882,5.08042422204124
"4410",2022-03-30 00:00:45,3,338,200,48.3026847258191,5.35060098860623
"4411",2022-03-30 00:00:50,3,338,200,49.5812609582587,5.701606836505
"4412",2022-03-30 00:00:55,3,338,200,49.2175367454638,5.31368555876734
"4413",2022-03-30 00:01:00,3,338,200,47.8783373013691,5.60868675526693
"4414",2022-03-30 00:01:05,3,338,200,48.2228946364296,5.25093976121128
"4415",2022-03-30 00:01:10,3,338,200,49.2500961910616,5.15270875120272
"4416",2022-03-30 00:01:15,3,338,200,48.2387952775203,5.3374997806191
"4417",2022-03-30 00:01:20,3,338,200,49.7145242221563,5.41680606424181
"4418",2022-03-30 00:01:25,3,338,200,48.684439767759,5.45731141512568
"4419",2022-03-30 00:01:30,3,338,200,49.030285966599,5.26511328195215
"4420",2022-03-30 00:01:35,3,338,200,48.5450983345453,5.43839637874415
"4421",2022-03-30 00:01:40,3,338,200,48.3934610222887,5.45492453585718
"4422",2022-03-30 00:01:45,3,338,200,47.5517047548686,5.35151343219153
"4423",2022-03-30 00:01:50,3,338,200,48.8148307888484,5.17670647271906
"4424",2022-03-30 00:01:55,3,338,200,48.0419756945148,5.24546159106308
"4425",2022-03-30 00:02:00,3,338,200,49.4140622511444,5.40760646215427
"4426",2022-03-30 00:02:05,3,338,200,47.6379225572523,5.53953842253944
"4427",2022-03-30 00:02:10,3,338,200,47.6199857776305,5.60583257415029
"4428",2022-03-30 00:02:15,3,338,200,49.22775620018,6.17749681425362
"4429",2022-03-30 00:02:20,3,338,200,49.5421250413325,5.39972818744344
"4430",2022-03-30 00:02:25,3,338,200,49.5356245608165,5.89793485544433
"4431",2022-03-30 00:02:30,3,338,200,49.7206694371546,6.00501899937759
"4432",2022-03-30 00:02:35,3,338,200,48.8410861996367,5.25208542690916
"4433",2022-03-30 00:02:40,3,338,200,46.3310692038397,5.81190840309012
"4434",2022-03-30 00:02:45,3,338,200,48.2347897968416,5.20817199935527
"4435",2022-03-30 00:02:50,3,338,200,48.4226559754219,5.3524261565726
"4436",2022-03-30 00:02:55,3,338,200,49.0355061160349,5.41001753618268
"4437",2022-03-30 00:03:00,3,338,200,48.0152097248452,5.90967693451797
"4438",2022-03-30 00:03:05,3,338,200,48.6432489248709,5.25781046434587
"4439",2022-03-30 00:03:10,3,338,200,49.5790813675443,5.37608265660749
"4440",2022-03-30 00:03:15,3,338,200,49.5113666087552,5.84598698517779
"4441",2022-03-30 00:03:20,3,338,200,48.2894304594799,5.33462094054625
"4442",2022-03-30 00:03:25,3,338,200,49.7900896838626,4.98651200159024
"4443",2022-03-30 00:03:30,3,338,200,47.5370235332766,5.62460261419767
"4444",2022-03-30 00:03:35,3,338,200,49.9715148786375,5.43645869726798
"4445",2022-03-30 00:03:40,3,338,200,48.007318980552,5.28659481045197
"4446",2022-03-30 00:03:45,3,338,200,49.4855950216016,5.75749979341069
"4447",2022-03-30 00:03:50,3,338,200,49.5825658346071,5.7776235176714
"4448",2022-03-30 00:03:55,3,338,200,49.2044698053778,5.64200736302254
"4449",2022-03-30 00:04:00,3,338,200,48.2455217555802,5.41419098838255
"4450",2022-03-30 00:04:05,3,338,200,48.926612295435,5.51235159003181
"4451",2022-03-30 00:04:10,3,338,200,47.446035706689,5.35670284442755
"4452",2022-03-30 00:04:15,3,338,200,49.1193979716702,6.17809078666552
"4453",2022-03-30 00:04:20,3,338,200,49.9737846430364,5.1323350929985
"4454",2022-03-30 00:04:25,3,338,200,48.9993187154817,5.10733722738753
"4455",2022-03-30 00:04:30,3,338,200,48.9483365312508,5.22588482390995
"4456",2022-03-30 00:04:35,3,338,200,49.3098336173116,5.76075449932674
"4457",2022-03-30 00:04:40,3,338,200,47.4644239085943,5.50804936093266
"4458",2022-03-30 00:04:45,3,338,200,47.840805027185,5.38829069221402
"4459",2022-03-30 00:04:50,3,338,200,48.6724553075051,5.83888345415423
"4460",2022-03-30 00:04:55,3,338,200,47.6350670482767,5.15692855742865
"4461",2022-03-30 00:05:00,3,338,200,47.9263046879246,5.51225871928866
"4462",2022-03-30 00:05:05,3,338,200,49.5420581372074,5.20338778014267
"4463",2022-03-30 00:05:10,3,338,200,48.9304561838507,5.36578660500827
"4464",2022-03-30 00:05:15,3,338,200,50.0829446706688,5.0682904875117
"4465",2022-03-30 00:05:20,3,338,200,47.7597818768711,5.75255582892459
"4466",2022-03-30 00:05:25,3,338,200,48.9582519927913,5.10379631453733
"4467",2022-03-30 00:05:30,3,338,200,49.2123236738466,5.19864565743116
"4468",2022-03-30 00:05:35,3,338,200,49.7785712212467,5.70893739219719
"4469",2022-03-30 00:05:40,3,338,200,48.5234939990483,5.76496025858854
"4470",2022-03-30 00:05:45,3,338,200,48.8383707379091,5.46049132475399
"4471",2022-03-30 00:05:50,3,338,200,48.1554759291492,5.35265185311221
"4472",2022-03-30 00:05:55,3,338,200,48.3492240883898,5.91093789907592
"4473",2022-03-30 00:06:00,3,338,200,49.2288704407337,5.43463995864849
"4474",2022-03-30 00:06:05,3,338,200,48.7827891641847,5.50179193633158
"4475",2022-03-30 00:06:10,3,338,200,49.2241211881959,5.48060204314761
"4476",2022-03-30 00:06:15,3,338,200,50.3445788142773,5.63319531880854
"4477",2022-03-30 00:06:20,3,338,200,50.2327281894131,5.69566251845984
"4478",2022-03-30 00:06:25,3,338,200,49.2343141811369,5.54746408958674
"4479",2022-03-30 00:06:30,3,338,200,47.7895826874629,5.11744369981486
"4480",2022-03-30 00:06:35,3,338,200,48.3231097612029,5.41578377507134
"4481",2022-03-30 00:06:40,3,338,200,49.5437579978321,5.53672676222519
"4482",2022-03-30 00:06:45,3,338,200,48.6848944839516,4.99125576509392
"4483",2022-03-30 00:06:50,3,338,200,47.0448451806176,5.1396602598429
"4484",2022-03-30 00:06:55,3,338,200,47.8444318103382,5.83814769346209
"4485",2022-03-30 00:07:00,3,338,200,48.5215899927378,5.2865069466795
"4486",2022-03-30 00:07:05,3,338,200,49.2351696162617,5.45511964959849
"4487",2022-03-30 00:07:10,3,338,200,48.8973192250743,5.25361135679905
"4488",2022-03-30 00:07:15,3,338,200,49.2002581364639,5.8114212369458
"4489",2022-03-30 00:07:20,3,338,200,48.6376417829617,5.85172163800534
"4490",2022-03-30 00:07:25,3,338,200,47.5134428355204,5.53771039505512
"4491",2022-03-30 00:07:30,3,338,200,48.5570174995691,5.82187845099109
"4492",2022-03-30 00:07:35,3,338,200,48.0921300334872,5.54688928929801
"4493",2022-03-30 00:07:40,3,338,200,47.3696452720438,5.56421882375255
"4494",2022-03-30 00:07:45,3,338,200,48.8943686400581,5.46214458518283
"4495",2022-03-30 00:07:50,3,338,200,49.1893182502956,5.08479656588565
"4496",2022-03-30 00:07:55,3,338,200,50.1235888869308,5.43424149746154
"4497",2022-03-30 00:08:00,3,338,200,47.9841868408658,5.94130694429715
"4498",2022-03-30 00:08:05,3,338,200,48.6123432968049,5.11719287507758
"4499",2022-03-30 00:08:10,3,338,200,48.6185207528073,5.3447016808874
"4500",2022-03-30 00:08:15,3,338,200,49.1924817418699,5.59994096863206
"4501",2022-03-30 00:08:20,3,338,200,48.3957854453749,5.36953015524563
"4502",2022-03-30 00:08:25,3,338,200,48.5553206551616,5.77453064519137
"4503",2022-03-30 00:08:30,3,338,200,49.2967316331822,5.14622125855139
"4504",2022-03-30 00:08:35,3,338,200,47.8567844077254,5.15516385947153
"4505",2022-03-30 00:08:40,3,338,200,48.7026158901318,5.72468163085132
"4506",2022-03-30 00:08:45,3,338,200,48.9692213053427,5.66948121768421
"4507",2022-03-30 00:08:50,3,338,200,48.2983448237755,5.33449826803534
"4508",2022-03-30 00:08:55,3,338,200,48.9986291425953,5.51044509590624
"4509",2022-03-30 00:09:00,3,338,200,47.9588682378071,5.48500056046763
"4510",2022-03-30 00:09:05,3,338,200,49.3436460123943,5.71394613242239
"4511",2022-03-30 00:09:10,3,338,200,48.8261441374668,5.60769801007179
"4512",2022-03-30 00:09:15,3,338,200,47.8851197407723,5.71922439176898
"4513",2022-03-30 00:09:20,3,338,200,49.6434701443011,5.71110083490942
"4514",2022-03-30 00:09:25,3,338,200,48.0073187300185,5.42173209379922
"4515",2022-03-30 00:09:30,3,338,200,48.6709599104729,5.52148944088947
"4516",2022-03-30 00:09:35,3,338,200,46.3339854553279,5.66448699000327
"4517",2022-03-30 00:09:40,3,338,200,48.9045738923534,5.98193171546096
"4518",2022-03-30 00:09:45,3,338,200,47.8187562848167,5.34437553592521
"4519",2022-03-30 00:09:50,3,338,200,49.1796195243329,5.78958582741075
"4520",2022-03-30 00:09:55,3,338,200,48.7421053496656,5.67375183797675
"4521",2022-03-30 00:10:00,3,338,200,48.9136777885236,5.33757887848075
"4522",2022-03-30 00:10:05,3,338,200,46.7041891827527,5.40411571071976
"4523",2022-03-30 00:10:10,3,338,200,47.478059146443,5.46180347657038
"4524",2022-03-30 00:10:15,3,338,200,49.0107456006283,5.67663528904178
"4525",2022-03-30 00:10:20,3,338,200,48.1843415444801,5.70148881914833
"4526",2022-03-30 00:10:25,3,338,200,46.7331844603403,5.49652281949777
"4527",2022-03-30 00:10:30,3,338,200,48.714170211863,5.4437300589133
"4528",2022-03-30 00:10:35,3,338,200,50.2213807667323,5.61315330373672
"4529",2022-03-30 00:10:40,3,338,200,49.2661758141117,5.86778170470379
"4530",2022-03-30 00:10:45,3,338,200,48.5806235491811,5.50617486587174
"4531",2022-03-30 00:10:50,3,338,200,48.642165367222,5.36252918128054
"4532",2022-03-30 00:10:55,3,338,200,48.8503493797382,5.6827212683083
"4533",2022-03-30 00:11:00,3,338,200,49.4068273471359,5.88221379065011
"4534",2022-03-30 00:11:05,3,338,200,50.0154681435929,5.63517954063774
"4535",2022-03-30 00:11:10,3,338,200,47.9345541007142,5.64284094837818
"4536",2022-03-30 00:11:15,3,338,200,49.1545085891054,5.6237151894064
"4537",2022-03-30 00:11:20,3,338,200,47.9491379216043,5.58937689572202
"4538",2022-03-30 00:11:25,3,338,200,48.0462231119847,5.51465115317898
"4539",2022-03-30 00:11:30,3,338,200,49.3006794990485,5.29697806518786
"4540",2022-03-30 00:11:35,3,338,200,49.7061092050847,5.77611584200244
"4541",2022-03-30 00:11:40,3,338,200,49.9940796494819,5.55205272200774
"4542",2022-03-30 00:11:45,3,338,200,49.3229740384863,5.28208311675937
"4543",2022-03-30 00:11:50,3,338,200,50.2258507345585,5.40524255382268
"4544",2022-03-30 00:11:55,3,338,200,48.3671736210395,5.75800566789189
"4545",2022-03-30 00:12:00,3,338,200,47.6806667271573,5.17556641351117
"4546",2022-03-30 00:12:05,3,338,200,48.91461872624,4.89139769611782
"4547",2022-03-30 00:12:10,3,338,200,50.7030234030173,5.36634132769405
"4548",2022-03-30 00:12:15,3,338,200,48.409704164969,5.7060266882446
"4549",2022-03-30 00:12:20,3,338,200,48.4554867136979,6.07470334432842
"4550",2022-03-30 00:12:25,3,338,200,48.7377835008458,5.38611393762652
"4551",2022-03-30 00:12:30,3,338,200,49.7453419913105,5.29723047856612
"4552",2022-03-30 00:12:35,3,338,200,47.4097194248196,5.52665753260587
"4553",2022-03-30 00:12:40,3,338,200,47.2206398292422,5.48118088466525
"4554",2022-03-30 00:12:45,3,338,200,49.4777152379046,5.3585450163622
"4555",2022-03-30 00:12:50,3,338,200,49.955651510934,5.48345882195456
"4556",2022-03-30 00:12:55,3,338,200,49.2590230113779,5.14914134129818
"4557",2022-03-30 00:13:00,3,338,200,48.0762030576935,5.08354615629012
"4558",2022-03-30 00:13:05,3,338,200,48.9012773112015,5.48659113614087
"4559",2022-03-30 00:13:10,3,338,200,48.3322207116978,5.27799861673582
"4560",2022-03-30 00:13:15,3,338,200,46.6097421620334,5.63104077514098
"4561",2022-03-30 00:13:20,3,338,200,49.3285361749966,5.37090030386332
"4562",2022-03-30 00:13:25,3,338,200,48.6056419878226,5.39556016745823
"4563",2022-03-30 00:13:30,3,338,200,48.2506199236395,5.46600859325252
"4564",2022-03-30 00:13:35,3,338,200,48.7449873303691,5.62074573997403
"4565",2022-03-30 00:13:40,3,338,200,48.7007408331064,5.5770307934241
"4566",2022-03-30 00:13:45,3,338,200,48.3931648303942,5.4087006772331
"4567",2022-03-30 00:13:50,3,338,200,49.2390350179314,5.79121384443935
"4568",2022-03-30 00:13:55,3,338,200,48.1011972530568,5.73003999048158
"4569",2022-03-30 00:14:00,3,338,200,48.863613588674,5.60413286438886
"4570",2022-03-30 00:14:05,3,338,200,49.095925326553,5.38529481019704
"4571",2022-03-30 00:14:10,3,338,200,50.3105686563443,6.25298131249578
"4572",2022-03-30 00:14:15,3,338,200,48.1025240856051,5.22488526901328
"4573",2022-03-30 00:14:20,3,338,200,48.4609208089374,5.83211280449169
"4574",2022-03-30 00:14:25,3,338,200,48.2291535262996,5.74662426507353
"4575",2022-03-30 00:14:30,3,338,200,49.1960159643869,5.16046320713926
"4576",2022-03-30 00:14:35,3,338,200,48.4342751207414,5.41366048301659
"4577",2022-03-30 00:14:40,3,338,200,48.6104632620228,5.30600016936106
"4578",2022-03-30 00:14:45,3,338,200,49.3819376784848,5.87141837364954
"4579",2022-03-30 00:14:50,3,338,200,48.6216509354168,5.39784006476379
"4580",2022-03-30 00:14:55,3,338,200,48.9064782167956,5.4950518771901
"4581",2022-03-30 00:15:00,3,338,200,48.8259601264907,5.40565090543647
"4582",2022-03-30 00:15:05,3,338,200,47.4250051060626,5.39167779255345
"4583",2022-03-30 00:15:10,3,338,200,49.4210597700228,5.87102132455561
"4584",2022-03-30 00:15:15,3,338,200,48.9704488789778,5.59860818997064
"4585",2022-03-30 00:15:20,3,338,200,47.4542635325391,5.48871143327022
"4586",2022-03-30 00:15:25,3,338,200,48.6361593310964,5.77391365538532
"4587",2022-03-30 00:15:30,3,338,200,47.8274680929031,6.0963431277764
"4588",2022-03-30 00:15:35,3,338,200,48.5488486944333,5.41706007531678
"4589",2022-03-30 00:15:40,3,338,200,48.4829845380296,5.51899181842904
"4590",2022-03-30 00:15:45,3,338,200,49.2889934533384,5.02635789484381
"4591",2022-03-30 00:15:50,3,338,200,49.3178343013161,5.32068493535159
"4592",2022-03-30 00:15:55,3,338,200,49.2217819646982,5.11600554555476
"4593",2022-03-30 00:16:00,3,338,200,48.4742050149705,5.35990943907947
"4594",2022-03-30 00:16:05,3,338,200,49.0257880328187,5.82558665846891
"4595",2022-03-30 00:16:10,3,338,200,47.6818459231382,5.54285879848791
"4596",2022-03-30 00:16:15,3,338,200,49.2594965841007,5.11191724436712
"4597",2022-03-30 00:16:20,3,338,200,48.688261417706,5.7693744459839
"4598",2022-03-30 00:16:25,3,338,200,48.6263722171344,5.03006345221018
"4599",2022-03-30 00:16:30,3,338,200,48.4299086906304,5.23133926074017
"4600",2022-03-30 00:16:35,3,338,200,48.8916951181877,5.64583775010461
"4601",2022-03-31 00:00:00,3,338,300,48.7911416503562,5.01989978697298
"4602",2022-03-31 00:00:05,3,338,300,48.3911093518987,4.83041839085212
"4603",2022-03-31 00:00:10,3,338,300,48.6971690734403,5.08698627111535
"4604",2022-03-31 00:00:15,3,338,300,47.7315597144781,4.89733557345599
"4605",2022-03-31 00:00:20,3,338,300,47.5262710153799,4.81334119510886
"4606",2022-03-31 00:00:25,3,338,300,48.5586051214373,4.86999245542156
"4607",2022-03-31 00:00:30,3,338,300,47.1941638919218,4.83133101143874
"4608",2022-03-31 00:00:35,3,338,300,49.3306110831462,4.61028542041343
"4609",2022-03-31 00:00:40,3,338,300,48.0516664648307,4.50923770153419
"4610",2022-03-31 00:00:45,3,338,300,48.520754561787,4.46662836498878
"4611",2022-03-31 00:00:50,3,338,300,49.7375728828407,4.83515939326238
"4612",2022-03-31 00:00:55,3,338,300,47.6468783629242,4.85049635944896
"4613",2022-03-31 00:01:00,3,338,300,48.5214809702924,4.72029957812819
"4614",2022-03-31 00:01:05,3,338,300,49.2848581994663,4.57557323148029
"4615",2022-03-31 00:01:10,3,338,300,48.3264799622438,5.12423819874641
"4616",2022-03-31 00:01:15,3,338,300,49.3353396399223,4.95000331692339
"4617",2022-03-31 00:01:20,3,338,300,49.1095035328105,4.57536109374415
"4618",2022-03-31 00:01:25,3,338,300,48.7683807671374,4.66286874076776
"4619",2022-03-31 00:01:30,3,338,300,49.5127101307702,5.03416090993301
"4620",2022-03-31 00:01:35,3,338,300,49.0152440130355,4.97996276437009
"4621",2022-03-31 00:01:40,3,338,300,48.4355426485456,4.89374692244385
"4622",2022-03-31 00:01:45,3,338,300,48.2073123576777,4.80097801371311
"4623",2022-03-31 00:01:50,3,338,300,48.3893353959882,4.92198601376113
"4624",2022-03-31 00:01:55,3,338,300,47.7329860630276,4.88956237533877
"4625",2022-03-31 00:02:00,3,338,300,48.9384765639834,4.58274498314168
"4626",2022-03-31 00:02:05,3,338,300,50.0724079741321,4.51211293759634
"4627",2022-03-31 00:02:10,3,338,300,48.0654162606902,4.39193309407605
"4628",2022-03-31 00:02:15,3,338,300,48.1409713316608,5.17952365554923
"4629",2022-03-31 00:02:20,3,338,300,48.3445063412686,4.8400678636954
"4630",2022-03-31 00:02:25,3,338,300,48.74663957815,4.94681508741537
"4631",2022-03-31 00:02:30,3,338,300,48.0901686646202,5.00561419738637
"4632",2022-03-31 00:02:35,3,338,300,47.5601030628548,5.17114340960183
"4633",2022-03-31 00:02:40,3,338,300,49.7432704285003,5.10918386375881
"4634",2022-03-31 00:02:45,3,338,300,48.6484075040885,4.75151356403706
"4635",2022-03-31 00:02:50,3,338,300,48.3155774874087,4.44704994085585
"4636",2022-03-31 00:02:55,3,338,300,48.6313396910959,4.83533469560513
"4637",2022-03-31 00:03:00,3,338,300,48.2905318215506,4.49448240894188
"4638",2022-03-31 00:03:05,3,338,300,48.4562381884539,4.66250629155269
"4639",2022-03-31 00:03:10,3,338,300,48.8907088922775,4.95650374343602
"4640",2022-03-31 00:03:15,3,338,300,49.1153906356079,5.07163835803854
"4641",2022-03-31 00:03:20,3,338,300,48.3159232215103,4.73953374265954
"4642",2022-03-31 00:03:25,3,338,300,48.6645329654582,4.76866194857073
"4643",2022-03-31 00:03:30,3,338,300,48.3149627589593,4.82372074862195
"4644",2022-03-31 00:03:35,3,338,300,48.8587797264712,4.96089805283171
"4645",2022-03-31 00:03:40,3,338,300,48.6103292222645,4.90308588253287
"4646",2022-03-31 00:03:45,3,338,300,48.3478370028445,4.98796368742807
"4647",2022-03-31 00:03:50,3,338,300,48.8034305343695,4.59445452546741
"4648",2022-03-31 00:03:55,3,338,300,48.1461037227595,5.29289024902157
"4649",2022-03-31 00:04:00,3,338,300,48.6276149469075,4.92602991322333
"4650",2022-03-31 00:04:05,3,338,300,47.445519597691,5.03828488296417
"4651",2022-03-31 00:04:10,3,338,300,47.3151761503579,5.05386571813226
"4652",2022-03-31 00:04:15,3,338,300,48.4028516165321,4.94148411735905
"4653",2022-03-31 00:04:20,3,338,300,49.701731221421,4.72023690191958
"4654",2022-03-31 00:04:25,3,338,300,48.9535185455247,4.55774295135286
"4655",2022-03-31 00:04:30,3,338,300,49.6096837051844,4.65557574222636
"4656",2022-03-31 00:04:35,3,338,300,48.1330003925346,4.84864014386026
"4657",2022-03-31 00:04:40,3,338,300,47.8570958612659,4.636609638236
"4658",2022-03-31 00:04:45,3,338,300,48.5858992269364,5.02208668933498
"4659",2022-03-31 00:04:50,3,338,300,49.3022731342299,4.42058713394933
"4660",2022-03-31 00:04:55,3,338,300,49.1640144990652,4.56101534390755
"4661",2022-03-31 00:05:00,3,338,300,47.9409254241604,4.70545665133897
"4662",2022-03-31 00:05:05,3,338,300,48.4077132998397,4.625267315133
"4663",2022-03-31 00:05:10,3,338,300,48.5976115577628,4.79344266351253
"4664",2022-03-31 00:05:15,3,338,300,47.6873594298508,4.70148038040346
"4665",2022-03-31 00:05:20,3,338,300,48.8517179100177,4.41701249694345
"4666",2022-03-31 00:05:25,3,338,300,48.4832073083088,4.62982216712605
"4667",2022-03-31 00:05:30,3,338,300,49.0990593674899,4.48002562976432
"4668",2022-03-31 00:05:35,3,338,300,47.6990522081209,4.4752182292834
"4669",2022-03-31 00:05:40,3,338,300,48.9884699342629,5.16998227925831
"4670",2022-03-31 00:05:45,3,338,300,48.7790573491411,4.46805800042782
"4671",2022-03-31 00:05:50,3,338,300,48.4822736536437,4.25634927920149
"4672",2022-03-31 00:05:55,3,338,300,48.9071663787253,4.68962769579478
"4673",2022-03-31 00:06:00,3,338,300,50.0590949296809,5.21395526412103
"4674",2022-03-31 00:06:05,3,338,300,49.3076467171324,4.60619679339934
"4675",2022-03-31 00:06:10,3,338,300,48.1411675391531,5.12477490845641
"4676",2022-03-31 00:06:15,3,338,300,48.6792244615088,4.84328592073147
"4677",2022-03-31 00:06:20,3,338,300,49.1336397688604,4.63570582874039
"4678",2022-03-31 00:06:25,3,338,300,48.425820380424,4.74433316577529
"4679",2022-03-31 00:06:30,3,338,300,50.6824290821909,4.39265074485946
"4680",2022-03-31 00:06:35,3,338,300,48.3317762715175,4.36771270526964
"4681",2022-03-31 00:06:40,3,338,300,48.9795795810794,4.6238641380448
"4682",2022-03-31 00:06:45,3,338,300,49.1245340431144,4.68492707459177
"4683",2022-03-31 00:06:50,3,338,300,48.8270418774044,4.51910429442764
"4684",2022-03-31 00:06:55,3,338,300,48.3722295645766,4.86923305190405
"4685",2022-03-31 00:07:00,3,338,300,47.8052068638247,4.74916625167112
"4686",2022-03-31 00:07:05,3,338,300,49.008180521685,4.97514908021996
"4687",2022-03-31 00:07:10,3,338,300,48.3358844753,4.70511133225613
"4688",2022-03-31 00:07:15,3,338,300,49.9732143677305,4.60835102990038
"4689",2022-03-31 00:07:20,3,338,300,48.0128317854296,4.45793603003661
"4690",2022-03-31 00:07:25,3,338,300,49.0329482505846,5.04671181810777
"4691",2022-03-31 00:07:30,3,338,300,47.2918814826223,4.82089636193933
"4692",2022-03-31 00:07:35,3,338,300,47.9463841508782,4.95747605479452
"4693",2022-03-31 00:07:40,3,338,300,48.1782809819522,5.01459563563199
"4694",2022-03-31 00:07:45,3,338,300,49.1344224274174,4.70999916378345
"4695",2022-03-31 00:07:50,3,338,300,49.8528011097946,4.74530408107005
"4696",2022-03-31 00:07:55,3,338,300,50.0440084156916,5.17914720377782
"4697",2022-03-31 00:08:00,3,338,300,48.5140691401367,4.6057450030226
"4698",2022-03-31 00:08:05,3,338,300,48.9143560864973,4.82427520428983
"4699",2022-03-31 00:08:10,3,338,300,49.3246864289742,5.11603883199256
"4700",2022-03-31 00:08:15,3,338,300,48.3518211118818,4.58118298844001
"4701",2022-03-31 00:08:20,3,338,300,49.4963125198785,4.69499034100896
"4702",2022-03-31 00:08:25,3,338,300,48.2986755825868,5.57054484875699
"4703",2022-03-31 00:08:30,3,338,300,48.6856420692109,5.19032771467117
"4704",2022-03-31 00:08:35,3,338,300,47.1039308151733,5.31457109551304
"4705",2022-03-31 00:08:40,3,338,300,48.1972812743664,4.6533248466154
"4706",2022-03-31 00:08:45,3,338,300,47.7464765859042,4.96860651523076
"4707",2022-03-31 00:08:50,3,338,300,48.4668562312666,4.98307467695318
"4708",2022-03-31 00:08:55,3,338,300,50.025023170075,4.3994630003567
"4709",2022-03-31 00:09:00,3,338,300,49.241967670767,5.15727192651167
"4710",2022-03-31 00:09:05,3,338,300,47.7411115786713,4.76907957868065
"4711",2022-03-31 00:09:10,3,338,300,48.9405604308594,4.88370710891117
"4712",2022-03-31 00:09:15,3,338,300,49.0909241983715,5.13032048306648
"4713",2022-03-31 00:09:20,3,338,300,48.0666016448779,5.38748072449309
"4714",2022-03-31 00:09:25,3,338,300,47.6561118667883,4.919857678782
"4715",2022-03-31 00:09:30,3,338,300,48.2188404099671,4.2933584544221
"4716",2022-03-31 00:09:35,3,338,300,48.8432175297332,5.20452479551645
"4717",2022-03-31 00:09:40,3,338,300,48.4685621111779,4.78464321665122
"4718",2022-03-31 00:09:45,3,338,300,49.0539280524704,5.12164962398013
"4719",2022-03-31 00:09:50,3,338,300,49.9353951148788,4.86374369685309
"4720",2022-03-31 00:09:55,3,338,300,48.7581665259047,4.82104770116612
"4721",2022-03-31 00:10:00,3,338,300,49.2075623061797,4.58104280148944
"4722",2022-03-31 00:10:05,3,338,300,49.0729395773929,4.8574526221127
"4723",2022-03-31 00:10:10,3,338,300,47.9594482910495,5.02384643727091
"4724",2022-03-31 00:10:15,3,338,300,48.8222284703884,4.93037605400341
"4725",2022-03-31 00:10:20,3,338,300,48.4666475407603,4.9925098124301
"4726",2022-03-31 00:10:25,3,338,300,49.1070095126697,5.08809135777286
"4727",2022-03-31 00:10:30,3,338,300,48.5951999245245,4.70755926976751
"4728",2022-03-31 00:10:35,3,338,300,49.1737625588429,5.12929713008279
"4729",2022-03-31 00:10:40,3,338,300,48.1227156599353,4.58462351261649
"4730",2022-03-31 00:10:45,3,338,300,48.3312620454615,4.55764456392543
"4731",2022-03-31 00:10:50,3,338,300,48.3908175480031,5.16887582583666
"4732",2022-03-31 00:10:55,3,338,300,48.649404181261,4.72618242154672
"4733",2022-03-31 00:11:00,3,338,300,49.3868058319716,5.05422980138081
"4734",2022-03-31 00:11:05,3,338,300,50.0221285741567,4.77792014277969
"4735",2022-03-31 00:11:10,3,338,300,47.9586459389808,4.50854222021851
"4736",2022-03-31 00:11:15,3,338,300,48.999537101855,4.59910921678311
"4737",2022-03-31 00:11:20,3,338,300,49.2419560934772,4.66634423308459
"4738",2022-03-31 00:11:25,3,338,300,48.3647117113629,4.72969886326703
"4739",2022-03-31 00:11:30,3,338,300,48.5374253153762,5.04034671575213
"4740",2022-03-31 00:11:35,3,338,300,48.8981667441094,5.32267078062627
"4741",2022-03-31 00:11:40,3,338,300,49.049015755058,4.89527634811037
"4742",2022-03-31 00:11:45,3,338,300,48.4721635062945,4.91960720749973
"4743",2022-03-31 00:11:50,3,338,300,48.7521275518325,4.66109076297122
"4744",2022-03-31 00:11:55,3,338,300,47.3440400687147,4.85121706931772
"4745",2022-03-31 00:12:00,3,338,300,49.4782804060801,5.3866576889055
"4746",2022-03-31 00:12:05,3,338,300,48.0436972098457,4.58107471721215
"4747",2022-03-31 00:12:10,3,338,300,47.9243762668712,4.82233751328291
"4748",2022-03-31 00:12:15,3,338,300,47.506963618634,4.91162632398432
"4749",2022-03-31 00:12:20,3,338,300,49.0721845068013,4.97609203864053
"4750",2022-03-31 00:12:25,3,338,300,48.1417526551997,4.93846566201521
"4751",2022-03-31 00:12:30,3,338,300,49.6009543348673,5.18877622144169
"4752",2022-03-31 00:12:35,3,338,300,49.2790260729241,4.89093843354996
"4753",2022-03-31 00:12:40,3,338,300,49.6405724766311,4.81479211047431
"4754",2022-03-31 00:12:45,3,338,300,49.4853124757022,4.90554687887312
"4755",2022-03-31 00:12:50,3,338,300,49.5323104557812,5.07185188276332
"4756",2022-03-31 00:12:55,3,338,300,48.7442491947966,5.52280693370493
"4757",2022-03-31 00:13:00,3,338,300,48.4057469792806,4.22714211543391
"4758",2022-03-31 00:13:05,3,338,300,47.988153986276,4.5608784691923
"4759",2022-03-31 00:13:10,3,338,300,49.0881506327531,5.23401449041564
"4760",2022-03-31 00:13:15,3,338,300,47.9846696361306,4.93709732106354
"4761",2022-03-31 00:13:20,3,338,300,48.6119689084552,5.06368930464198
"4762",2022-03-31 00:13:25,3,338,300,49.113528718199,4.97311481500464
"4763",2022-03-31 00:13:30,3,338,300,49.1666179694879,4.71934848188067
"4764",2022-03-31 00:13:35,3,338,300,48.690869072096,4.91605956785195
"4765",2022-03-31 00:13:40,3,338,300,48.8296911831907,5.10652954153707
"4766",2022-03-31 00:13:45,3,338,300,49.118521860329,4.35071920573875
"4767",2022-03-31 00:13:50,3,338,300,48.4178192344977,4.95029549559972
"4768",2022-03-31 00:13:55,3,338,300,48.1355870758463,4.87586481743444
"4769",2022-03-31 00:14:00,3,338,300,48.8062283296805,4.41773187342173
"4770",2022-03-31 00:14:05,3,338,300,47.8682777525522,4.52144797693468
"4771",2022-03-31 00:14:10,3,338,300,48.659102970119,4.61731673973195
"4772",2022-03-31 00:14:15,3,338,300,47.6398340047737,4.55952378414734
"4773",2022-03-31 00:14:20,3,338,300,48.13908173553,4.55644701501625
"4774",2022-03-31 00:14:25,3,338,300,48.221534998798,4.62158810123841
"4775",2022-03-31 00:14:30,3,338,300,48.8125751435829,4.64357134178241
"4776",2022-03-31 00:14:35,3,338,300,48.8940263266052,4.30086483341379
"4777",2022-03-31 00:14:40,3,338,300,48.8241883189256,4.57605215848727
"4778",2022-03-31 00:14:45,3,338,300,48.8480908976461,4.60218111600507
"4779",2022-03-31 00:14:50,3,338,300,49.2658774258158,4.63996065511376
"4780",2022-03-31 00:14:55,3,338,300,48.4306399664863,5.05060148465367
"4781",2022-03-31 00:15:00,3,338,300,48.1967475866104,4.68150110688093
"4782",2022-03-31 00:15:05,3,338,300,50.0207494980709,4.70420298232985
"4783",2022-03-31 00:15:10,3,338,300,48.4078694393021,4.83058221121756
"4784",2022-03-31 00:15:15,3,338,300,48.5155956838362,4.65190561391499
"4785",2022-03-31 00:15:20,3,338,300,49.2516495129456,4.85209918412705
"4786",2022-03-31 00:15:25,3,338,300,47.6157338062658,4.95572969244993
"4787",2022-03-31 00:15:30,3,338,300,48.5712621978597,4.89156772299035
"4788",2022-03-31 00:15:35,3,338,300,47.9006193561094,4.87672105153459
"4789",2022-03-31 00:15:40,3,338,300,48.188995883114,4.64064467824326
"4790",2022-03-31 00:15:45,3,338,300,48.4780012893528,4.83772098649779
"4791",2022-03-31 00:15:50,3,338,300,49.6809799870375,5.06741201101724
"4792",2022-03-31 00:15:55,3,338,300,48.8634298370234,4.62217853176554
"4793",2022-03-31 00:16:00,3,338,300,48.9037055180209,4.77124709023496
"4794",2022-03-31 00:16:05,3,338,300,48.7270825348855,5.12297799239401
"4795",2022-03-31 00:16:10,3,338,300,48.8654865140915,5.00967223829721
"4796",2022-03-31 00:16:15,3,338,300,48.856103229757,4.73999968893643
"4797",2022-03-31 00:16:20,3,338,300,49.3492318327165,5.0026878483388
"4798",2022-03-31 00:16:25,3,338,300,48.7467025915267,4.6652265345195
"4799",2022-03-31 00:16:30,3,338,300,48.644150707886,4.2700916246308
"4800",2022-03-31 00:16:35,3,338,300,48.5706546816234,4.90498194327116
"4801",2022-04-01 00:00:00,3,373,100,47.501085886845,5.81045568706798
"4802",2022-04-01 00:00:05,3,373,100,49.3176346699852,5.89686783044243
"4803",2022-04-01 00:00:10,3,373,100,49.122670641022,5.95895210936987
"4804",2022-04-01 00:00:15,3,373,100,47.9156581861908,6.45273250759686
"4805",2022-04-01 00:00:20,3,373,100,48.4702260037586,6.16570780393397
"4806",2022-04-01 00:00:25,3,373,100,48.7252532020577,6.51286671809792
"4807",2022-04-01 00:00:30,3,373,100,47.8451084518363,6.11233415255921
"4808",2022-04-01 00:00:35,3,373,100,48.5612181232812,6.22505051317123
"4809",2022-04-01 00:00:40,3,373,100,49.4608130397394,6.16639427337455
"4810",2022-04-01 00:00:45,3,373,100,48.2754256262798,6.2258641368426
"4811",2022-04-01 00:00:50,3,373,100,48.1339476817401,5.98991418468012
"4812",2022-04-01 00:00:55,3,373,100,47.6697398392097,5.98589846886465
"4813",2022-04-01 00:01:00,3,373,100,49.1721262810127,6.3621929722198
"4814",2022-04-01 00:01:05,3,373,100,48.4107730196695,6.05828314053167
"4815",2022-04-01 00:01:10,3,373,100,48.2888140908432,6.20889124604462
"4816",2022-04-01 00:01:15,3,373,100,47.3281925696567,5.56537423643135
"4817",2022-04-01 00:01:20,3,373,100,49.3616128062512,5.97092704538001
"4818",2022-04-01 00:01:25,3,373,100,50.1809880823398,5.60456364315793
"4819",2022-04-01 00:01:30,3,373,100,47.8681557782551,5.76750424896183
"4820",2022-04-01 00:01:35,3,373,100,48.7300947612156,6.09412092250645
"4821",2022-04-01 00:01:40,3,373,100,47.6356787291274,6.22544163600311
"4822",2022-04-01 00:01:45,3,373,100,48.8225881821586,5.95297233685006
"4823",2022-04-01 00:01:50,3,373,100,47.5593377180156,6.08301615092836
"4824",2022-04-01 00:01:55,3,373,100,48.2737187297855,5.91548009929231
"4825",2022-04-01 00:02:00,3,373,100,48.4374027312081,6.30693286840065
"4826",2022-04-01 00:02:05,3,373,100,49.4465958499161,6.31395061896022
"4827",2022-04-01 00:02:10,3,373,100,48.0459499325585,6.21392078046845
"4828",2022-04-01 00:02:15,3,373,100,49.2283206402531,6.3178976957418
"4829",2022-04-01 00:02:20,3,373,100,49.3490613719683,6.51611048417899
"4830",2022-04-01 00:02:25,3,373,100,48.6047300001875,6.0990853888387
"4831",2022-04-01 00:02:30,3,373,100,48.5932108508986,6.36691926132593
"4832",2022-04-01 00:02:35,3,373,100,48.5929924986569,5.82213568879043
"4833",2022-04-01 00:02:40,3,373,100,49.2115674101828,6.09502578441544
"4834",2022-04-01 00:02:45,3,373,100,48.0040184338316,6.03484203346991
"4835",2022-04-01 00:02:50,3,373,100,49.0652786021908,6.1775056989018
"4836",2022-04-01 00:02:55,3,373,100,48.3668684298099,6.00740888244753
"4837",2022-04-01 00:03:00,3,373,100,48.2841867820709,5.97626162116022
"4838",2022-04-01 00:03:05,3,373,100,48.7160492758364,5.73435001037673
"4839",2022-04-01 00:03:10,3,373,100,47.8637542269559,5.96516506896065
"4840",2022-04-01 00:03:15,3,373,100,48.4406214435239,6.32915347834109
"4841",2022-04-01 00:03:20,3,373,100,47.1295046416882,5.98443850332407
"4842",2022-04-01 00:03:25,3,373,100,48.0850875198696,6.57727177136009
"4843",2022-04-01 00:03:30,3,373,100,48.125058435718,6.37787589769916
"4844",2022-04-01 00:03:35,3,373,100,49.0744537983303,6.13889739273751
"4845",2022-04-01 00:03:40,3,373,100,47.3011986661742,6.70698110508586
"4846",2022-04-01 00:03:45,3,373,100,48.4470018311073,6.12936839419723
"4847",2022-04-01 00:03:50,3,373,100,49.1105286541748,6.23898852875531
"4848",2022-04-01 00:03:55,3,373,100,48.2142286610981,5.96895647325133
"4849",2022-04-01 00:04:00,3,373,100,47.0561999686616,6.11617292243597
"4850",2022-04-01 00:04:05,3,373,100,48.8830389459214,6.2435706305513
"4851",2022-04-01 00:04:10,3,373,100,49.2255504510081,6.27563839749802
"4852",2022-04-01 00:04:15,3,373,100,48.7869987242689,5.70547263834183
"4853",2022-04-01 00:04:20,3,373,100,48.5114740969895,6.54455168856061
"4854",2022-04-01 00:04:25,3,373,100,48.0901560156253,6.59688940472291
"4855",2022-04-01 00:04:30,3,373,100,49.6458219866142,6.2182823554972
"4856",2022-04-01 00:04:35,3,373,100,49.419981705429,6.17884992234359
"4857",2022-04-01 00:04:40,3,373,100,48.1962166838258,5.86990277035418
"4858",2022-04-01 00:04:45,3,373,100,47.7509021089848,6.41639362343245
"4859",2022-04-01 00:04:50,3,373,100,49.4951291436562,6.19070430318362
"4860",2022-04-01 00:04:55,3,373,100,49.1276077913654,6.13734303618818
"4861",2022-04-01 00:05:00,3,373,100,49.4351658521764,6.31880508553941
"4862",2022-04-01 00:05:05,3,373,100,47.7782982479913,6.50278955499434
"4863",2022-04-01 00:05:10,3,373,100,47.9048729057793,6.24591270722997
"4864",2022-04-01 00:05:15,3,373,100,48.7914912750239,6.18844208331837
"4865",2022-04-01 00:05:20,3,373,100,49.0203203048451,6.25919634269976
"4866",2022-04-01 00:05:25,3,373,100,49.5428781975603,6.04701090721947
"4867",2022-04-01 00:05:30,3,373,100,49.9896099027507,5.7834477627452
"4868",2022-04-01 00:05:35,3,373,100,49.4062325073739,6.49541747161031
"4869",2022-04-01 00:05:40,3,373,100,49.3259301602544,5.95572906468971
"4870",2022-04-01 00:05:45,3,373,100,49.0754911081116,6.30225997436284
"4871",2022-04-01 00:05:50,3,373,100,47.4884001646637,6.6756501770682
"4872",2022-04-01 00:05:55,3,373,100,48.1641885619932,6.23393357381335
"4873",2022-04-01 00:06:00,3,373,100,48.4083703118199,6.18528433287
"4874",2022-04-01 00:06:05,3,373,100,48.0768970432752,6.16312066294866
"4875",2022-04-01 00:06:10,3,373,100,48.9071759156274,6.21892061296988
"4876",2022-04-01 00:06:15,3,373,100,48.9321008758495,6.23503053522864
"4877",2022-04-01 00:06:20,3,373,100,48.1866052123455,6.58451167647105
"4878",2022-04-01 00:06:25,3,373,100,47.7274837159009,6.06676466959384
"4879",2022-04-01 00:06:30,3,373,100,47.4304896602757,6.42411443565379
"4880",2022-04-01 00:06:35,3,373,100,48.4232807125729,6.1241727928086
"4881",2022-04-01 00:06:40,3,373,100,48.2781876959631,6.3218619159518
"4882",2022-04-01 00:06:45,3,373,100,49.3549749178823,6.11946796123073
"4883",2022-04-01 00:06:50,3,373,100,49.2360135861667,6.15934252898518
"4884",2022-04-01 00:06:55,3,373,100,48.212475045228,5.99411102934843
"4885",2022-04-01 00:07:00,3,373,100,48.9015545852508,5.99902119099401
"4886",2022-04-01 00:07:05,3,373,100,48.4028958088646,6.19851324895359
"4887",2022-04-01 00:07:10,3,373,100,47.5936955682223,5.83700456606696
"4888",2022-04-01 00:07:15,3,373,100,48.0852801750732,6.13491397037201
"4889",2022-04-01 00:07:20,3,373,100,49.0665628091812,6.19851044572473
"4890",2022-04-01 00:07:25,3,373,100,49.9291431493368,5.97947140335366
"4891",2022-04-01 00:07:30,3,373,100,48.6454939613779,6.29685467715738
"4892",2022-04-01 00:07:35,3,373,100,48.3967104803856,6.00011092839045
"4893",2022-04-01 00:07:40,3,373,100,49.1191272939992,6.45907563483928
"4894",2022-04-01 00:07:45,3,373,100,49.5971398539452,6.18132947302626
"4895",2022-04-01 00:07:50,3,373,100,50.209053143284,6.02316353719678
"4896",2022-04-01 00:07:55,3,373,100,49.0722421571436,5.86505675658877
"4897",2022-04-01 00:08:00,3,373,100,47.7928688709171,6.15494551984309
"4898",2022-04-01 00:08:05,3,373,100,49.0995464386297,5.95264737129752
"4899",2022-04-01 00:08:10,3,373,100,48.8565398136137,6.04024991167756
"4900",2022-04-01 00:08:15,3,373,100,48.9113126527757,6.53041501882395
"4901",2022-04-01 00:08:20,3,373,100,48.7772571545024,6.21804112160648
"4902",2022-04-01 00:08:25,3,373,100,49.2881715662739,5.66702831328238
"4903",2022-04-01 00:08:30,3,373,100,49.9641106589041,6.25457268573615
"4904",2022-04-01 00:08:35,3,373,100,48.1193237791348,6.56171953155639
"4905",2022-04-01 00:08:40,3,373,100,48.0210330351682,5.92647916426331
"4906",2022-04-01 00:08:45,3,373,100,48.7679314142033,5.56155077177364
"4907",2022-04-01 00:08:50,3,373,100,48.2190748449245,5.92399560216862
"4908",2022-04-01 00:08:55,3,373,100,49.0425286931029,6.42644849358084
"4909",2022-04-01 00:09:00,3,373,100,47.804643703512,5.65772043408567
"4910",2022-04-01 00:09:05,3,373,100,48.4259856468798,6.30825274739244
"4911",2022-04-01 00:09:10,3,373,100,48.9100009545254,6.08276821270535
"4912",2022-04-01 00:09:15,3,373,100,49.5701214157963,6.01750513278443
"4913",2022-04-01 00:09:20,3,373,100,48.7810442596671,5.60084862169178
"4914",2022-04-01 00:09:25,3,373,100,48.6249781214474,6.20054482625565
"4915",2022-04-01 00:09:30,3,373,100,47.2059130432951,6.4268772319794
"4916",2022-04-01 00:09:35,3,373,100,48.8344219337545,6.37839312687672
"4917",2022-04-01 00:09:40,3,373,100,48.0494968657197,6.21126840020017
"4918",2022-04-01 00:09:45,3,373,100,49.1340592755211,6.19292865930539
"4919",2022-04-01 00:09:50,3,373,100,49.8907305352775,6.53807964387572
"4920",2022-04-01 00:09:55,3,373,100,49.1280496922553,6.12444863117908
"4921",2022-04-01 00:10:00,3,373,100,47.6956378963645,6.09266632388196
"4922",2022-04-01 00:10:05,3,373,100,48.5049052353279,6.64040032036401
"4923",2022-04-01 00:10:10,3,373,100,47.8365324923882,6.0601768330082
"4924",2022-04-01 00:10:15,3,373,100,48.2941112032642,6.24662445659863
"4925",2022-04-01 00:10:20,3,373,100,49.294098605174,6.06539591423388
"4926",2022-04-01 00:10:25,3,373,100,48.4000360079484,6.18208341127108
"4927",2022-04-01 00:10:30,3,373,100,48.89459394578,6.07910640354381
"4928",2022-04-01 00:10:35,3,373,100,47.6238433019776,6.16095321177475
"4929",2022-04-01 00:10:40,3,373,100,48.3751953565465,6.03952385696602
"4930",2022-04-01 00:10:45,3,373,100,49.1795697923736,6.10179517495664
"4931",2022-04-01 00:10:50,3,373,100,47.8269521405157,6.07998928087677
"4932",2022-04-01 00:10:55,3,373,100,48.5403614460058,5.80981510684945
"4933",2022-04-01 00:11:00,3,373,100,48.8575133349711,6.15863537325703
"4934",2022-04-01 00:11:05,3,373,100,49.0268342027637,6.44106699300201
"4935",2022-04-01 00:11:10,3,373,100,48.0993878243877,6.10240653927575
"4936",2022-04-01 00:11:15,3,373,100,47.9406701228054,6.04731265527019
"4937",2022-04-01 00:11:20,3,373,100,47.9745212714694,6.12781493809429
"4938",2022-04-01 00:11:25,3,373,100,48.5237879456241,6.57496543103441
"4939",2022-04-01 00:11:30,3,373,100,48.2941875042893,6.11233218103717
"4940",2022-04-01 00:11:35,3,373,100,48.9900992471973,6.23334143700873
"4941",2022-04-01 00:11:40,3,373,100,49.4790155174462,6.22288484271105
"4942",2022-04-01 00:11:45,3,373,100,50.0360601113406,6.19200596166715
"4943",2022-04-01 00:11:50,3,373,100,49.10369207872,5.99554525702502
"4944",2022-04-01 00:11:55,3,373,100,48.7475336449505,6.16683192259456
"4945",2022-04-01 00:12:00,3,373,100,48.0737134882179,5.77313014668596
"4946",2022-04-01 00:12:05,3,373,100,49.3855029597972,5.96739987897045
"4947",2022-04-01 00:12:10,3,373,100,47.9388349949284,5.85875050395897
"4948",2022-04-01 00:12:15,3,373,100,49.0307040900576,6.01104061949116
"4949",2022-04-01 00:12:20,3,373,100,48.5577354290761,6.28911525141934
"4950",2022-04-01 00:12:25,3,373,100,48.8755286843344,6.03445251560466
"4951",2022-04-01 00:12:30,3,373,100,48.1974109067333,6.44013696070689
"4952",2022-04-01 00:12:35,3,373,100,49.3684433276822,6.08939619144804
"4953",2022-04-01 00:12:40,3,373,100,49.9556176972446,6.26024709604129
"4954",2022-04-01 00:12:45,3,373,100,49.3364920295984,6.25705075607512
"4955",2022-04-01 00:12:50,3,373,100,48.2187911809084,6.39252651631022
"4956",2022-04-01 00:12:55,3,373,100,48.4102846018595,6.12891908187476
"4957",2022-04-01 00:13:00,3,373,100,47.5021712921481,6.22416493098183
"4958",2022-04-01 00:13:05,3,373,100,47.8621263067744,5.92637863912735
"4959",2022-04-01 00:13:10,3,373,100,47.0430421989855,6.60071838501993
"4960",2022-04-01 00:13:15,3,373,100,47.6481034240478,6.4487962116418
"4961",2022-04-01 00:13:20,3,373,100,49.2444398965848,6.59043299799394
"4962",2022-04-01 00:13:25,3,373,100,48.5542992505228,5.65325671065368
"4963",2022-04-01 00:13:30,3,373,100,48.7466631170614,6.35854462382874
"4964",2022-04-01 00:13:35,3,373,100,47.5391407311174,5.6587322844213
"4965",2022-04-01 00:13:40,3,373,100,48.2556969466754,6.13742035437346
"4966",2022-04-01 00:13:45,3,373,100,50.1562221094431,5.82477709308926
"4967",2022-04-01 00:13:50,3,373,100,48.1989776760281,5.80397923427439
"4968",2022-04-01 00:13:55,3,373,100,48.8473968106031,6.14952040743486
"4969",2022-04-01 00:14:00,3,373,100,48.2560378633487,6.16683598684617
"4970",2022-04-01 00:14:05,3,373,100,48.804276034694,6.49287739402239
"4971",2022-04-01 00:14:10,3,373,100,48.8555312767125,6.05044772859517
"4972",2022-04-01 00:14:15,3,373,100,49.8076970648404,6.21479328795779
"4973",2022-04-01 00:14:20,3,373,100,47.7053111017669,6.33258390413791
"4974",2022-04-01 00:14:25,3,373,100,48.2118066758526,5.61954577573262
"4975",2022-04-01 00:14:30,3,373,100,49.4208328744541,6.19638829462541
"4976",2022-04-01 00:14:35,3,373,100,49.068949245816,5.82639540159688
"4977",2022-04-01 00:14:40,3,373,100,48.553510186709,6.51491110961386
"4978",2022-04-01 00:14:45,3,373,100,49.1687990179169,6.11767253293661
"4979",2022-04-01 00:14:50,3,373,100,47.1070938944231,5.98494071830529
"4980",2022-04-01 00:14:55,3,373,100,47.6248168353808,6.53723430201161
"4981",2022-04-01 00:15:00,3,373,100,49.1874155025995,5.95856563061137
"4982",2022-04-01 00:15:05,3,373,100,48.1711705440946,6.6767654309631
"4983",2022-04-01 00:15:10,3,373,100,48.8039546250002,5.99960117486456
"4984",2022-04-01 00:15:15,3,373,100,48.4253553336062,6.05869505761633
"4985",2022-04-01 00:15:20,3,373,100,48.4227281037618,6.37026286148123
"4986",2022-04-01 00:15:25,3,373,100,49.5323358572655,5.86195442317539
"4987",2022-04-01 00:15:30,3,373,100,48.4469475579916,6.33261245816258
"4988",2022-04-01 00:15:35,3,373,100,48.4629878938116,6.46996711456918
"4989",2022-04-01 00:15:40,3,373,100,49.5897983006839,6.51825489247615
"4990",2022-04-01 00:15:45,3,373,100,48.7441985467558,6.52942731136772
"4991",2022-04-01 00:15:50,3,373,100,49.5143239751813,6.08269872999027
"4992",2022-04-01 00:15:55,3,373,100,48.584485758623,5.90426312257932
"4993",2022-04-01 00:16:00,3,373,100,48.2673373342896,6.36322034116852
"4994",2022-04-01 00:16:05,3,373,100,48.8630538472872,6.74549704229714
"4995",2022-04-01 00:16:10,3,373,100,48.6893044250885,6.38724947007495
"4996",2022-04-01 00:16:15,3,373,100,48.3247048590577,6.13681136769868
"4997",2022-04-01 00:16:20,3,373,100,49.1256188553409,6.32025447901652
"4998",2022-04-01 00:16:25,3,373,100,48.8549361417498,6.33451195033347
"4999",2022-04-01 00:16:30,3,373,100,48.3324772154134,5.73243134561142
"5000",2022-04-01 00:16:35,3,373,100,47.9535101555119,6.19984127263245
"5001",2022-04-02 00:00:00,3,373,200,49.0338042221761,5.73267157394396
"5002",2022-04-02 00:00:05,3,373,200,48.9034690877418,5.37394714537866
"5003",2022-04-02 00:00:10,3,373,200,47.8686354764817,5.49431890071244
"5004",2022-04-02 00:00:15,3,373,200,49.1349924780513,5.55694742897936
"5005",2022-04-02 00:00:20,3,373,200,49.7167617156759,5.12901668502727
"5006",2022-04-02 00:00:25,3,373,200,48.7086937136526,5.3898340034112
"5007",2022-04-02 00:00:30,3,373,200,49.5675981441097,5.55858075334112
"5008",2022-04-02 00:00:35,3,373,200,47.9988806374126,5.57976473947466
"5009",2022-04-02 00:00:40,3,373,200,47.5499477216197,5.08528465461959
"5010",2022-04-02 00:00:45,3,373,200,48.1576980992219,5.17594416053547
"5011",2022-04-02 00:00:50,3,373,200,48.1933259553071,5.36878883126865
"5012",2022-04-02 00:00:55,3,373,200,48.8118136546031,5.62496105384235
"5013",2022-04-02 00:01:00,3,373,200,49.1436723394202,6.05428811416631
"5014",2022-04-02 00:01:05,3,373,200,50.1111671340124,6.10106562537494
"5015",2022-04-02 00:01:10,3,373,200,48.9571039235223,5.07314945530681
"5016",2022-04-02 00:01:15,3,373,200,47.582471073235,5.62138147488439
"5017",2022-04-02 00:01:20,3,373,200,48.3726347235163,5.26993246289105
"5018",2022-04-02 00:01:25,3,373,200,50.1151524494636,5.64486762840629
"5019",2022-04-02 00:01:30,3,373,200,48.5540495360474,4.9344046294907
"5020",2022-04-02 00:01:35,3,373,200,48.8867933313974,5.5817609861308
"5021",2022-04-02 00:01:40,3,373,200,49.3042510566098,5.55378103744033
"5022",2022-04-02 00:01:45,3,373,200,48.1896555718682,6.01577073373789
"5023",2022-04-02 00:01:50,3,373,200,49.3696153024433,5.47680649577829
"5024",2022-04-02 00:01:55,3,373,200,48.8225115162547,5.90575681458491
"5025",2022-04-02 00:02:00,3,373,200,48.7116144467628,5.70201625050503
"5026",2022-04-02 00:02:05,3,373,200,48.5352521870307,5.28742098942234
"5027",2022-04-02 00:02:10,3,373,200,49.7613097150935,5.5085412054455
"5028",2022-04-02 00:02:15,3,373,200,48.3009313034776,5.23661840477528
"5029",2022-04-02 00:02:20,3,373,200,49.3492594640489,5.40893375574114
"5030",2022-04-02 00:02:25,3,373,200,50.0324498220972,5.49859848353595
"5031",2022-04-02 00:02:30,3,373,200,48.6666385799139,5.18746382518272
"5032",2022-04-02 00:02:35,3,373,200,49.5589097835861,6.10143019825025
"5033",2022-04-02 00:02:40,3,373,200,51.0076416094198,5.27214015250981
"5034",2022-04-02 00:02:45,3,373,200,47.4595671910745,5.63988009466968
"5035",2022-04-02 00:02:50,3,373,200,50.105062248766,5.59437947417483
"5036",2022-04-02 00:02:55,3,373,200,48.9639760302691,5.40771966191691
"5037",2022-04-02 00:03:00,3,373,200,48.3247025449051,5.18152651145693
"5038",2022-04-02 00:03:05,3,373,200,48.7303749685531,5.33146560237631
"5039",2022-04-02 00:03:10,3,373,200,48.7498860146915,5.56582680371897
"5040",2022-04-02 00:03:15,3,373,200,48.9413725674919,5.85967960621659
"5041",2022-04-02 00:03:20,3,373,200,48.7196458779606,6.1216198738601
"5042",2022-04-02 00:03:25,3,373,200,48.7185625889437,5.23892654047061
"5043",2022-04-02 00:03:30,3,373,200,47.784920601753,5.33227865946927
"5044",2022-04-02 00:03:35,3,373,200,48.4517727238736,5.53874216229437
"5045",2022-04-02 00:03:40,3,373,200,48.5207618974022,5.47513524445249
"5046",2022-04-02 00:03:45,3,373,200,49.6370619547954,6.06182212983558
"5047",2022-04-02 00:03:50,3,373,200,48.3186005738958,5.61174704949703
"5048",2022-04-02 00:03:55,3,373,200,49.659156509863,5.35409311588392
"5049",2022-04-02 00:04:00,3,373,200,48.5638513747253,5.8386699227674
"5050",2022-04-02 00:04:05,3,373,200,49.8973387240289,5.50005584013613
"5051",2022-04-02 00:04:10,3,373,200,49.0488660298768,5.39932827018182
"5052",2022-04-02 00:04:15,3,373,200,48.3228051661272,5.35400504998909
"5053",2022-04-02 00:04:20,3,373,200,47.0767444156425,5.09285123008593
"5054",2022-04-02 00:04:25,3,373,200,47.3924485492849,5.43228618971692
"5055",2022-04-02 00:04:30,3,373,200,47.3922369169951,4.87377135593407
"5056",2022-04-02 00:04:35,3,373,200,49.4676203492047,5.37813101892059
"5057",2022-04-02 00:04:40,3,373,200,48.7220559475404,5.43990463422155
"5058",2022-04-02 00:04:45,3,373,200,48.7430892489662,5.32255433848947
"5059",2022-04-02 00:04:50,3,373,200,48.03103165433,5.74686456897191
"5060",2022-04-02 00:04:55,3,373,200,48.4685967054566,5.34981181766379
"5061",2022-04-02 00:05:00,3,373,200,48.7252898960671,5.09348934137177
"5062",2022-04-02 00:05:05,3,373,200,48.6707506483198,5.5264931429797
"5063",2022-04-02 00:05:10,3,373,200,48.0852802412323,5.87343675941006
"5064",2022-04-02 00:05:15,3,373,200,48.4382472957279,5.19709672003991
"5065",2022-04-02 00:05:20,3,373,200,48.2521147891324,5.04269602814765
"5066",2022-04-02 00:05:25,3,373,200,47.5164998024311,6.10571986516299
"5067",2022-04-02 00:05:30,3,373,200,48.0784111862884,5.3118411616697
"5068",2022-04-02 00:05:35,3,373,200,48.0806851501065,5.60421168959625
"5069",2022-04-02 00:05:40,3,373,200,49.1996016865025,5.01160237246905
"5070",2022-04-02 00:05:45,3,373,200,48.2527982527921,5.55448815616651
"5071",2022-04-02 00:05:50,3,373,200,48.795917462257,5.30564080860717
"5072",2022-04-02 00:05:55,3,373,200,47.9850727476212,5.5716893075922
"5073",2022-04-02 00:06:00,3,373,200,48.2301865911192,5.93886771866943
"5074",2022-04-02 00:06:05,3,373,200,48.8058610899152,5.52771373037974
"5075",2022-04-02 00:06:10,3,373,200,48.283308697645,5.26964404014941
"5076",2022-04-02 00:06:15,3,373,200,48.8995563645469,5.22287207293133
"5077",2022-04-02 00:06:20,3,373,200,48.6541335810455,5.5430408807924
"5078",2022-04-02 00:06:25,3,373,200,49.0559902108583,5.4291360005115
"5079",2022-04-02 00:06:30,3,373,200,47.9269107043471,5.79913159786625
"5080",2022-04-02 00:06:35,3,373,200,49.1361593613497,5.45674299409854
"5081",2022-04-02 00:06:40,3,373,200,48.0546765847917,5.78683026742449
"5082",2022-04-02 00:06:45,3,373,200,49.1738997758624,5.45341453447327
"5083",2022-04-02 00:06:50,3,373,200,47.1850043339035,5.46543741594027
"5084",2022-04-02 00:06:55,3,373,200,48.8702086683067,5.87283552888656
"5085",2022-04-02 00:07:00,3,373,200,47.706503520891,5.6835005719749
"5086",2022-04-02 00:07:05,3,373,200,49.4096176843061,5.38928750033441
"5087",2022-04-02 00:07:10,3,373,200,48.3758780349906,5.19120501856997
"5088",2022-04-02 00:07:15,3,373,200,47.3640157668181,5.68188409667159
"5089",2022-04-02 00:07:20,3,373,200,48.1529398575656,5.42170857927216
"5090",2022-04-02 00:07:25,3,373,200,49.7727699885241,5.49051677158084
"5091",2022-04-02 00:07:30,3,373,200,48.9904971356932,5.36196282620182
"5092",2022-04-02 00:07:35,3,373,200,48.7570344312152,5.98610983884609
"5093",2022-04-02 00:07:40,3,373,200,48.7540108479751,5.50627521774803
"5094",2022-04-02 00:07:45,3,373,200,48.248881541185,5.4616735241213
"5095",2022-04-02 00:07:50,3,373,200,47.8325670713344,5.68564972701107
"5096",2022-04-02 00:07:55,3,373,200,48.6603055346793,5.36492806378621
"5097",2022-04-02 00:08:00,3,373,200,47.893544823427,5.4740062732872
"5098",2022-04-02 00:08:05,3,373,200,48.1943191867607,5.61202197905351
"5099",2022-04-02 00:08:10,3,373,200,48.7630999167922,5.45489393611694
"5100",2022-04-02 00:08:15,3,373,200,49.6145276787075,5.67902663349954
"5101",2022-04-02 00:08:20,3,373,200,49.5485463200693,5.45290220997807
"5102",2022-04-02 00:08:25,3,373,200,47.5506375206153,5.21323342418701
"5103",2022-04-02 00:08:30,3,373,200,47.9734814461662,5.79511001284812
"5104",2022-04-02 00:08:35,3,373,200,49.4340395048698,5.71724131067916
"5105",2022-04-02 00:08:40,3,373,200,49.2307498977757,5.49740905162638
"5106",2022-04-02 00:08:45,3,373,200,48.0343839389492,5.10934016798884
"5107",2022-04-02 00:08:50,3,373,200,49.1502823208197,5.64904746304287
"5108",2022-04-02 00:08:55,3,373,200,48.4381383076986,5.39333448642289
"5109",2022-04-02 00:09:00,3,373,200,48.3064278411641,5.76785312580495
"5110",2022-04-02 00:09:05,3,373,200,48.4048910360516,5.62639430967275
"5111",2022-04-02 00:09:10,3,373,200,49.1649846281837,6.03344850273488
"5112",2022-04-02 00:09:15,3,373,200,48.9187750846541,5.43666729231612
"5113",2022-04-02 00:09:20,3,373,200,49.3267572982135,5.30809691835337
"5114",2022-04-02 00:09:25,3,373,200,48.0151754340164,5.46947803562531
"5115",2022-04-02 00:09:30,3,373,200,48.9236543061776,5.56597460081656
"5116",2022-04-02 00:09:35,3,373,200,48.9080861790921,5.18177423683261
"5117",2022-04-02 00:09:40,3,373,200,49.3428629018379,5.37118539801217
"5118",2022-04-02 00:09:45,3,373,200,49.6434018506027,5.54106998530971
"5119",2022-04-02 00:09:50,3,373,200,49.840727514306,5.50368714436085
"5120",2022-04-02 00:09:55,3,373,200,49.5755077478115,5.3025383782187
"5121",2022-04-02 00:10:00,3,373,200,47.7203309396293,5.98475463854994
"5122",2022-04-02 00:10:05,3,373,200,48.182295122145,5.66104001403883
"5123",2022-04-02 00:10:10,3,373,200,48.3477200664774,6.13941681570628
"5124",2022-04-02 00:10:15,3,373,200,47.4077759047933,5.2341862247921
"5125",2022-04-02 00:10:20,3,373,200,48.2355143197656,5.49479802501939
"5126",2022-04-02 00:10:25,3,373,200,47.9150758858344,5.50073355947581
"5127",2022-04-02 00:10:30,3,373,200,47.7163549655634,5.22617317998475
"5128",2022-04-02 00:10:35,3,373,200,49.2979958488129,5.82024360522944
"5129",2022-04-02 00:10:40,3,373,200,48.0803385521418,5.52801769176624
"5130",2022-04-02 00:10:45,3,373,200,47.5369509915768,5.62905943462898
"5131",2022-04-02 00:10:50,3,373,200,48.5686703970868,5.45459028952636
"5132",2022-04-02 00:10:55,3,373,200,48.804026656141,5.10221974921491
"5133",2022-04-02 00:11:00,3,373,200,48.5441379402987,5.60217505760295
"5134",2022-04-02 00:11:05,3,373,200,48.710861460743,5.14835343265967
"5135",2022-04-02 00:11:10,3,373,200,47.6883506660974,5.39916654517655
"5136",2022-04-02 00:11:15,3,373,200,47.3512914832906,5.33008152217843
"5137",2022-04-02 00:11:20,3,373,200,49.2547948365531,5.42777630984327
"5138",2022-04-02 00:11:25,3,373,200,49.6585272300261,5.18291269738952
"5139",2022-04-02 00:11:30,3,373,200,49.4895843430273,5.63323604829372
"5140",2022-04-02 00:11:35,3,373,200,47.8114392729641,5.17264983371483
"5141",2022-04-02 00:11:40,3,373,200,48.8635854269213,5.25922939969477
"5142",2022-04-02 00:11:45,3,373,200,48.2701209601955,5.68143757891472
"5143",2022-04-02 00:11:50,3,373,200,47.2616144773249,5.05328640284801
"5144",2022-04-02 00:11:55,3,373,200,48.5027445999978,5.43532442745402
"5145",2022-04-02 00:12:00,3,373,200,48.5964434269956,4.98053043056217
"5146",2022-04-02 00:12:05,3,373,200,49.2427861691494,5.27986960827192
"5147",2022-04-02 00:12:10,3,373,200,47.5922446886951,5.64554028315487
"5148",2022-04-02 00:12:15,3,373,200,48.8577384011952,5.49133546219421
"5149",2022-04-02 00:12:20,3,373,200,49.5229205685947,5.52536295816215
"5150",2022-04-02 00:12:25,3,373,200,47.9563120847244,6.28355149462567
"5151",2022-04-02 00:12:30,3,373,200,49.2353007555474,5.83016118101056
"5152",2022-04-02 00:12:35,3,373,200,48.5376410808508,5.90896850430995
"5153",2022-04-02 00:12:40,3,373,200,48.8429854071752,5.71878639741689
"5154",2022-04-02 00:12:45,3,373,200,48.2080425779368,5.41205097532333
"5155",2022-04-02 00:12:50,3,373,200,47.7554920898034,5.12059966395775
"5156",2022-04-02 00:12:55,3,373,200,48.7311847540115,5.64067334885506
"5157",2022-04-02 00:13:00,3,373,200,48.2543043805695,5.25757801390816
"5158",2022-04-02 00:13:05,3,373,200,47.705089920153,5.37564008170807
"5159",2022-04-02 00:13:10,3,373,200,50.1245069530768,5.67336062625068
"5160",2022-04-02 00:13:15,3,373,200,47.7894537416072,5.8414430972695
"5161",2022-04-02 00:13:20,3,373,200,48.1765515518824,5.38927113944572
"5162",2022-04-02 00:13:25,3,373,200,49.0080924451664,5.75288464819246
"5163",2022-04-02 00:13:30,3,373,200,48.0357624355462,6.01263296847825
"5164",2022-04-02 00:13:35,3,373,200,47.355973896563,5.13882119115552
"5165",2022-04-02 00:13:40,3,373,200,48.5477321547977,5.9449536081102
"5166",2022-04-02 00:13:45,3,373,200,47.3056681779545,5.09314789193013
"5167",2022-04-02 00:13:50,3,373,200,47.6722789885401,5.39997623169745
"5168",2022-04-02 00:13:55,3,373,200,48.8646498391873,5.10075231627846
"5169",2022-04-02 00:14:00,3,373,200,49.3734399133358,5.90912997210558
"5170",2022-04-02 00:14:05,3,373,200,47.8426263407607,5.64514126320319
"5171",2022-04-02 00:14:10,3,373,200,48.7433864535206,5.85143572037688
"5172",2022-04-02 00:14:15,3,373,200,48.6911924288135,5.48278010073646
"5173",2022-04-02 00:14:20,3,373,200,48.3242429036398,5.04632066418393
"5174",2022-04-02 00:14:25,3,373,200,48.4997116601591,5.37501613022576
"5175",2022-04-02 00:14:30,3,373,200,48.5802132810983,5.63194277782933
"5176",2022-04-02 00:14:35,3,373,200,48.8659951481074,5.42791392991443
"5177",2022-04-02 00:14:40,3,373,200,48.8854315830916,5.6300292000459
"5178",2022-04-02 00:14:45,3,373,200,48.5524569181341,5.28695515128852
"5179",2022-04-02 00:14:50,3,373,200,48.680872903034,5.13254538790795
"5180",2022-04-02 00:14:55,3,373,200,48.0713277620867,5.32930287814019
"5181",2022-04-02 00:15:00,3,373,200,47.6828279227069,5.49704003904883
"5182",2022-04-02 00:15:05,3,373,200,47.9726065021055,5.3905699086533
"5183",2022-04-02 00:15:10,3,373,200,49.4060846524521,5.51345538542814
"5184",2022-04-02 00:15:15,3,373,200,47.839340916868,5.2168296395513
"5185",2022-04-02 00:15:20,3,373,200,49.2707051706007,5.73529822705489
"5186",2022-04-02 00:15:25,3,373,200,49.6377802396692,5.25761130103717
"5187",2022-04-02 00:15:30,3,373,200,49.3870626519714,5.55033471403024
"5188",2022-04-02 00:15:35,3,373,200,49.8074551709681,5.62162017964781
"5189",2022-04-02 00:15:40,3,373,200,48.3275643294145,5.7686516172625
"5190",2022-04-02 00:15:45,3,373,200,48.7742068529202,5.38835298961358
"5191",2022-04-02 00:15:50,3,373,200,48.7340663015638,5.69026061065465
"5192",2022-04-02 00:15:55,3,373,200,50.2679926466078,5.30702221212689
"5193",2022-04-02 00:16:00,3,373,200,48.9723369411356,5.3290529990602
"5194",2022-04-02 00:16:05,3,373,200,48.7371295226815,5.39419026866061
"5195",2022-04-02 00:16:10,3,373,200,49.7863697039408,5.64518060177225
"5196",2022-04-02 00:16:15,3,373,200,48.8257598017837,5.48718366975052
"5197",2022-04-02 00:16:20,3,373,200,50.0210996914792,5.53935840623494
"5198",2022-04-02 00:16:25,3,373,200,49.1680537431665,5.14531336584492
"5199",2022-04-02 00:16:30,3,373,200,47.4014062415181,5.51811452641505
"5200",2022-04-02 00:16:35,3,373,200,50.6711512675193,5.60787348759608
"5201",2022-04-03 00:00:00,3,373,300,49.9284059643733,5.08471103967916
"5202",2022-04-03 00:00:05,3,373,300,49.3780491693714,4.87797318701201
"5203",2022-04-03 00:00:10,3,373,300,47.4170046800512,4.37505693820769
"5204",2022-04-03 00:00:15,3,373,300,49.2814436500911,4.68076144961552
"5205",2022-04-03 00:00:20,3,373,300,48.6703628864459,5.01992381576061
"5206",2022-04-03 00:00:25,3,373,300,48.0756488061833,4.12368354463334
"5207",2022-04-03 00:00:30,3,373,300,49.7283434281796,4.97911109331459
"5208",2022-04-03 00:00:35,3,373,300,48.8686177396044,4.78092272100437
"5209",2022-04-03 00:00:40,3,373,300,47.7786893878362,5.06483518733277
"5210",2022-04-03 00:00:45,3,373,300,49.2732726056769,4.79580193575373
"5211",2022-04-03 00:00:50,3,373,300,49.6039143279297,5.06925317782769
"5212",2022-04-03 00:00:55,3,373,300,47.09816145402,4.44979482325474
"5213",2022-04-03 00:01:00,3,373,300,47.5275500615625,4.97795264909245
"5214",2022-04-03 00:01:05,3,373,300,48.7059422635074,4.86681204732168
"5215",2022-04-03 00:01:10,3,373,300,48.4928233352177,4.71245045192257
"5216",2022-04-03 00:01:15,3,373,300,48.9674014612634,4.59759224715606
"5217",2022-04-03 00:01:20,3,373,300,49.1651771959854,4.94368743665389
"5218",2022-04-03 00:01:25,3,373,300,48.2055051183341,4.48619256066414
"5219",2022-04-03 00:01:30,3,373,300,48.4130282184583,5.02474761618777
"5220",2022-04-03 00:01:35,3,373,300,47.4301286506146,4.92593262935797
"5221",2022-04-03 00:01:40,3,373,300,49.7591942328843,4.75341187038102
"5222",2022-04-03 00:01:45,3,373,300,48.0703581059288,5.00278733254953
"5223",2022-04-03 00:01:50,3,373,300,48.4318242970586,4.4884753442651
"5224",2022-04-03 00:01:55,3,373,300,49.5245218692571,5.19274698958098
"5225",2022-04-03 00:02:00,3,373,300,48.8345862179353,4.84535885587709
"5226",2022-04-03 00:02:05,3,373,300,48.642626302001,4.45257487200295
"5227",2022-04-03 00:02:10,3,373,300,48.2820708599905,4.56361069945428
"5228",2022-04-03 00:02:15,3,373,300,48.971511695071,5.39656080094916
"5229",2022-04-03 00:02:20,3,373,300,48.0834877078297,4.99127448579296
"5230",2022-04-03 00:02:25,3,373,300,48.9502532416304,4.53265619760035
"5231",2022-04-03 00:02:30,3,373,300,47.8065937287191,4.93182198060776
"5232",2022-04-03 00:02:35,3,373,300,48.0546129465868,4.9688509056021
"5233",2022-04-03 00:02:40,3,373,300,48.9446517089021,5.41493831121855
"5234",2022-04-03 00:02:45,3,373,300,48.9617236603253,4.76388072383498
"5235",2022-04-03 00:02:50,3,373,300,49.0088415470484,4.67378848768084
"5236",2022-04-03 00:02:55,3,373,300,49.6762924401066,4.78300569904498
"5237",2022-04-03 00:03:00,3,373,300,48.7153655133011,5.38976550797649
"5238",2022-04-03 00:03:05,3,373,300,48.4095729851773,5.17918852438667
"5239",2022-04-03 00:03:10,3,373,300,49.0051135102245,4.99244687204281
"5240",2022-04-03 00:03:15,3,373,300,47.8787064875173,5.11119435242896
"5241",2022-04-03 00:03:20,3,373,300,47.90209426923,4.85558691027009
"5242",2022-04-03 00:03:25,3,373,300,50.1656342508345,4.87971556966878
"5243",2022-04-03 00:03:30,3,373,300,48.3003848554591,4.24586657416267
"5244",2022-04-03 00:03:35,3,373,300,48.0329131690788,4.49126113255752
"5245",2022-04-03 00:03:40,3,373,300,48.4894060491922,5.00746901174417
"5246",2022-04-03 00:03:45,3,373,300,48.8960053814339,4.63357060088086
"5247",2022-04-03 00:03:50,3,373,300,49.4286795150578,5.01240467697307
"5248",2022-04-03 00:03:55,3,373,300,49.1382372762515,5.28516860389528
"5249",2022-04-03 00:04:00,3,373,300,48.4553073914124,4.74691960108268
"5250",2022-04-03 00:04:05,3,373,300,49.0778157520118,4.92387385290234
"5251",2022-04-03 00:04:10,3,373,300,49.6648581040496,4.75220277354856
"5252",2022-04-03 00:04:15,3,373,300,50.3075576383163,4.92837861144892
"5253",2022-04-03 00:04:20,3,373,300,50.6223711209035,4.84964294446487
"5254",2022-04-03 00:04:25,3,373,300,48.8554942341628,4.92694515744373
"5255",2022-04-03 00:04:30,3,373,300,48.7850674597269,5.06818446288071
"5256",2022-04-03 00:04:35,3,373,300,49.6739943176727,4.36185650961563
"5257",2022-04-03 00:04:40,3,373,300,49.3354863661189,4.97329213274576
"5258",2022-04-03 00:04:45,3,373,300,48.2802469622922,4.74276765268154
"5259",2022-04-03 00:04:50,3,373,300,49.8935855919087,4.80839260496158
"5260",2022-04-03 00:04:55,3,373,300,48.8625515204126,5.08640500684252
"5261",2022-04-03 00:05:00,3,373,300,48.1973892690973,5.4434752913759
"5262",2022-04-03 00:05:05,3,373,300,49.9026987183593,4.37923172049073
"5263",2022-04-03 00:05:10,3,373,300,48.569494032941,4.99444713144939
"5264",2022-04-03 00:05:15,3,373,300,50.0346050301278,5.02294656398664
"5265",2022-04-03 00:05:20,3,373,300,48.5589528869997,4.56675159144168
"5266",2022-04-03 00:05:25,3,373,300,48.8694540834116,5.21724830457348
"5267",2022-04-03 00:05:30,3,373,300,49.4344885421523,4.56082601207104
"5268",2022-04-03 00:05:35,3,373,300,48.476211531434,4.8926033080836
"5269",2022-04-03 00:05:40,3,373,300,48.5706103097747,5.3174628935931
"5270",2022-04-03 00:05:45,3,373,300,48.3511928352332,4.95789730652168
"5271",2022-04-03 00:05:50,3,373,300,48.736839875772,4.77831052372433
"5272",2022-04-03 00:05:55,3,373,300,48.3883633738888,4.25703025361624
"5273",2022-04-03 00:06:00,3,373,300,47.8974981716481,4.56291782418821
"5274",2022-04-03 00:06:05,3,373,300,49.2302021804115,4.96088971143574
"5275",2022-04-03 00:06:10,3,373,300,49.4288514949274,4.90895113973268
"5276",2022-04-03 00:06:15,3,373,300,49.2678781928373,4.65890146693987
"5277",2022-04-03 00:06:20,3,373,300,48.9612713678804,4.76895263918598
"5278",2022-04-03 00:06:25,3,373,300,48.0425516737825,4.97489723457927
"5279",2022-04-03 00:06:30,3,373,300,49.2014677196753,4.6426523465188
"5280",2022-04-03 00:06:35,3,373,300,48.6976753972403,4.61387449772238
"5281",2022-04-03 00:06:40,3,373,300,46.9005030325987,4.15536614405244
"5282",2022-04-03 00:06:45,3,373,300,47.9124673695484,4.52127844061342
"5283",2022-04-03 00:06:50,3,373,300,48.8653692370408,4.89676402463248
"5284",2022-04-03 00:06:55,3,373,300,47.4442702522256,4.91829201585184
"5285",2022-04-03 00:07:00,3,373,300,48.1904898024339,4.6144465606374
"5286",2022-04-03 00:07:05,3,373,300,49.5781665616655,4.85346758592088
"5287",2022-04-03 00:07:10,3,373,300,49.440657547937,4.74283445835375
"5288",2022-04-03 00:07:15,3,373,300,48.3893792262582,4.71303188849389
"5289",2022-04-03 00:07:20,3,373,300,48.5937916530463,4.8311870197781
"5290",2022-04-03 00:07:25,3,373,300,49.8505603563707,5.24131852777726
"5291",2022-04-03 00:07:30,3,373,300,49.3582816590129,5.15288601388097
"5292",2022-04-03 00:07:35,3,373,300,49.3684397931773,4.73700393237793
"5293",2022-04-03 00:07:40,3,373,300,48.9865157098964,4.43695998161709
"5294",2022-04-03 00:07:45,3,373,300,48.5277108137023,4.37616975128476
"5295",2022-04-03 00:07:50,3,373,300,48.2568216306111,5.17848458555772
"5296",2022-04-03 00:07:55,3,373,300,49.580042795767,5.08025308485656
"5297",2022-04-03 00:08:00,3,373,300,48.2004169640518,4.71576413307929
"5298",2022-04-03 00:08:05,3,373,300,49.2357592886311,5.07174525939854
"5299",2022-04-03 00:08:10,3,373,300,48.5648537536058,4.34503041395245
"5300",2022-04-03 00:08:15,3,373,300,48.0422418836488,4.90910551562357
"5301",2022-04-03 00:08:20,3,373,300,48.9016832525217,4.92495363190989
"5302",2022-04-03 00:08:25,3,373,300,49.2609497643779,4.64254938566139
"5303",2022-04-03 00:08:30,3,373,300,48.77557550976,5.01420153130304
"5304",2022-04-03 00:08:35,3,373,300,48.7704721274545,4.98440145022707
"5305",2022-04-03 00:08:40,3,373,300,48.1445763687225,4.55048545361214
"5306",2022-04-03 00:08:45,3,373,300,49.0068878019057,4.19195315141704
"5307",2022-04-03 00:08:50,3,373,300,50.0711707391553,4.73264537048931
"5308",2022-04-03 00:08:55,3,373,300,47.6215244848287,4.87098497766243
"5309",2022-04-03 00:09:00,3,373,300,49.2471228070129,4.82423639955304
"5310",2022-04-03 00:09:05,3,373,300,49.7392553554491,4.66343302120613
"5311",2022-04-03 00:09:10,3,373,300,48.5618351194851,4.70484798548595
"5312",2022-04-03 00:09:15,3,373,300,49.5745199230147,4.78010487263059
"5313",2022-04-03 00:09:20,3,373,300,49.4312685697057,5.20732263695909
"5314",2022-04-03 00:09:25,3,373,300,48.8297917790714,4.82560721249485
"5315",2022-04-03 00:09:30,3,373,300,49.850022969394,5.05544005105867
"5316",2022-04-03 00:09:35,3,373,300,48.6805213452164,4.71167288688985
"5317",2022-04-03 00:09:40,3,373,300,48.2488107714163,4.78244880023075
"5318",2022-04-03 00:09:45,3,373,300,49.5148427199526,4.71175772447415
"5319",2022-04-03 00:09:50,3,373,300,47.6369213030828,5.10096649112468
"5320",2022-04-03 00:09:55,3,373,300,49.0087992631345,4.7320338657255
"5321",2022-04-03 00:10:00,3,373,300,47.0999060805436,4.68904725186916
"5322",2022-04-03 00:10:05,3,373,300,48.1218252258654,5.13318772533666
"5323",2022-04-03 00:10:10,3,373,300,47.4918728958599,4.92178771555364
"5324",2022-04-03 00:10:15,3,373,300,47.0525275532573,4.54322384953473
"5325",2022-04-03 00:10:20,3,373,300,48.3355071050113,4.6703437030765
"5326",2022-04-03 00:10:25,3,373,300,46.4962813880322,5.11217696565795
"5327",2022-04-03 00:10:30,3,373,300,49.1673637934149,5.41628628472561
"5328",2022-04-03 00:10:35,3,373,300,49.4838655773011,4.71139971983913
"5329",2022-04-03 00:10:40,3,373,300,49.6524199165669,4.31654170667105
"5330",2022-04-03 00:10:45,3,373,300,49.0985296954817,4.63602917240919
"5331",2022-04-03 00:10:50,3,373,300,49.014833125523,4.96556978867129
"5332",2022-04-03 00:10:55,3,373,300,48.0970882847108,4.88907602860403
"5333",2022-04-03 00:11:00,3,373,300,47.8285793124698,4.68595116622913
"5334",2022-04-03 00:11:05,3,373,300,49.5318903605503,4.91696714998502
"5335",2022-04-03 00:11:10,3,373,300,48.5243433414864,5.33293063787688
"5336",2022-04-03 00:11:15,3,373,300,48.8119901359769,4.66847217920941
"5337",2022-04-03 00:11:20,3,373,300,48.9733813872308,5.01359807483518
"5338",2022-04-03 00:11:25,3,373,300,48.1465614549644,5.20109435165618
"5339",2022-04-03 00:11:30,3,373,300,48.1004435246168,5.3153516439258
"5340",2022-04-03 00:11:35,3,373,300,48.9191994981796,4.9040077787621
"5341",2022-04-03 00:11:40,3,373,300,47.7903497256171,4.65902641292611
"5342",2022-04-03 00:11:45,3,373,300,49.0763093532442,4.94225795398342
"5343",2022-04-03 00:11:50,3,373,300,48.2353316055133,5.22417094580424
"5344",2022-04-03 00:11:55,3,373,300,48.7596461781152,4.88564514878452
"5345",2022-04-03 00:12:00,3,373,300,49.2401472742172,4.60133969003293
"5346",2022-04-03 00:12:05,3,373,300,49.0114289525633,4.78136926375473
"5347",2022-04-03 00:12:10,3,373,300,49.0377101173227,4.81505242603114
"5348",2022-04-03 00:12:15,3,373,300,47.988795549933,5.05981590607788
"5349",2022-04-03 00:12:20,3,373,300,49.523349873146,5.13629469782267
"5350",2022-04-03 00:12:25,3,373,300,48.7765163254667,4.81415292067309
"5351",2022-04-03 00:12:30,3,373,300,48.3153993475182,4.92766175750978
"5352",2022-04-03 00:12:35,3,373,300,49.0239223199389,4.59292468087454
"5353",2022-04-03 00:12:40,3,373,300,50.1000790037058,4.32178828640589
"5354",2022-04-03 00:12:45,3,373,300,49.3145798516914,5.10438777524619
"5355",2022-04-03 00:12:50,3,373,300,48.4586435443689,5.17615759840336
"5356",2022-04-03 00:12:55,3,373,300,47.7985553057246,5.02224654123822
"5357",2022-04-03 00:13:00,3,373,300,48.7219248633361,4.96111592284513
"5358",2022-04-03 00:13:05,3,373,300,48.0293107866195,4.30683333035185
"5359",2022-04-03 00:13:10,3,373,300,48.3602796563046,5.18418166182217
"5360",2022-04-03 00:13:15,3,373,300,48.1360254128034,4.88796386277735
"5361",2022-04-03 00:13:20,3,373,300,47.9933720759699,5.19013023821032
"5362",2022-04-03 00:13:25,3,373,300,48.6505050035684,4.79345624619343
"5363",2022-04-03 00:13:30,3,373,300,49.3813876673939,5.01467383050136
"5364",2022-04-03 00:13:35,3,373,300,48.2302759409581,4.84569295761345
"5365",2022-04-03 00:13:40,3,373,300,49.7253388030701,4.45341864790711
"5366",2022-04-03 00:13:45,3,373,300,49.4145287216866,4.50735651403378
"5367",2022-04-03 00:13:50,3,373,300,47.9951533138549,4.73979633698393
"5368",2022-04-03 00:13:55,3,373,300,48.5611154225039,4.78721093833297
"5369",2022-04-03 00:14:00,3,373,300,48.8477893660617,4.78262876277101
"5370",2022-04-03 00:14:05,3,373,300,47.3564940432785,4.62104284428084
"5371",2022-04-03 00:14:10,3,373,300,49.0511840144484,5.16718479791388
"5372",2022-04-03 00:14:15,3,373,300,48.3225499186622,4.3403652878368
"5373",2022-04-03 00:14:20,3,373,300,49.5462697406115,4.94925294645163
"5374",2022-04-03 00:14:25,3,373,300,48.7556683162719,4.82096872299779
"5375",2022-04-03 00:14:30,3,373,300,49.035622881718,4.46934898501082
"5376",2022-04-03 00:14:35,3,373,300,48.0660021825505,4.83040949994294
"5377",2022-04-03 00:14:40,3,373,300,48.0133301446444,5.21471318935467
"5378",2022-04-03 00:14:45,3,373,300,48.1287797162038,4.68637266968126
"5379",2022-04-03 00:14:50,3,373,300,48.5288452537225,4.67526125070396
"5380",2022-04-03 00:14:55,3,373,300,48.4319926042964,5.38839984802143
"5381",2022-04-03 00:15:00,3,373,300,48.3914936878322,4.76857451204467
"5382",2022-04-03 00:15:05,3,373,300,49.5665602746308,4.52792550453617
"5383",2022-04-03 00:15:10,3,373,300,48.8327891274166,5.20517094208731
"5384",2022-04-03 00:15:15,3,373,300,49.009635209198,4.71487956646909
"5385",2022-04-03 00:15:20,3,373,300,48.5035488018592,4.94628055217224
"5386",2022-04-03 00:15:25,3,373,300,48.6782055755287,4.99311588031571
"5387",2022-04-03 00:15:30,3,373,300,47.9919297511135,4.47718188476116
"5388",2022-04-03 00:15:35,3,373,300,49.4025355037258,4.99501842624452
"5389",2022-04-03 00:15:40,3,373,300,48.3079413132318,5.10449345383086
"5390",2022-04-03 00:15:45,3,373,300,48.2112884632126,5.26125763402266
"5391",2022-04-03 00:15:50,3,373,300,48.7909992016183,4.65853828696091
"5392",2022-04-03 00:15:55,3,373,300,49.0093823707229,4.88087655501146
"5393",2022-04-03 00:16:00,3,373,300,49.2904583880318,4.82707024338184
"5394",2022-04-03 00:16:05,3,373,300,49.3357627756614,5.27433063529989
"5395",2022-04-03 00:16:10,3,373,300,49.1721618311653,4.55771957453792
"5396",2022-04-03 00:16:15,3,373,300,50.8719989718921,4.85417552489163
"5397",2022-04-03 00:16:20,3,373,300,50.1051342152917,4.5076258543203
"5398",2022-04-03 00:16:25,3,373,300,47.265723672053,4.72069978722518
"5399",2022-04-03 00:16:30,3,373,300,48.0541120837142,4.86699252480759
"5400",2022-04-03 00:16:35,3,373,300,48.120253665581,4.72675055635427
